DATE,USTRADE,USMINE,USCONS,USEHS,MANEMP,USPBS,USGOVT
1939-01-01,3107.8,882,1139,1381,9077,1943,3988
1939-02-01,3121.8,884,1162,1384,9175,1950,4001
1939-03-01,3139.7,883,1225,1387,9275,1958,4002
1939-04-01,3154.8,624,1249,1389,9309,1957,4002
1939-05-01,3151.7,737,1262,1399,9299,1968,4006
1939-06-01,3152.9,868,1264,1406,9315,1980,4003
1939-07-01,3165.8,852,1221,1411,9231,1985,4019
1939-08-01,3165.9,859,1236,1412,9400,1990,4046
1939-09-01,3185.0,885,1203,1424,9604,2010,4076
1939-10-01,3186.1,925,1186,1415,9873,2021,4089
1939-11-01,3192.0,939,1172,1421,9896,2027,4109
1939-12-01,3178.1,930,1142,1428,9949,2033,4134
1940-01-01,3233.5,925,1121,1433,9927,2039,4150
1940-02-01,3250.8,929,1178,1440,9916,2047,4150
1940-03-01,3336.7,926,1214,1447,9884,2051,4151
1940-04-01,3279.1,920,1276,1455,9817,2055,4152
1940-05-01,3303.7,930,1298,1460,9810,2061,4172
1940-06-01,3324.9,918,1290,1465,9832,2066,4218
1940-07-01,3318.9,920,1272,1469,9766,2070,4261
1940-08-01,3331.5,923,1286,1478,10048,2087,4282
1940-09-01,3366.1,928,1379,1487,10258,2104,4312
1940-10-01,3370.1,932,1506,1496,10471,2123,4353
1940-11-01,3379.8,936,1627,1501,10643,2137,4396
1940-12-01,3411.1,939,1777,1507,10847,2155,4415
1941-01-01,3408.6,945,1833,1516,10993,2171,4468
1941-02-01,3436.5,951,1820,1526,11211,2189,4504
1941-03-01,3458.1,961,1739,1536,11409,2207,4535
1941-04-01,3570.6,681,1772,1551,11698,2232,4585
1941-05-01,3519.9,979,1784,1558,11957,2259,4642
1941-06-01,3560.1,990,1791,1563,12204,2277,4701
1941-07-01,3593.6,1001,1881,1575,12382,2301,4750
1941-08-01,3624.1,1013,1918,1583,12532,2317,4821
1941-09-01,3632.5,1020,1939,1587,12683,2326,4891
1941-10-01,3615.1,1022,1935,1594,12770,2336,4907
1941-11-01,3615.3,1021,1915,1601,12810,2344,4949
1941-12-01,3606.7,1024,1903,1606,12876,2351,4971
1942-01-01,3592.6,1029,1914,1611,12965,2362,5089
1942-02-01,3579.5,1021,1900,1608,13127,2365,5146
1942-03-01,3566.7,1014,2042,1615,13311,2377,5257
1942-04-01,3542.0,1022,2170,1623,13509,2394,5357
1942-05-01,3535.8,1025,2271,1626,13704,2403,5431
1942-06-01,3503.1,1019,2380,1632,13842,2413,5510
1942-07-01,3490.9,1018,2494,1640,14072,2429,5591
1942-08-01,3494.6,1011,2478,1644,14339,2442,5814
1942-09-01,3493.5,1002,2433,1647,14582,2454,5866
1942-10-01,3508.8,994,2352,1649,14772,2463,5956
1942-11-01,3498.8,989,2260,1645,14971,2470,6026
1942-12-01,3479.8,984,2136,1645,15288,2482,6072
1943-01-01,3473.4,974,2064,1649,15532,2498,6132
1943-02-01,3466.2,978,2022,1653,15685,2509,6223
1943-03-01,3465.7,973,1954,1655,15856,2515,6257
1943-04-01,3505.9,968,1854,1655,15961,2519,6267
1943-05-01,3474.8,958,1737,1656,16044,2521,6281
1943-06-01,3495.3,957,1639,1658,16204,2528,6324
1943-07-01,3490.1,954,1516,1658,16306,2531,6257
1943-08-01,3481.6,947,1433,1658,16369,2532,6151
1943-09-01,3478.9,950,1357,1663,16366,2537,6167
1943-10-01,3492.7,950,1334,1666,16512,2546,6170
1943-11-01,3508.5,943,1320,1671,16598,2558,6179
1943-12-01,3448.8,950,1316,1674,16526,2557,6271
1944-01-01,3507.3,947,1323,1661,16439,2552,6162
1944-02-01,3507.2,948,1300,1668,16330,2556,6129
1944-03-01,3508.4,942,1237,1670,16170,2549,6113
1944-04-01,3498.1,940,1172,1667,16012,2540,6112
1944-05-01,3505.4,938,1149,1666,15944,2536,6121
1944-06-01,3508.5,934,1123,1671,15890,2535,6147
1944-07-01,3528.4,925,1103,1668,15832,2529,6190
1944-08-01,3533.3,922,1081,1669,15781,2527,6204
1944-09-01,3529.8,914,1036,1667,15662,2523,6216
1944-10-01,3540.8,906,1085,1665,15630,2519,6223
1944-11-01,3544.6,901,1095,1667,15568,2524,6263
1944-12-01,3496.1,894,1113,1668,15659,2525,6375
1945-01-01,3572.8,893,1143,1659,15669,2527,6254
1945-02-01,3582.3,892,1191,1667,15581,2533,6239
1945-03-01,3612.9,890,1179,1666,15473,2528,6216
1945-04-01,3522.1,855,1148,1666,15335,2519,6185
1945-05-01,3575.6,820,1138,1666,15201,2512,6159
1945-06-01,3581.8,878,1133,1681,14948,2512,6181
1945-07-01,3600.9,868,1144,1692,14599,2512,6185
1945-08-01,3613.9,863,1159,1706,14201,2506,6135
1945-09-01,3665.2,857,1143,1711,12486,2447,5942
1945-10-01,3696.2,795,1231,1733,12487,2466,5854
1945-11-01,3742.5,871,1291,1753,12537,2498,5830
1945-12-01,3722.3,880,1336,1773,12528,2514,5811
1946-01-01,3880.6,891,1421,1797,12719,2560,5785
1946-02-01,3946.1,885,1501,1819,11922,2550,5778
1946-03-01,3995.1,891,1581,1839,12545,2596,5758
1946-04-01,4066.2,600,1639,1857,13200,2635,5761
1946-05-01,4080.3,807,1679,1869,13389,2650,5732
1946-06-01,4110.7,911,1697,1880,13598,2670,5680
1946-07-01,4145.3,929,1761,1886,13771,2691,5682
1946-08-01,4202.8,939,1808,1904,13981,2717,5681
1946-09-01,4209.7,941,1836,1932,14135,2747,5669
1946-10-01,4223.4,945,1875,1933,14182,2756,5664
1946-11-01,4282.0,946,1901,1945,14310,2778,5639
1946-12-01,4265.6,932,1931,1956,14301,2779,5628
1947-01-01,4282.1,958,1927,1976,14328,2805,5619
1947-02-01,4296.0,962,1960,1986,14278,2813,5606
1947-03-01,4326.2,965,1972,1992,14259,2817,5588
1947-04-01,4334.8,946,1992,1997,14240,2814,5558
1947-05-01,4368.6,972,2015,2005,14189,2823,5551
1947-06-01,4391.0,977,2076,2013,14200,2834,5524
1947-07-01,4410.6,953,2077,2020,14076,2839,5524
1947-08-01,4416.4,985,2095,2024,14200,2847,5519
1947-09-01,4440.2,989,2094,2030,14315,2859,5539
1947-10-01,4469.7,997,2109,2039,14393,2870,5566
1947-11-01,4478.7,1002,2101,2044,14414,2877,5585
1947-12-01,4481.8,1005,2130,2049,14428,2882,5605
1948-01-01,4490.5,1008,2179,2047,14438,2885,5624
1948-02-01,4489.4,1003,2105,2051,14339,2885,5615
1948-03-01,4503.4,1017,2163,2058,14364,2894,5623
1948-04-01,4469.8,917,2202,2069,14183,2891,5643
1948-05-01,4512.0,1028,2245,2074,14235,2904,5681
1948-06-01,4530.0,1035,2280,2082,14318,2912,5736
1948-07-01,4543.9,1006,2284,2084,14359,2920,5774
1948-08-01,4545.2,1033,2269,2088,14353,2920,5791
1948-09-01,4544.7,1036,2264,2090,14441,2923,5805
1948-10-01,4544.5,1030,2263,2087,14390,2917,5829
1948-11-01,4547.2,1027,2280,2088,14292,2915,5869
1948-12-01,4552.6,1025,2306,2096,14086,2914,5888
1949-01-01,4535.0,1011,2292,2080,13867,2892,5894
1949-02-01,4536.2,1010,2275,2088,13734,2888,5893
1949-03-01,4525.6,1003,2264,2083,13581,2876,5915
1949-04-01,4586.8,1003,2243,2092,13439,2882,5948
1949-05-01,4531.8,991,2232,2097,13269,2877,5962
1949-06-01,4516.8,976,2197,2095,13178,2865,5956
1949-07-01,4500.5,953,2202,2098,13067,2860,5962
1949-08-01,4496.1,961,2208,2098,13158,2858,5985
1949-09-01,4519.2,955,2223,2104,13225,2864,5990
1949-10-01,4498.4,630,2218,2106,12891,2832,5970
1949-11-01,4485.1,929,2229,2109,12882,2847,5950
1949-12-01,4509.8,948,2207,2113,13062,2863,5952
1950-01-01,4496.5,878,2216,2105,13161,2861,5934
1950-02-01,4497.6,638,2228,2114,13169,2856,5926
1950-03-01,4512.6,951,2241,2113,13290,2876,6078
1950-04-01,4531.8,954,2293,2127,13471,2904,6094
1950-05-01,4546.5,955,2345,2135,13780,2916,6043
1950-06-01,4571.9,957,2408,2143,13923,2938,6022
1950-07-01,4595.1,938,2454,2150,14072,2954,6090
1950-08-01,4639.7,965,2491,2159,14461,2982,6187
1950-09-01,4639.8,967,2512,2161,14561,2990,6228
1950-10-01,4640.5,966,2546,2166,14737,3000,6249
1950-11-01,4643.7,962,2564,2171,14762,3007,6262
1950-12-01,4651.9,959,2542,2178,14782,3017,6314
1951-01-01,4696.6,959,2609,2187,14950,3037,6352
1951-02-01,4722.4,962,2628,2195,15076,3049,6382
1951-03-01,4799.2,959,2670,2204,15125,3065,6410
1951-04-01,4676.4,948,2696,2208,15166,3070,6451
1951-05-01,4756.0,954,2711,2212,15164,3073,6417
1951-06-01,4767.0,958,2692,2219,15176,3077,6499
1951-07-01,4771.5,945,2692,2226,15110,3082,6538
1951-08-01,4775.9,959,2689,2235,15061,3087,6519
1951-09-01,4774.4,952,2674,2233,14996,3082,6552
1951-10-01,4774.3,958,2699,2238,14973,3085,6577
1951-11-01,4794.3,958,2660,2244,14999,3095,6626
1951-12-01,4799.2,957,2696,2248,15045,3101,6688
1952-01-01,4805.0,958,2694,2257,15067,3113,6589
1952-02-01,4812.7,954,2754,2267,15105,3123,6650
1952-03-01,4804.7,957,2691,2266,15127,3125,6662
1952-04-01,4842.8,956,2688,2270,15162,3129,6662
1952-05-01,4849.5,954,2687,2277,15143,3134,6694
1952-06-01,4863.6,874,2717,2277,14828,3118,6712
1952-07-01,4881.7,848,2713,2280,14707,3112,6737
1952-08-01,4896.1,931,2718,2286,15279,3147,6718
1952-09-01,4922.7,930,2723,2289,15553,3160,6734
1952-10-01,4946.7,927,2695,2292,15690,3172,6816
1952-11-01,4964.5,923,2707,2297,15843,3184,6801
1952-12-01,4979.9,923,2714,2306,15973,3199,6935
1953-01-01,4981.6,926,2728,2300,16067,3199,6794
1953-02-01,4998.8,919,2764,2309,16158,3211,6797
1953-03-01,5017.4,911,2728,2316,16270,3220,6784
1953-04-01,4958.1,908,2707,2322,16293,3228,6770
1953-05-01,5019.9,905,2684,2327,16341,3235,6717
1953-06-01,5025.9,903,2663,2335,16343,3240,6734
1953-07-01,5025.1,900,2657,2339,16353,3245,6723
1953-08-01,5029.2,899,2657,2344,16278,3246,6754
1953-09-01,5024.1,895,2680,2355,16151,3246,6749
1953-10-01,5040.4,890,2707,2354,15981,3240,6764
1953-11-01,5025.4,886,2701,2356,15728,3230,6749
1953-12-01,5010.1,879,2713,2357,15581,3223,6743
1954-01-01,5010.5,872,2651,2354,15440,3212,6760
1954-02-01,5006.7,864,2709,2358,15307,3207,6783
1954-03-01,4973.1,848,2703,2360,15197,3198,6796
1954-04-01,5022.0,836,2701,2366,15065,3202,6806
1954-05-01,4993.1,822,2680,2372,14974,3201,6829
1954-06-01,4984.5,821,2669,2380,14910,3203,6846
1954-07-01,4993.4,817,2664,2393,14799,3208,6868
1954-08-01,4993.5,813,2666,2397,14772,3211,6892
1954-09-01,4990.8,795,2661,2411,14805,3221,6894
1954-10-01,4991.7,803,2677,2404,14841,3219,6900
1954-11-01,5002.2,805,2720,2409,14913,3228,6964
1954-12-01,5027.2,805,2736,2417,14967,3238,6957
1955-01-01,5040.2,806,2769,2428,15034,3250,6953
1955-02-01,5049.7,809,2779,2435,15138,3262,6923
1955-03-01,5082.2,817,2835,2444,15258,3277,6938
1955-04-01,5099.3,821,2871,2458,15375,3293,6959
1955-05-01,5123.4,827,2903,2467,15493,3310,6991
1955-06-01,5150.5,830,2916,2478,15585,3328,7020
1955-07-01,5176.5,830,2932,2496,15614,3347,7049
1955-08-01,5193.2,831,2922,2509,15679,3361,7023
1955-09-01,5226.2,838,2921,2525,15668,3375,7067
1955-10-01,5228.3,841,2901,2541,15740,3393,7118
1955-11-01,5250.5,843,2898,2554,15813,3409,7083
1955-12-01,5289.2,846,2903,2563,15859,3420,7132
1956-01-01,5302.3,850,2933,2572,15882,3432,7167
1956-02-01,5316.7,856,2986,2583,15889,3442,7212
1956-03-01,5375.7,863,2999,2591,15829,3451,7252
1956-04-01,5279.6,869,3033,2592,15909,3455,7276
1956-05-01,5324.2,859,3073,2591,15893,3455,7367
1956-06-01,5326.2,868,3202,2592,15835,3455,7367
1956-07-01,5304.3,805,3117,2578,15468,3423,7405
1956-08-01,5305.4,869,3160,2579,15893,3445,7451
1956-09-01,5293.5,868,3129,2595,15863,3454,7481
1956-10-01,5316.8,868,3113,2607,15937,3469,7519
1956-11-01,5321.2,865,3105,2617,15916,3476,7553
1956-12-01,5321.9,863,3106,2625,15957,3484,7584
1957-01-01,5306.2,867,2996,2639,15970,3496,7620
1957-02-01,5322.9,870,3065,2652,15998,3509,7646
1957-03-01,5327.9,869,3073,2656,15994,3514,7672
1957-04-01,5337.2,869,3048,2662,15970,3520,7701
1957-05-01,5331.2,868,3035,2675,15931,3527,7713
1957-06-01,5331.6,869,3035,2680,15873,3527,7702
1957-07-01,5345.4,870,3011,2686,15854,3530,7754
1957-08-01,5344.2,875,2986,2685,15867,3533,7757
1957-09-01,5346.9,864,2971,2696,15710,3533,7749
1957-10-01,5326.7,857,2965,2695,15599,3526,7768
1957-11-01,5325.6,849,2945,2696,15466,3516,7769
1957-12-01,5299.9,844,2935,2690,15332,3502,7846
1958-01-01,5304.2,847,2925,2681,15130,3484,7821
1958-02-01,5270.4,829,2792,2676,14908,3465,7832
1958-03-01,5261.4,812,2853,2676,14670,3452,7848
1958-04-01,5203.6,791,2823,2676,14506,3441,7868
1958-05-01,5234.5,779,2815,2678,14414,3438,7894
1958-06-01,5236.0,780,2796,2681,14408,3439,7926
1958-07-01,5243.2,781,2807,2689,14450,3445,7972
1958-08-01,5255.8,790,2833,2698,14524,3457,8012
1958-09-01,5280.2,799,2874,2708,14658,3471,8016
1958-10-01,5291.2,798,2917,2720,14503,3479,8031
1958-11-01,5306.0,801,2982,2724,14827,3495,8028
1958-12-01,5329.7,805,2910,2741,14877,3508,8100
1959-01-01,5350.3,805,2993,2765,14998,3540,8105
1959-02-01,5381.3,795,2980,2778,15115,3556,8116
1959-03-01,5431.6,797,3013,2789,15259,3573,8132
1959-04-01,5395.4,799,3085,2804,15385,3594,8142
1959-05-01,5456.3,804,3087,2814,15487,3611,8153
1959-06-01,5467.8,808,3100,2822,15554,3620,8143
1959-07-01,5471.4,819,3087,2824,15623,3623,8173
1959-08-01,5489.0,762,3085,2827,15202,3609,8181
1959-09-01,5484.4,747,3051,2842,15254,3622,8239
1959-10-01,5494.3,751,3016,2854,15158,3626,8265
1959-11-01,5503.7,783,3025,2865,15300,3642,8284
1959-12-01,5527.9,794,3058,2880,15573,3668,8368
1960-01-01,5554.1,783,3021,2893,15687,3685,8307
1960-02-01,5578.0,787,3053,2907,15765,3701,8326
1960-03-01,5573.0,785,2881,2907,15707,3695,8525
1960-04-01,5671.2,788,3004,2919,15654,3712,8534
1960-05-01,5596.8,778,3021,2928,15575,3713,8432
1960-06-01,5594.8,775,2999,2938,15466,3715,8432
1960-07-01,5597.3,755,3002,2947,15413,3718,8442
1960-08-01,5592.3,772,2973,2949,15360,3718,8472
1960-09-01,5591.1,768,2959,2948,15330,3717,8494
1960-10-01,5596.8,765,2956,2960,15231,3720,8502
1960-11-01,5575.0,751,2936,2968,15112,3717,8516
1960-12-01,5564.1,739,2862,2972,14947,3710,8597
1961-01-01,5565.5,736,2909,2980,14863,3714,8564
1961-02-01,5535.4,729,2888,2985,14801,3712,8587
1961-03-01,5577.6,726,2910,2995,14802,3720,8611
1961-04-01,5515.0,724,2883,2999,14825,3723,8629
1961-05-01,5535.2,725,2866,3003,14932,3732,8664
1961-06-01,5551.4,730,2907,3016,14981,3746,8688
1961-07-01,5564.1,728,2883,3029,15029,3760,8724
1961-08-01,5565.1,730,2902,3043,15093,3775,8764
1961-09-01,5563.2,732,2918,3059,15080,3790,8796
1961-10-01,5572.4,727,2935,3069,15143,3799,8805
1961-11-01,5596.3,727,2941,3082,15259,3814,8812
1961-12-01,5603.7,721,2951,3097,15309,3828,8836
1962-01-01,5604.1,722,2892,3108,15322,3838,8851
1962-02-01,5627.9,723,2975,3121,15411,3854,8878
1962-03-01,5643.6,717,2941,3132,15451,3864,8901
1962-04-01,5683.3,716,3018,3146,15524,3880,8922
1962-05-01,5667.1,715,3025,3161,15513,3893,8958
1962-06-01,5671.4,708,2960,3173,15518,3902,9000
1962-07-01,5676.1,701,3025,3183,15522,3908,9026
1962-08-01,5684.4,707,3027,3194,15517,3918,9063
1962-09-01,5699.9,704,3033,3202,15568,3931,9089
1962-10-01,5701.5,701,3031,3209,15569,3939,9114
1962-11-01,5713.6,695,3035,3215,15530,3937,9145
1962-12-01,5715.7,691,3008,3223,15520,3944,9126
1963-01-01,5725.6,691,3021,3228,15545,3943,9204
1963-02-01,5733.6,689,2997,3234,15542,3956,9231
1963-03-01,5752.7,690,2979,3249,15564,3968,9245
1963-04-01,5785.1,695,3046,3259,15602,3980,9264
1963-05-01,5753.1,697,3061,3266,15641,3988,9288
1963-06-01,5763.0,687,3060,3280,15624,4000,9302
1963-07-01,5770.7,689,3088,3289,15646,4009,9334
1963-08-01,5789.8,694,3099,3303,15644,4020,9368
1963-09-01,5805.9,699,3110,3315,15674,4036,9417
1963-10-01,5824.0,699,3104,3337,15714,4058,9479
1963-11-01,5834.2,698,3083,3342,15675,4056,9484
1963-12-01,5851.1,699,3082,3352,15712,4064,9497
1964-01-01,5880.0,695,2996,3371,15715,4084,9562
1964-02-01,5906.3,696,3132,3384,15742,4098,9581
1964-03-01,5955.8,692,3125,3388,15770,4102,9611
1964-04-01,5873.1,695,3113,3406,15785,4118,9644
1964-05-01,5928.9,693,3125,3421,15812,4133,9670
1964-06-01,5960.7,696,3147,3433,15839,4144,9669
1964-07-01,5987.7,696,3157,3450,15887,4162,9677
1964-08-01,6012.1,696,3166,3457,15948,4174,9732
1964-09-01,6023.6,699,3171,3477,16073,4197,9786
1964-10-01,6045.6,702,3200,3484,15821,4197,9845
1964-11-01,6065.6,704,3226,3490,16096,4211,9879
1964-12-01,6095.2,702,3233,3499,16176,4222,9897
1965-01-01,6124.0,697,3231,3511,16245,4233,9937
1965-02-01,6154.2,700,3225,3524,16291,4250,9974
1965-03-01,6163.9,698,3241,3536,16353,4264,10010
1965-04-01,6217.7,699,3200,3554,16418,4284,10051
1965-05-01,6238.9,698,3269,3569,16477,4299,10094
1965-06-01,6259.3,689,3279,3579,16554,4313,10128
1965-07-01,6278.9,693,3249,3599,16669,4334,10201
1965-08-01,6292.0,691,3303,3608,16732,4347,10271
1965-09-01,6317.0,686,3320,3622,16802,4365,10338
1965-10-01,6338.8,691,3340,3633,16864,4380,10378
1965-11-01,6363.5,694,3365,3646,16962,4394,10436
1965-12-01,6407.9,694,3406,3665,17051,4416,10499
1966-01-01,6417.9,692,3379,3679,17143,4433,10541
1966-02-01,6427.2,691,3336,3695,17288,4450,10611
1966-03-01,6455.3,694,3421,3711,17400,4470,10692
1966-04-01,6472.5,657,3394,3726,17517,4490,10759
1966-05-01,6507.9,690,3360,3742,17625,4508,10821
1966-06-01,6539.2,691,3422,3763,17733,4532,10902
1966-07-01,6559.3,692,3420,3781,17760,4547,10974
1966-08-01,6576.7,696,3394,3797,17882,4564,11006
1966-09-01,6582.6,695,3367,3809,17886,4580,11063
1966-10-01,6597.3,695,3340,3828,17956,4601,11127
1966-11-01,6602.8,693,3314,3845,17981,4618,11203
1966-12-01,6631.4,692,3318,3863,17998,4634,11256
1967-01-01,6630.5,695,3329,3883,18033,4655,11315
1967-02-01,6628.5,692,3317,3899,17978,4666,11353
1967-03-01,6667.2,689,3290,3919,17940,4681,11397
1967-04-01,6616.8,687,3277,3939,17878,4693,11435
1967-05-01,6677.7,685,3262,3957,17832,4709,11474
1967-06-01,6697.9,685,3264,3975,17812,4726,11534
1967-07-01,6719.0,685,3303,3997,17784,4745,11544
1967-08-01,6729.0,670,3312,4015,17905,4764,11590
1967-09-01,6761.2,667,3314,4036,17794,4777,11623
1967-10-01,6766.7,666,3313,4046,17800,4788,11642
1967-11-01,6805.9,667,3344,4074,17985,4824,11695
1967-12-01,6851.3,667,3345,4090,18025,4839,11735
1968-01-01,6809.8,666,3211,4100,18040,4845,11794
1968-02-01,6858.3,666,3397,4120,18054,4866,11819
1968-03-01,6875.6,664,3388,4126,18067,4873,11842
1968-04-01,6921.4,675,3401,4136,18131,4887,11878
1968-05-01,6936.7,675,3390,4154,18190,4895,11905
1968-06-01,6957.9,673,3363,4179,18228,4924,11987
1968-07-01,6987.0,678,3386,4196,18265,4944,12018
1968-08-01,7025.5,679,3417,4216,18254,4962,12042
1968-09-01,7052.6,681,3457,4221,18252,4965,12067
1968-10-01,7084.2,636,3490,4253,18293,5001,12101
1968-11-01,7105.3,680,3486,4283,18346,5032,12107
1968-12-01,7133.7,681,3526,4305,18410,5053,12145
1969-01-01,7154.0,678,3534,4326,18432,5073,12209
1969-02-01,7175.2,678,3575,4348,18502,5092,12224
1969-03-01,7202.4,676,3579,4373,18558,5118,12229
1969-04-01,7224.1,671,3590,4391,18554,5139,12245
1969-05-01,7267.8,676,3635,4408,18588,5154,12284
1969-06-01,7303.3,677,3664,4422,18640,5174,12359
1969-07-01,7321.4,684,3664,4441,18642,5192,12340
1969-08-01,7344.7,690,3654,4458,18767,5211,12373
1969-09-01,7350.7,692,3676,4463,18620,5207,12379
1969-10-01,7387.9,691,3672,4493,18613,5242,12430
1969-11-01,7408.9,690,3683,4500,18467,5245,12448
1969-12-01,7426.6,692,3707,4517,18485,5258,12477
1970-01-01,7427.2,687,3615,4531,18424,5271,12496
1970-02-01,7443.3,683,3703,4552,18361,5283,12518
1970-03-01,7467.0,681,3697,4556,18360,5287,12603
1970-04-01,7448.9,676,3669,4567,18207,5289,12705
1970-05-01,7454.9,673,3634,4579,18029,5289,12668
1970-06-01,7455.4,675,3636,4574,17930,5286,12667
1970-07-01,7464.6,673,3645,4567,17877,5284,12697
1970-08-01,7462.2,677,3649,4559,17779,5272,12711
1970-09-01,7480.9,678,3618,4593,17692,5289,12741
1970-10-01,7497.7,678,3626,4610,17173,5294,12793
1970-11-01,7468.7,678,3643,4619,17024,5295,12830
1970-12-01,7516.0,676,3688,4623,17309,5303,12845
1971-01-01,7558.8,671,3643,4632,17280,5313,12878
1971-02-01,7556.1,665,3633,4632,17216,5309,12877
1971-03-01,7571.2,663,3674,4642,17154,5315,12908
1971-04-01,7602.5,668,3735,4647,17149,5322,12945
1971-05-01,7625.0,670,3750,4658,17225,5334,12970
1971-06-01,7641.5,670,3759,4671,17139,5346,13008
1971-07-01,7671.0,652,3786,4677,17126,5351,13011
1971-08-01,7698.6,669,3786,4672,17115,5344,13041
1971-09-01,7722.8,676,3820,4695,17154,5364,13068
1971-10-01,7730.0,611,3867,4706,17126,5376,13115
1971-11-01,7731.5,615,3903,4722,17166,5393,13148
1971-12-01,7789.2,672,3867,4736,17202,5409,13190
1972-01-01,7895.1,670,3912,4749,17283,5426,13266
1972-02-01,7925.9,666,3888,4764,17361,5441,13298
1972-03-01,7949.7,668,3921,4781,17447,5462,13329
1972-04-01,7975.6,660,3931,4806,17508,5485,13358
1972-05-01,7992.4,663,3957,4833,17602,5511,13416
1972-06-01,8022.2,672,3969,4884,17641,5561,13405
1972-07-01,8035.5,667,3939,4879,17556,5551,13482
1972-08-01,8069.4,676,3983,4900,17741,5578,13530
1972-09-01,8076.8,682,4000,4894,17774,5574,13575
1972-10-01,8127.0,682,4038,4930,17893,5619,13606
1972-11-01,8172.5,681,4002,4952,18005,5646,13643
1972-12-01,8226.9,677,3937,4975,18158,5668,13684
1973-01-01,8258.0,675,4004,5003,18276,5697,13690
1973-02-01,8283.5,679,4071,5025,18410,5723,13711
1973-03-01,8309.6,680,4089,5042,18493,5744,13745
1973-04-01,8326.3,680,4106,5052,18530,5755,13777
1973-05-01,8353.9,681,4137,5060,18564,5765,13817
1973-06-01,8373.5,686,4193,5069,18606,5777,13872
1973-07-01,8370.8,692,4232,5058,18598,5768,13865
1973-08-01,8384.6,697,4233,5104,18629,5811,13904
1973-09-01,8404.0,702,4237,5139,18609,5837,13892
1973-10-01,8446.1,707,4232,5158,18702,5866,13977
1973-11-01,8484.3,714,4232,5189,18773,5897,14035
1973-12-01,8477.1,720,4239,5201,18820,5904,14070
1974-01-01,8466.2,725,4196,5217,18788,5920,14090
1974-02-01,8463.7,732,4259,5242,18727,5940,14135
1974-03-01,8473.0,732,4255,5259,18700,5952,14152
1974-04-01,8501.2,743,4225,5262,18702,5954,14191
1974-05-01,8533.5,749,4198,5304,18688,5990,14221
1974-06-01,8543.1,755,4146,5323,18690,6007,14239
1974-07-01,8571.7,761,4045,5349,18656,6023,14288
1974-08-01,8568.0,767,4059,5356,18570,6029,14328
1974-09-01,8593.8,773,4009,5365,18492,6028,14422
1974-10-01,8627.8,782,3972,5387,18364,6049,14484
1974-11-01,8589.3,785,3911,5394,18077,6039,14532
1974-12-01,8527.7,750,3860,5401,17693,6020,14559
1975-01-01,8518.9,789,3841,5404,17344,6006,14624
1975-02-01,8528.5,790,3718,5421,17004,6002,14747
1975-03-01,8526.7,793,3628,5430,16853,5999,14754
1975-04-01,8492.9,785,3565,5435,16759,5994,14795
1975-05-01,8538.5,799,3552,5468,16746,6022,14827
1975-06-01,8582.9,802,3526,5458,16690,6011,14784
1975-07-01,8615.3,802,3501,5515,16678,6055,14861
1975-08-01,8655.7,805,3547,5546,16824,6091,14870
1975-09-01,8657.9,807,3573,5540,16904,6088,14824
1975-10-01,8687.8,813,3587,5562,16984,6120,14900
1975-11-01,8701.3,813,3604,5578,17025,6130,14903
1975-12-01,8744.5,821,3641,5602,17140,6152,14946
1976-01-01,8808.6,824,3688,5635,17287,6191,14969
1976-02-01,8871.8,822,3687,5657,17384,6217,14981
1976-03-01,8884.4,825,3685,5687,17470,6246,14987
1976-04-01,8937.2,825,3684,5709,17541,6267,14985
1976-05-01,8959.9,826,3649,5730,17513,6286,14971
1976-06-01,8955.9,829,3632,5751,17521,6304,14963
1976-07-01,8983.1,837,3627,5780,17524,6327,14993
1976-08-01,9017.0,810,3632,5789,17596,6340,15007
1976-09-01,9039.2,843,3634,5801,17665,6355,14971
1976-10-01,9049.3,844,3645,5819,17548,6373,15028
1976-11-01,9059.4,847,3678,5843,17682,6395,15073
1976-12-01,9079.3,854,3688,5868,17719,6419,15075
1977-01-01,9133.8,857,3660,5892,17803,6447,15056
1977-02-01,9163.5,860,3775,5914,17843,6470,15056
1977-03-01,9221.3,872,3859,5941,17941,6500,15050
1977-04-01,9257.3,879,3904,5965,18024,6526,15075
1977-05-01,9302.6,882,3930,5992,18107,6556,15132
1977-06-01,9347.5,892,3962,6023,18192,6587,15207
1977-07-01,9376.6,866,3981,6060,18259,6621,15299
1977-08-01,9416.7,853,3995,6094,18276,6653,15328
1977-09-01,9462.8,887,4023,6139,18334,6697,15403
1977-10-01,9503.2,889,4034,6171,18356,6732,15463
1977-11-01,9557.9,894,4058,6204,18419,6761,15515
1977-12-01,9611.8,753,4087,6229,18531,6787,15538
1978-01-01,9644.5,752,4029,6228,18593,6794,15611
1978-02-01,9673.8,756,4058,6266,18639,6830,15671
1978-03-01,9716.6,772,4178,6308,18699,6873,15731
1978-04-01,9769.8,928,4308,6353,18772,6921,15797
1978-05-01,9830.1,932,4302,6387,18848,6957,15834
1978-06-01,9889.6,940,4379,6421,18919,6993,15852
1978-07-01,9930.5,946,4403,6455,18951,7022,15901
1978-08-01,9954.8,948,4420,6498,19006,7062,15891
1978-09-01,9983.0,952,4424,6514,19068,7083,15819
1978-10-01,10024.1,959,4447,6525,19142,7105,15858
1978-11-01,10069.7,968,4453,6567,19257,7147,15894
1978-12-01,10094.7,974,4450,6597,19334,7178,15911
1979-01-01,10124.5,979,4373,6603,19388,7191,15937
1979-02-01,10146.9,986,4389,6645,19409,7228,15947
1979-03-01,10176.2,993,4552,6683,19453,7265,15956
1979-04-01,10183.4,992,4516,6702,19450,7271,15977
1979-05-01,10178.4,997,4565,6738,19509,7313,15990
1979-06-01,10169.7,1004,4604,6770,19553,7346,16045
1979-07-01,10136.3,1011,4621,6784,19531,7360,16150
1979-08-01,10141.3,1019,4634,6812,19406,7378,16229
1979-09-01,10174.7,1021,4625,6830,19442,7395,16128
1979-10-01,10229.6,1028,4620,6858,19390,7421,16136
1979-11-01,10270.0,1031,4617,6879,19299,7436,16173
1979-12-01,10271.9,1039,4630,6908,19301,7459,16180
1980-01-01,10273.9,1042,4625,6942,19282,7488,16201
1980-02-01,10297.9,1050,4605,6975,19219,7512,16226
1980-03-01,10303.5,1053,4548,7002,19217,7536,16296
1980-04-01,10240.4,1061,4473,7020,18973,7533,16583
1980-05-01,10224.1,1074,4434,7034,18726,7534,16454
1980-06-01,10209.8,1083,4395,7048,18490,7534,16441
1980-07-01,10199.6,1071,4351,7077,18276,7548,16418
1980-08-01,10218.6,1069,4377,7104,18414,7576,16410
1980-09-01,10231.3,1085,4401,7134,18445,7605,16330
1980-10-01,10238.5,1095,4411,7159,18506,7629,16386
1980-11-01,10257.4,1113,4409,7194,18601,7660,16391
1980-12-01,10277.1,1127,4415,7227,18640,7691,16373
1981-01-01,10294.6,1139,4374,7254,18639,7714,16360
1981-02-01,10325.0,1148,4357,7273,18613,7730,16346
1981-03-01,10335.3,1160,4396,7285,18647,7744,16292
1981-04-01,10372.3,1026,4414,7313,18711,7768,16260
1981-05-01,10386.2,1039,4343,7331,18766,7785,16198
1981-06-01,10397.5,1190,4311,7352,18789,7806,16159
1981-07-01,10405.6,1218,4299,7371,18785,7824,16175
1981-08-01,10412.7,1232,4278,7393,18748,7841,16110
1981-09-01,10407.0,1244,4254,7417,18712,7857,16031
1981-10-01,10393.7,1247,4238,7446,18566,7873,16069
1981-11-01,10358.0,1257,4209,7459,18409,7876,16078
1981-12-01,10332.2,1256,4177,7471,18223,7876,16073
1982-01-01,10329.8,1246,4069,7490,18047,7880,16041
1982-02-01,10351.1,1249,4131,7497,17981,7884,16011
1982-03-01,10356.7,1249,4108,7502,17857,7884,16024
1982-04-01,10363.6,1230,4083,7501,17683,7870,16010
1982-05-01,10391.7,1204,4092,7513,17588,7880,16003
1982-06-01,10397.6,1183,4030,7519,17430,7875,16016
1982-07-01,10405.8,1155,4001,7530,17278,7876,15890
1982-08-01,10405.0,1131,3977,7536,17160,7872,15930
1982-09-01,10391.0,1110,3962,7537,17074,7867,15923
1982-10-01,10379.0,1086,3940,7545,16853,7861,15956
1982-11-01,10363.3,1067,3947,7565,16722,7870,15977
1982-12-01,10371.4,1050,3948,7576,16690,7877,15981
1983-01-01,10430.7,1031,4021,7594,16705,7890,16023
1983-02-01,10439.8,1006,3964,7601,16706,7893,16004
1983-03-01,10478.3,996,3942,7648,16711,7934,16005
1983-04-01,10509.0,987,3948,7689,16794,7972,15990
1983-05-01,10541.3,984,3960,7715,16885,8001,16005
1983-06-01,10590.3,983,4006,7766,16960,8044,16020
1983-07-01,10660.5,989,4055,7810,17059,8088,16011
1983-08-01,10693.2,989,4100,7847,17118,8119,16016
1983-09-01,10760.6,988,4138,7883,17255,8167,16042
1983-10-01,10803.2,1001,4178,7906,17367,8190,15986
1983-11-01,10853.2,1002,4217,7933,17479,8219,15997
1983-12-01,10903.1,1004,4248,7973,17551,8259,16008
1984-01-01,10980.8,1007,4305,8001,17630,8293,16010
1984-02-01,11024.8,1008,4410,8046,17728,8337,16025
1984-03-01,11061.5,1010,4393,8080,17806,8371,16030
1984-04-01,11105.5,1010,4423,8121,17872,8410,16075
1984-05-01,11128.5,1017,4456,8162,17916,8447,16103
1984-06-01,11186.8,1023,4507,8200,17967,8483,16127
1984-07-01,11242.5,1024,4534,8226,18013,8507,16172
1984-08-01,11271.4,1027,4547,8254,18034,8533,16224
1984-09-01,11324.1,1022,4576,8303,18019,8581,16255
1984-10-01,11390.8,1012,4590,8343,18024,8615,16274
1984-11-01,11502.7,1006,4617,8380,18016,8649,16311
1984-12-01,11499.2,998,4652,8413,18023,8678,16282
1985-01-01,11521.9,995,4668,8464,18009,8722,16336
1985-02-01,11548.3,993,4662,8499,17966,8751,16349
1985-03-01,11631.6,992,4730,8544,17939,8792,16395
1985-04-01,11668.9,994,4764,8574,17886,8815,16430
1985-05-01,11725.8,990,4787,8620,17855,8854,16474
1985-06-01,11758.5,984,4789,8652,17819,8880,16498
1985-07-01,11770.5,974,4799,8686,17776,8897,16620
1985-08-01,11808.6,967,4823,8748,17756,8944,16619
1985-09-01,11822.2,958,4852,8778,17718,8983,16638
1985-10-01,11836.7,953,4868,8819,17708,9017,16654
1985-11-01,11864.5,944,4879,8864,17697,9055,16674
1985-12-01,11890.1,938,4887,8894,17693,9083,16694
1986-01-01,11899.3,936,4908,8912,17686,9099,16715
1986-02-01,11906.5,918,4904,8936,17663,9123,16759
1986-03-01,11964.0,890,4914,8965,17624,9143,16755
1986-04-01,11994.3,861,4950,9002,17616,9174,16765
1986-05-01,12039.7,832,4924,9032,17593,9198,16790
1986-06-01,12055.5,816,4917,9061,17530,9218,16779
1986-07-01,12106.9,808,4930,9111,17497,9247,16779
1986-08-01,12154.4,793,4943,9160,17489,9276,16800
1986-09-01,12197.8,779,4939,9164,17498,9305,16910
1986-10-01,12212.0,777,4954,9202,17477,9335,16969
1986-11-01,12226.6,772,4960,9232,17472,9366,17005
1986-12-01,12235.9,766,4993,9268,17478,9399,17021
1987-01-01,12225.2,760,5007,9312,17465,9439,17045
1987-02-01,12256.7,759,5038,9338,17499,9473,17036
1987-03-01,12308.2,761,5039,9383,17507,9507,17064
1987-04-01,12356.7,764,5053,9431,17525,9549,17109
1987-05-01,12375.6,768,5080,9484,17542,9592,17112
1987-06-01,12413.9,767,5086,9520,17537,9618,17124
1987-07-01,12452.5,770,5092,9602,17593,9662,17160
1987-08-01,12462.6,774,5102,9670,17630,9700,17172
1987-09-01,12493.0,779,5096,9643,17691,9724,17135
1987-10-01,12559.2,784,5142,9686,17729,9763,17269
1987-11-01,12582.8,784,5152,9711,17775,9795,17299
1987-12-01,12590.9,783,5180,9752,17809,9838,17347
1988-01-01,12581.6,784,5094,9793,17790,9884,17365
1988-02-01,12676.4,784,5162,9838,17823,9942,17389
1988-03-01,12707.5,779,5201,9883,17844,9973,17447
1988-04-01,12739.2,779,5227,9938,17874,10008,17452
1988-05-01,12779.9,776,5228,9996,17892,10048,17481
1988-06-01,12829.3,774,5261,10095,17916,10103,17515
1988-07-01,12868.8,770,5270,10181,17926,10146,17494
1988-08-01,12899.0,767,5268,10263,17891,10178,17544
1988-09-01,12913.2,758,5270,10242,17914,10220,17634
1988-10-01,12907.4,759,5262,10273,17966,10255,17670
1988-11-01,12914.2,754,5273,10310,18003,10313,17746
1988-12-01,12928.1,752,5277,10359,18025,10370,17736
1989-01-01,12964.8,751,5289,10383,18057,10410,17774
1989-02-01,13006.3,747,5278,10411,18055,10466,17812
1989-03-01,13083.2,749,5260,10468,18060,10498,17822
1989-04-01,13096.5,750,5295,10536,18055,10525,17840
1989-05-01,13132.6,750,5299,10590,18040,10556,17876
1989-06-01,13158.6,741,5298,10706,18013,10573,17912
1989-07-01,13163.2,730,5317,10764,17980,10595,17905
1989-08-01,13190.1,754,5330,10834,17964,10613,17989
1989-09-01,13176.5,755,5323,10786,17922,10647,18027
1989-10-01,13143.3,755,5347,10766,17895,10658,18033
1989-11-01,13141.8,759,5364,10792,17886,10724,18057
1989-12-01,13070.7,759,5309,10814,17881,10764,18075
1990-01-01,13260.2,763,5422,10778,17797,10821,18151
1990-02-01,13227.7,762,5416,10818,17893,10886,18177
1990-03-01,13230.1,763,5392,10866,17868,10920,18294
1990-04-01,13240.0,766,5355,10893,17845,10919,18377
1990-05-01,13215.6,770,5321,10956,17797,10909,18599
1990-06-01,13199.0,770,5303,11018,17776,10922,18556
1990-07-01,13195.0,768,5274,11054,17704,10927,18560
1990-08-01,13161.2,765,5234,11099,17649,10909,18457
1990-09-01,13147.4,765,5197,11137,17609,10895,18437
1990-10-01,13136.4,762,5134,11177,17577,10850,18443
1990-11-01,13121.9,760,5095,11220,17428,10831,18450
1990-12-01,13093.6,761,5047,11271,17395,10799,18468
1991-01-01,13075.2,759,4972,11343,17330,10812,18474
1991-02-01,12998.7,760,4929,11375,17211,10766,18482
1991-03-01,12967.8,758,4881,11425,17140,10727,18488
1991-04-01,12908.2,752,4842,11464,17093,10714,18485
1991-05-01,12884.4,748,4800,11492,17070,10694,18498
1991-06-01,12880.9,745,4782,11538,17044,10712,18561
1991-07-01,12872.8,740,4752,11573,17015,10711,18598
1991-08-01,12873.5,735,4733,11616,17025,10735,18567
1991-09-01,12856.3,728,4728,11658,17010,10771,18543
1991-10-01,12837.1,721,4698,11700,16999,10777,18593
1991-11-01,12821.3,715,4640,11727,16961,10773,18627
1991-12-01,12824.9,711,4647,11764,16916,10791,18641
1992-01-01,12818.9,707,4667,11803,16839,10808,18688
1992-02-01,12824.2,701,4612,11825,16829,10825,18689
1992-03-01,12824.4,701,4621,11841,16805,10858,18715
1992-04-01,12843.3,698,4603,11869,16831,10902,18739
1992-05-01,12841.8,695,4605,11883,16835,10960,18753
1992-06-01,12848.5,687,4584,11929,16826,10993,18762
1992-07-01,12826.9,685,4570,11973,16819,10999,18817
1992-08-01,12817.1,681,4581,11996,16783,11041,18883
1992-09-01,12819.2,675,4584,12013,16761,11074,18829
1992-10-01,12836.7,678,4600,12046,16751,11118,18828
1992-11-01,12832.1,678,4606,12076,16758,11163,18841
1992-12-01,12842.4,677,4630,12109,16769,11230,18878
1993-01-01,12887.9,678,4664,12144,16791,11280,18901
1993-02-01,12941.5,669,4714,12176,16805,11327,18902
1993-03-01,12927.8,671,4676,12191,16795,11362,18907
1993-04-01,12948.7,669,4690,12244,16772,11410,18938
1993-05-01,12968.7,670,4753,12297,16766,11455,18951
1993-06-01,13001.7,663,4760,12346,16742,11492,18969
1993-07-01,13032.2,661,4783,12399,16739,11529,19060
1993-08-01,13057.7,656,4806,12446,16741,11568,19028
1993-09-01,13086.5,660,4823,12465,16769,11622,19041
1993-10-01,13121.3,660,4868,12499,16778,11700,19042
1993-11-01,13129.4,660,4887,12540,16800,11751,19068
1993-12-01,13170.6,673,4925,12585,16815,11788,19109
1994-01-01,13186.7,670,4940,12625,16855,11827,19147
1994-02-01,13260.7,666,4923,12644,16862,11873,19150
1994-03-01,13327.6,663,4990,12694,16897,11955,19190
1994-04-01,13370.1,661,5047,12743,16933,12038,19223
1994-05-01,13403.2,658,5084,12795,16962,12084,19264
1994-06-01,13451.7,657,5097,12850,17010,12155,19274
1994-07-01,13516.2,656,5125,12918,17026,12260,19301
1994-08-01,13564.0,656,5139,12956,17081,12305,19306
1994-09-01,13624.7,658,5175,12994,17115,12384,19337
1994-10-01,13667.8,653,5177,13032,17144,12438,19344
1994-11-01,13739.6,654,5210,13076,17186,12530,19367
1994-12-01,13762.8,652,5226,13129,17217,12573,19388
1995-01-01,13814.1,651,5234,13166,17262,12652,19397
1995-02-01,13850.6,646,5192,13213,17265,12711,19407
1995-03-01,13823.1,646,5242,13255,17263,12754,19427
1995-04-01,13875.7,644,5252,13285,17278,12768,19434
1995-05-01,13871.7,641,5220,13309,17259,12772,19418
1995-06-01,13899.7,640,5250,13343,17247,12818,19445
1995-07-01,13910.1,639,5262,13359,17218,12860,19437
1995-08-01,13927.0,638,5286,13401,17240,12934,19429
1995-09-01,13944.3,637,5324,13445,17247,13019,19430
1995-10-01,13943.5,637,5353,13477,17216,13051,19464
1995-11-01,13956.9,633,5358,13509,17209,13087,19463
1995-12-01,13969.7,634,5344,13547,17231,13137,19466
1996-01-01,13973.0,633,5355,13550,17208,13125,19450
1996-02-01,14005.8,636,5415,13602,17229,13257,19485
1996-03-01,14034.5,637,5446,13645,17193,13307,19532
1996-04-01,14034.5,638,5474,13678,17204,13344,19515
1996-05-01,14106.9,638,5498,13715,17222,13403,19529
1996-06-01,14136.7,639,5534,13751,17226,13477,19528
1996-07-01,14166.0,638,5557,13795,17223,13535,19547
1996-08-01,14184.7,638,5586,13807,17255,13605,19504
1996-09-01,14211.4,635,5610,13837,17252,13646,19567
1996-10-01,14263.0,635,5643,13887,17268,13669,19554
1996-11-01,14288.7,639,5668,13929,17277,13770,19565
1996-12-01,14326.4,639,5675,13951,17284,13833,19571
1997-01-01,14293.4,646,5675,13998,17297,13896,19593
1997-02-01,14294.3,648,5722,14025,17316,14010,19598
1997-03-01,14328.2,648,5751,14053,17340,14108,19608
1997-04-01,14342.3,652,5764,14103,17349,14218,19603
1997-05-01,14350.7,654,5793,14142,17362,14293,19601
1997-06-01,14367.6,654,5793,14168,17387,14363,19660
1997-07-01,14382.5,656,5817,14230,17389,14451,19686
1997-08-01,14410.8,654,5846,14234,17452,14461,19617
1997-09-01,14426.0,657,5874,14272,17465,14539,19679
1997-10-01,14466.9,657,5883,14305,17513,14608,19738
1997-11-01,14509.0,657,5899,14329,17556,14695,19761
1997-12-01,14539.5,658,5938,14366,17588,14784,19766
1998-01-01,14523.9,660,5983,14392,17619,14849,19770
1998-02-01,14514.5,659,5997,14416,17627,14907,19786
1998-03-01,14513.0,658,5969,14438,17637,14959,19792
1998-04-01,14533.5,654,6049,14466,17637,15006,19816
1998-05-01,14579.0,650,6087,14509,17624,15097,19875
1998-06-01,14599.7,649,6130,14553,17608,15179,19879
1998-07-01,14628.6,644,6172,14611,17422,15212,19930
1998-08-01,14641.5,642,6215,14593,17563,15271,19959
1998-09-01,14673.7,637,6225,14649,17557,15273,19985
1998-10-01,14682.7,632,6262,14696,17512,15374,20001
1998-11-01,14713.5,628,6301,14727,17465,15458,20044
1998-12-01,14752.5,627,6378,14762,17449,15548,20079
1999-01-01,14777.6,617,6357,14779,17427,15607,20084
1999-02-01,14843.1,610,6429,14832,17395,15686,20144
1999-03-01,14858.3,608,6402,14857,17368,15733,20168
1999-04-01,14909.7,601,6480,14888,17344,15809,20237
1999-05-01,14937.8,596,6516,14898,17333,15876,20229
1999-06-01,14964.2,592,6547,14928,17295,15964,20272
1999-07-01,15002.8,595,6571,14955,17308,16044,20339
1999-08-01,15019.0,594,6586,14958,17287,16083,20375
1999-09-01,15038.6,591,6613,14988,17281,16106,20404
1999-10-01,15079.8,593,6640,15025,17272,16259,20457
1999-11-01,15092.9,592,6687,15057,17282,16318,20496
1999-12-01,15165.2,593,6709,15080,17280,16390,20540
2000-01-01,15183.9,592,6752,15099,17284,16468,20571
2000-02-01,15197.7,594,6730,15112,17285,16504,20599
2000-03-01,15223.2,592,6811,15141,17302,16578,20733
2000-04-01,15307.8,596,6794,15161,17298,16661,20802
2000-05-01,15251.8,598,6770,15188,17279,16627,21147
2000-06-01,15261.1,598,6778,15214,17296,16696,20887
2000-07-01,15287.5,601,6794,15244,17322,16741,20867
2000-08-01,15301.1,600,6796,15281,17287,16772,20837
2000-09-01,15322.5,605,6807,15353,17230,16834,20735
2000-10-01,15329.7,607,6814,15360,17217,16847,20743
2000-11-01,15339.2,604,6817,15410,17202,16886,20760
2000-12-01,15379.4,602,6792,15465,17181,16869,20804
2001-01-01,15358.6,605,6824,15516,17104,16876,20835
2001-02-01,15384.1,605,6841,15573,17028,16851,20906
2001-03-01,15348.7,609,6862,15629,16938,16802,20945
2001-04-01,15264.1,608,6844,15671,16802,16675,20992
2001-05-01,15259.2,609,6849,15747,16661,16632,21029
2001-06-01,15262.9,610,6840,15779,16515,16566,21137
2001-07-01,15207.4,610,6845,15840,16382,16512,21185
2001-08-01,15212.2,608,6827,15903,16232,16449,21218
2001-09-01,15203.4,607,6813,15959,16117,16362,21242
2001-10-01,15174.3,602,6804,15999,15972,16261,21275
2001-11-01,15150.7,600,6784,16044,15825,16133,21326
2001-12-01,15101.2,598,6785,16097,15711,16107,21355
2002-01-01,15065.2,599,6775,16150,15587,16072,21377
2002-02-01,15074.5,595,6766,16199,15515,16042,21390
2002-03-01,15074.2,588,6755,16240,15443,16057,21431
2002-04-01,15079.9,587,6710,16281,15392,16058,21443
2002-05-01,15054.2,583,6684,16328,15337,16067,21514
2002-06-01,15045.0,579,6701,16422,15298,16058,21549
2002-07-01,15046.7,577,6688,16466,15256,15984,21544
2002-08-01,14997.0,577,6701,16489,15171,16012,21589
2002-09-01,14982.5,576,6702,16509,15119,15988,21546
2002-10-01,14988.7,576,6689,16541,15060,16007,21559
2002-11-01,14970.7,577,6713,16587,14992,15964,21581
2002-12-01,14986.1,577,6700,16606,14912,15900,21588
2003-01-01,14964.3,576,6704,16656,14866,15967,21626
2003-02-01,14930.6,575,6667,16696,14781,15994,21624
2003-03-01,14904.1,570,6654,16720,14721,15924,21610
2003-04-01,14917.9,566,6689,16784,14609,15927,21595
2003-05-01,14906.1,569,6706,16825,14557,15977,21567
2003-06-01,14895.4,572,6723,16836,14493,15992,21606
2003-07-01,14888.0,571,6735,16842,14402,16030,21633
2003-08-01,14906.0,570,6760,16851,14376,16024,21556
2003-09-01,14944.1,570,6783,16883,14347,16079,21504
2003-10-01,14971.8,573,6784,16942,14334,16102,21558
2003-11-01,14925.5,576,6796,16978,14316,16139,21535
2003-12-01,14922.9,576,6827,17016,14300,16167,21546
2004-01-01,14973.8,577,6848,17048,14290,16196,21538
2004-02-01,14975.3,576,6838,17066,14279,16209,21550
2004-03-01,15024.8,584,6887,17115,14287,16236,21588
2004-04-01,15046.4,586,6901,17150,14315,16346,21614
2004-05-01,15062.4,591,6948,17185,14342,16419,21614
2004-06-01,15087.6,591,6962,17200,14332,16451,21601
2004-07-01,15068.6,593,6977,17234,14330,16491,21606
2004-08-01,15067.3,596,7003,17270,14345,16489,21626
2004-09-01,15101.1,597,7029,17261,14331,16513,21635
2004-10-01,15129.0,595,7077,17364,14332,16632,21656
2004-11-01,15133.8,599,7091,17391,14307,16613,21692
2004-12-01,15126.8,601,7117,17436,14287,16629,21693
2005-01-01,15151.9,606,7095,17470,14257,16683,21735
2005-02-01,15192.4,610,7153,17480,14273,16766,21744
2005-03-01,15199.7,616,7181,17506,14269,16795,21740
2005-04-01,15247.9,620,7266,17544,14250,16855,21754
2005-05-01,15267.9,622,7294,17605,14256,16877,21781
2005-06-01,15300.9,625,7333,17662,14227,16965,21763
2005-07-01,15338.7,626,7353,17716,14226,17032,21857
2005-08-01,15356.9,631,7394,17750,14203,17091,21863
2005-09-01,15339.8,636,7415,17789,14175,17163,21845
2005-10-01,15333.2,640,7460,17812,14192,17183,21829
2005-11-01,15348.7,646,7524,17864,14187,17262,21859
2005-12-01,15352.0,650,7533,17894,14193,17296,21879
2006-01-01,15353.6,656,7601,17946,14210,17348,21847
2006-02-01,15363.0,662,7664,17998,14209,17408,21878
2006-03-01,15392.0,669,7689,18045,14214,17495,21903
2006-04-01,15347.7,679,7726,18070,14226,17515,21919
2006-05-01,15320.1,681,7713,18100,14203,17572,21926
2006-06-01,15330.2,686,7699,18102,14213,17642,21922
2006-07-01,15329.6,690,7712,18128,14188,17682,21973
2006-08-01,15338.9,693,7720,18182,14159,17728,22011
2006-09-01,15354.3,694,7718,18248,14125,17718,22082
2006-10-01,15373.7,699,7682,18288,14075,17722,22068
2006-11-01,15402.6,701,7666,18337,14041,17790,22083
2006-12-01,15407.3,705,7685,18378,14015,17823,22088
2007-01-01,15447.6,706,7725,18415,14008,17887,22095
2007-02-01,15479.3,711,7626,18451,13997,17918,22131
2007-03-01,15547.7,715,7706,18507,13970,17949,22149
2007-04-01,15513.2,719,7686,18563,13945,17966,22175
2007-05-01,15534.5,721,7673,18608,13929,17999,22193
2007-06-01,15513.9,725,7687,18661,13911,18011,22207
2007-07-01,15515.0,728,7660,18691,13889,18015,22171
2007-08-01,15517.1,727,7610,18755,13828,18025,22226
2007-09-01,15523.3,726,7577,18812,13790,18022,22279
2007-10-01,15518.4,727,7565,18849,13764,18058,22297
2007-11-01,15578.9,735,7523,18875,13757,18059,22334
2007-12-01,15577.4,740,7490,18924,13746,18104,22376
2008-01-01,15568.5,746,7476,18978,13725,18094,22388
2008-02-01,15527.5,748,7453,19018,13696,18046,22417
2008-03-01,15534.5,755,7406,19068,13659,18005,22443
2008-04-01,15433.6,755,7327,19126,13599,17996,22450
2008-05-01,15379.2,761,7274,19166,13564,17936,22483
2008-06-01,15342.8,766,7213,19224,13504,17896,22517
2008-07-01,15307.4,770,7160,19275,13430,17835,22568
2008-08-01,15249.0,778,7114,19337,13358,17771,22567
2008-09-01,15178.6,782,7044,19343,13275,17700,22537
2008-10-01,15100.8,781,6967,19363,13147,17590,22549
2008-11-01,14989.4,776,6813,19401,13034,17420,22560
2008-12-01,14876.9,771,6701,19442,12850,17287,22556
2009-01-01,14794.5,761,6567,19482,12561,17132,22579
2009-02-01,14719.4,749,6446,19507,12380,16936,22576
2009-03-01,14650.7,728,6291,19514,12208,16787,22560
2009-04-01,14563.1,710,6154,19521,12030,16652,22677
2009-05-01,14558.3,693,6100,19582,11862,16602,22617
2009-06-01,14541.0,686,6010,19614,11726,16497,22576
2009-07-01,14488.9,678,5932,19629,11668,16474,22521
2009-08-01,14480.5,670,5855,19681,11626,16465,22537
2009-09-01,14450.2,665,5787,19692,11591,16469,22451
2009-10-01,14381.6,661,5716,19736,11538,16488,22524
2009-11-01,14379.4,664,5696,19770,11509,16548,22533
2009-12-01,14334.8,663,5654,19804,11475,16551,22482
2010-01-01,14401.0,667,5580,19820,11460,16572,22491
2010-02-01,14397.1,674,5500,19839,11453,16591,22476
2010-03-01,14446.7,682,5537,19896,11453,16574,22518
2010-04-01,14427.2,687,5553,19902,11489,16666,22569
2010-05-01,14438.6,697,5520,19934,11525,16702,22996
2010-06-01,14442.1,702,5516,19955,11545,16764,22740
2010-07-01,14449.2,708,5508,19980,11561,16773,22569
2010-08-01,14454.3,716,5524,20017,11553,16833,22420
2010-09-01,14478.3,723,5501,20001,11563,16850,22247
2010-10-01,14510.7,731,5508,20074,11562,16917,22297
2010-11-01,14486.0,736,5506,20119,11585,17011,22287
2010-12-01,14474.1,734,5467,20134,11595,17080,22266
2011-01-01,14537.1,736,5427,20153,11621,17091,22258
2011-02-01,14558.2,739,5451,20163,11654,17170,22215
2011-03-01,14589.2,754,5477,20177,11675,17235,22192
2011-04-01,14646.2,768,5485,20237,11704,17297,22184
2011-05-01,14645.8,778,5516,20252,11713,17348,22129
2011-06-01,14681.7,790,5528,20288,11727,17363,22164
2011-07-01,14725.4,801,5547,20327,11746,17371,22049
2011-08-01,14719.4,804,5552,20367,11764,17446,22017
2011-09-01,14743.8,814,5584,20415,11769,17510,21983
2011-10-01,14749.5,820,5588,20457,11780,17556,21998
2011-11-01,14754.8,824,5593,20496,11770,17591,21971
2011-12-01,14747.0,831,5611,20530,11802,17658,21954
2012-01-01,14817.1,840,5626,20574,11838,17745,21946
2012-02-01,14795.3,845,5629,20657,11860,17816,21947
2012-03-01,14826.1,849,5625,20689,11898,17848,21943
2012-04-01,14837.7,850,5618,20707,11916,17897,21931
2012-05-01,14834.4,855,5604,20747,11927,17922,21911
2012-06-01,14817.5,854,5621,20738,11936,17977,21930
2012-07-01,14812.4,851,5632,20773,11964,18020,21913
2012-08-01,14817.4,851,5648,20801,11960,18052,21916
2012-09-01,14853.7,846,5661,20841,11954,18066,21925
2012-10-01,14869.0,837,5674,20881,11961,18139,21903
2012-11-01,14944.7,843,5684,20887,11950,18193,21883
2012-12-01,14913.8,848,5724,20935,11960,18230,21887
2013-01-01,14936.3,851,5746,20956,11983,18273,21869
2013-02-01,14951.4,858,5784,20958,11996,18367,21881
2013-03-01,14949.1,859,5802,21007,11999,18421,21870
2013-04-01,14968.2,857,5796,21054,12000,18483,21869
2013-05-01,15002.0,862,5829,21071,12000,18537,21864
2013-06-01,15048.5,865,5855,21070,12004,18582,21840
2013-07-01,15089.7,862,5859,21074,11984,18629,21815
2013-08-01,15129.5,864,5878,21143,12014,18655,21831
2013-09-01,15162.7,868,5910,21133,12032,18683,21835
2013-10-01,15196.3,870,5931,21158,12056,18732,21830
2013-11-01,15212.3,869,5963,21194,12079,18801,21843
2013-12-01,15287.7,866,5932,21196,12083,18790,21820
2014-01-01,15262.9,871,5985,21228,12081,18837,21814
2014-02-01,15243.7,875,6007,21251,12106,18899,21825
2014-03-01,15248.1,879,6038,21294,12120,18944,21833
2014-04-01,15303.0,886,6084,21321,12134,19002,21853
2014-05-01,15322.9,887,6109,21364,12146,19044,21832
2014-06-01,15351.8,892,6133,21410,12170,19105,21895
2014-07-01,15374.9,897,6178,21453,12189,19142,21901
2014-08-01,15386.2,898,6210,21491,12208,19201,21855
2014-09-01,15418.9,903,6242,21543,12226,19257,21897
2014-10-01,15469.7,901,6259,21573,12259,19285,21917
2014-11-01,15502.9,900,6272,21626,12284,19339,21932
2014-12-01,15510.5,896,6293,21678,12292,19418,21947
2015-01-01,15520.2,888,6320,21741,12292,19442,21960
2015-02-01,15535.1,875,6361,21789,12301,19487,21978
2015-03-01,15547.7,859,6334,21832,12312,19513,21970
2015-04-01,15566.9,843,6392,21906,12318,19557,22005
2015-05-01,15595.9,820,6427,21958,12333,19638,22012
2015-06-01,15618.7,816,6441,21998,12334,19689,22015
2015-07-01,15639.0,805,6472,22053,12349,19726,22050
2015-08-01,15637.7,794,6490,22094,12345,19755,22060
2015-09-01,15642.9,779,6508,22131,12354,19778,22040
2015-10-01,15675.4,771,6547,22215,12362,19851,22056
2015-11-01,15695.0,756,6598,22260,12357,19885,22081
2015-12-01,15699.0,746,6630,22323,12362,19955,22097
2016-01-01,15723.6,732,6631,22335,12383,19965,22114
2016-02-01,15772.1,711,6640,22403,12365,19977,22138
2016-03-01,15811.2,691,6678,22450,12342,19999,22178
2016-04-01,15811.8,677,6702,22505,12353,20031,22184
2016-05-01,15817.8,666,6689,22565,12332,20035,22199
2016-06-01,15846.8,656,6701,22618,12350,20080,22180
2016-07-01,15865.9,651,6735,22666,12372,20126,22289
2016-08-01,15877.3,647,6736,22719,12348,20127,22284
2016-09-01,15883.3,645,6768,22775,12347,20194,22323
2016-10-01,15890.7,644,6799,22835,12345,20217,22295
2016-11-01,15857.2,647,6823,22870,12342,20255,22277
2016-12-01,15882.7,649,6818,22929,12355,20287,22304
2017-01-01,15920.0,649,6839,22938,12367,20338,22308
2017-02-01,15877.9,656,6886,23012,12382,20339,22320
2017-03-01,15862.0,659,6907,23048,12393,20376,22325
2017-04-01,15854.3,668,6917,23101,12405,20405,22338
2017-05-01,15829.8,673,6926,23137,12406,20460,22334
2017-06-01,15835.3,677,6954,23162,12418,20496,22343
2017-07-01,15830.3,679,6958,23224,12419,20540,22363
2017-08-01,15822.8,684,6989,23269,12460,20563,22371
2017-09-01,15814.8,685,7003,23296,12470,20565,22386
2017-10-01,15816.7,687,7029,23324,12491,20619,22374
2017-11-01,15812.3,692,7072,23366,12510,20646,22389
2017-12-01,15806.0,693,7104,23391,12539,20684,22395
2018-01-01,15783.5,699,7107,23436,12559,20743,22364
2018-02-01,15818.1,706,7194,23489,12589,20779,22397
2018-03-01,15832.1,714,7203,23520,12610,20822,22403
2018-04-01,15831.3,721,7224,23537,12636,20867,22420
2018-05-01,15841.9,724,7263,23574,12657,20911,22432
2018-06-01,15803.2,730,7279,23614,12686,20946,22457
2018-07-01,15792.9,730,7303,23641,12707,20966,22464
2018-08-01,15783.7,737,7332,23695,12719,21005,22485
2018-09-01,15741.8,739,7355,23722,12740,21041,22494
2018-10-01,15711.3,742,7379,23769,12764,21078,22494
2018-11-01,15723.0,736,7386,23781,12779,21099,22477
2018-12-01,15705.3,742,7416,23855,12802,21128,22516
2019-01-01,15693.5,746,7446,23899,12828,21134,22517
2019-02-01,15663.7,741,7415,23914,12830,21165,22497
2019-03-01,15641.2,740,7439,23978,12826,21173,22524
2019-04-01,15623.3,737,7471,24041,12825,21212,22563
2019-05-01,15608.4,738,7478,24074,12817,21230,22556
2019-06-01,15598.4,734,7499,24119,12822,21261,22562
2019-07-01,15595.4,727,7503,24184,12820,21291,22607
2019-08-01,15576.1,719,7506,24246,12820,21320,22663
2019-09-01,15584.5,718,7524,24305,12814,21340,22690
2019-10-01,15608.4,719,7544,24340,12769,21374,22692
2019-11-01,15576.0,707,7546,24406,12818,21405,22716
2019-12-01,15619.1,694,7557,24433,12809,21410,22729
2020-01-01,15605.2,689,7615,24513,12792,21437,22789
2020-02-01,15609.8,690,7648,24565,12799,21469,22835
2020-03-01,15483.6,674,7557,24347,12718,21318,22774
2020-04-01,13235.3,622,6535,21722,11414,19082,21826
2020-05-01,13644.1,601,7004,22107,11657,19247,21314
2020-06-01,14502.8,597,7171,22671,11999,19568,21353
2020-07-01,14742.9,593,7197,22885,12037,19715,21556
2020-08-01,14995.8,589,7223,23084,12068,19915,22073
2020-09-01,15025.3,592,7256,23152,12123,20055,21857
2020-10-01,15131.8,594,7329,23235,12155,20296,21583
2020-11-01,15129.7,597,7353,23278,12196,20391,21488
2020-12-01,15159.8,597,7400,23249,12231,20550,21456
2021-01-01,15206.1,597,7401,23223,12217,20635,21532
2021-02-01,15247.2,589,7340,23267,12238,20698,21446
