DATE,REALLN,CONSUMER,BUSLOANS
1947-01-01,6.796,4.1612,11.2894
1947-02-01,6.9551,4.2966,11.5179
1947-03-01,7.1249,4.4306,11.7667
1947-04-01,7.2966,4.5687,12.0269
1947-05-01,7.4699,4.7087,12.2788
1947-06-01,7.6361,4.8465,12.4832
1947-07-01,7.8092,4.9815,12.7800
1947-08-01,7.9809,5.1168,13.0822
1947-09-01,8.1487,5.2484,13.3523
1947-10-01,8.3174,5.3819,13.6287
1947-11-01,8.4845,5.5142,13.8998
1947-12-01,8.6428,5.6456,14.2053
1948-01-01,8.8194,5.7786,14.4049
1948-02-01,8.9518,5.9030,14.5635
1948-03-01,9.0946,6.0272,14.7454
1948-04-01,9.2382,6.1559,14.9301
1948-05-01,9.3782,6.2822,15.0976
1948-06-01,9.5132,6.4087,15.2158
1948-07-01,9.6263,6.5025,15.2705
1948-08-01,9.7141,6.5749,15.2120
1948-09-01,9.8022,6.6470,15.1478
1948-10-01,9.8895,6.7191,15.0945
1948-11-01,9.9750,6.7905,15.0462
1948-12-01,10.0546,6.8632,15.0348
1949-01-01,10.1415,6.9304,14.9254
1949-02-01,10.1855,6.9911,14.7874
1949-03-01,10.2368,7.0514,14.6621
1949-04-01,10.2838,7.1145,14.5149
1949-05-01,10.3285,7.1769,14.3455
1949-06-01,10.3673,7.2402,14.1386
1949-07-01,10.4284,7.3486,14.0212
1949-08-01,10.4933,7.4857,13.9230
1949-09-01,10.5573,7.6232,13.8246
1949-10-01,10.6213,7.7584,13.7376
1949-11-01,10.6841,7.8938,13.6548
1949-12-01,10.7452,8.0318,13.5957
1950-01-01,10.8820,8.1905,13.6493
1950-02-01,11.0301,8.3569,13.7957
1950-03-01,11.1819,8.5232,13.9531
1950-04-01,11.3294,8.6946,14.1119
1950-05-01,11.4721,8.8647,14.2519
1950-06-01,11.6076,9.0386,14.3880
1950-07-01,11.7702,9.2126,14.7712
1950-08-01,11.9461,9.3920,15.2975
1950-09-01,12.1145,9.5702,15.8075
1950-10-01,12.2836,9.7462,16.3104
1950-11-01,12.4544,9.9240,16.8092
1950-12-01,12.6219,10.0998,17.3061
1951-01-01,12.7791,10.1865,17.7542
1951-02-01,12.8930,10.2120,18.1862
1951-03-01,13.0078,10.2365,18.6363
1951-04-01,13.1077,10.2624,19.1031
1951-05-01,13.2035,10.2878,19.5512
1951-06-01,13.2826,10.3141,20.0031
1951-07-01,13.3717,10.3536,20.2509
1951-08-01,13.4661,10.4035,20.3672
1951-09-01,13.5464,10.4523,20.4775
1951-10-01,13.6351,10.5007,20.6053
1951-11-01,13.7262,10.5501,20.7329
1951-12-01,13.7744,10.5539,20.9657
1952-01-01,13.6522,10.3998,22.1319
1952-02-01,13.6920,10.4559,22.4316
1952-03-01,13.7838,10.5458,22.3763
1952-04-01,13.8904,10.6132,22.1380
1952-05-01,13.9909,10.7961,21.9293
1952-06-01,14.1335,11.1810,22.0525
1952-07-01,14.1862,11.4008,22.1461
1952-08-01,14.2762,11.6217,22.3937
1952-09-01,14.3747,11.7689,22.6967
1952-10-01,14.4525,12.0587,23.0685
1952-11-01,14.5314,12.3068,23.4435
1952-12-01,14.6152,12.5307,23.2300
1953-01-01,14.7509,12.8032,23.4687
1953-02-01,14.8910,13.0765,23.6226
1953-03-01,14.9713,13.3978,23.6983
1953-04-01,15.0410,13.6752,23.8228
1953-05-01,15.1400,13.8937,23.8827
1953-06-01,15.2691,14.0122,23.7607
1953-07-01,15.3169,14.0443,23.7782
1953-08-01,15.3560,14.1945,23.9951
1953-09-01,15.4112,14.3168,24.0138
1953-10-01,15.4940,14.3955,23.9825
1953-11-01,15.5775,14.3646,23.8700
1953-12-01,15.6815,14.4829,23.1686
1954-01-01,15.7036,14.4953,23.0112
1954-02-01,15.7079,14.3278,22.9520
1954-03-01,15.8053,14.2642,22.9270
1954-04-01,15.9122,14.2036,22.7987
1954-05-01,16.0059,14.1649,22.6694
1954-06-01,16.1206,14.2211,22.5139
1954-07-01,16.2817,14.3085,22.4390
1954-08-01,16.4543,14.4190,22.4422
1954-09-01,16.5989,14.4418,22.4805
1954-10-01,16.7815,14.4976,22.5787
1954-11-01,16.9649,14.5744,22.6956
1954-12-01,17.1987,14.7242,22.5382
1955-01-01,17.4247,14.8217,22.8036
1955-02-01,17.6462,14.9558,22.9901
1955-03-01,17.8715,15.1819,23.1876
1955-04-01,18.0734,15.4428,23.3723
1955-05-01,18.2861,15.6720,23.7085
1955-06-01,18.5473,16.0807,24.1102
1955-07-01,18.7283,16.2965,24.5263
1955-08-01,18.9229,16.4447,24.9630
1955-09-01,19.1557,16.6159,25.3672
1955-10-01,19.3747,16.8109,25.7546
1955-11-01,19.4168,16.9503,26.4404
1955-12-01,19.4592,17.0879,26.7161
1956-01-01,19.6029,17.2573,27.1736
1956-02-01,19.7735,17.3710,27.6564
1956-03-01,19.9583,17.5483,28.5289
1956-04-01,20.1586,17.7106,29.2850
1956-05-01,20.3402,17.8523,29.6299
1956-06-01,20.5628,18.1790,30.2630
1956-07-01,20.6387,18.3056,30.7252
1956-08-01,20.7118,18.3737,31.0855
1956-09-01,20.8400,18.4292,31.4451
1956-10-01,20.9734,18.5482,31.8895
1956-11-01,21.0604,18.6686,32.2609
1956-12-01,21.1985,18.8678,32.4730
1957-01-01,21.2111,18.8144,32.6870
1957-02-01,21.2389,18.8059,32.6895
1957-03-01,21.2624,18.9299,33.0407
1957-04-01,21.2736,19.0117,33.3856
1957-05-01,21.2595,19.1767,33.6362
1957-06-01,21.2304,19.2889,34.0596
1957-07-01,21.3146,19.4259,34.3749
1957-08-01,21.4130,19.6000,34.5961
1957-09-01,21.4475,19.7663,34.5474
1957-10-01,21.4859,19.9091,34.4197
1957-11-01,21.5226,20.0105,34.3325
1957-12-01,21.5397,19.8127,33.8853
1958-01-01,22.4231,19.9094,34.6988
1958-02-01,22.7674,20.0095,34.8623
1958-03-01,22.8259,19.8940,34.7528
1958-04-01,22.8991,19.8511,34.5718
1958-05-01,23.0368,19.8691,34.4375
1958-06-01,23.1186,19.7880,34.2718
1958-07-01,23.3003,19.9426,34.1831
1958-08-01,23.5152,20.1531,34.3612
1958-09-01,23.6594,20.1046,34.5237
1958-10-01,23.9721,20.1174,34.7518
1958-11-01,24.2854,20.2342,34.9156
1958-12-01,24.5366,20.4330,34.9489
1959-01-01,24.9242,20.7282,35.2130
1959-02-01,25.2270,20.9603,35.2201
1959-03-01,25.4218,21.2090,35.1304
1959-04-01,25.7261,21.4893,35.5581
1959-05-01,26.0187,21.7188,36.3064
1959-06-01,26.2668,21.9859,37.1404
1959-07-01,26.4697,22.4256,37.6645
1959-08-01,26.6349,22.8187,38.0890
1959-09-01,26.7848,23.2035,38.2605
1959-10-01,26.9735,23.5847,38.4113
1959-11-01,27.1343,23.7252,38.6978
1959-12-01,27.5059,24.0666,39.2932
1960-01-01,27.6230,24.2748,39.6291
1960-02-01,27.6960,24.4392,39.7872
1960-03-01,27.7862,24.6403,40.0180
1960-04-01,27.8319,24.8241,40.5152
1960-05-01,27.8235,24.9725,40.8926
1960-06-01,27.7933,25.1264,41.3564
1960-07-01,27.8032,25.3797,41.3958
1960-08-01,27.8468,25.6171,41.3249
1960-09-01,27.9041,25.8141,41.4006
1960-10-01,27.9869,25.9654,41.5247
1960-11-01,27.9885,26.0828,41.6827
1960-12-01,28.1212,26.2762,42.1051
1961-01-01,28.1882,26.2898,42.0358
1961-02-01,28.2445,26.9120,41.9503
1961-03-01,28.3627,27.3732,42.0518
1961-04-01,28.3899,27.1321,42.2127
1961-05-01,28.4546,26.9576,42.1342
1961-06-01,28.6988,27.0509,42.4519
1961-07-01,28.8611,27.1505,42.5813
1961-08-01,28.9749,27.2368,42.6567
1961-09-01,29.0706,27.2024,42.7707
1961-10-01,29.1484,27.3099,42.9778
1961-11-01,29.2733,27.4494,43.1337
1961-12-01,29.5480,27.6119,43.7997
1962-01-01,29.7869,27.8617,43.9853
1962-02-01,29.9882,28.0461,43.8688
1962-03-01,30.2195,28.3085,44.1012
1962-04-01,30.5167,28.4962,44.5398
1962-05-01,30.8503,28.6966,44.8413
1962-06-01,31.2790,29.0264,45.5419
1962-07-01,31.6154,29.2979,45.7268
1962-08-01,31.9034,29.5340,45.9234
1962-09-01,32.2481,29.6970,46.3736
1962-10-01,32.6075,29.9067,46.8487
1962-11-01,32.9728,30.1116,47.1998
1962-12-01,33.2920,30.2333,47.4376
1963-01-01,33.6825,30.5456,47.6623
1963-02-01,34.0682,30.9054,47.8294
1963-03-01,34.3532,31.2414,47.9739
1963-04-01,34.7090,31.5371,48.3917
1963-05-01,35.1932,31.8349,48.6490
1963-06-01,35.8523,32.1157,49.2469
1963-07-01,36.3411,32.4699,49.4664
1963-08-01,36.7087,32.1991,49.4768
1963-09-01,37.0748,32.7884,49.8225
1963-10-01,37.4258,33.7147,50.4111
1963-11-01,37.7909,34.0328,51.2382
1963-12-01,38.0828,34.1852,52.1741
1964-01-01,38.5125,34.6292,52.4186
1964-02-01,39.0107,35.0578,52.5482
1964-03-01,39.3606,35.5116,52.7139
1964-04-01,39.6713,35.9241,53.2290
1964-05-01,39.9891,36.3619,53.7445
1964-06-01,40.2639,36.7495,54.2937
1964-07-01,40.6660,37.3749,54.7159
1964-08-01,41.0241,37.9725,55.1046
1964-09-01,41.3936,38.3619,55.7749
1964-10-01,41.7183,38.8160,56.2908
1964-11-01,42.0462,39.1144,56.8628
1964-12-01,42.5067,39.5067,58.3481
1965-01-01,42.8883,39.9919,59.2410
1965-02-01,43.2338,40.2656,60.0693
1965-03-01,43.6767,40.6841,61.1489
1965-04-01,44.1391,41.2328,62.1331
1965-05-01,44.5438,41.7653,62.9250
1965-06-01,44.9974,42.2325,64.1511
1965-07-01,45.4582,42.8655,64.8904
1965-08-01,45.9554,43.4745,65.4792
1965-09-01,46.4854,43.8852,66.3883
1965-10-01,46.9676,44.3817,67.0500
1965-11-01,47.4350,44.7965,67.7540
1965-12-01,47.8224,45.0223,69.1577
1966-01-01,48.3775,45.4362,69.9831
1966-02-01,48.9637,45.7660,70.6830
1966-03-01,49.4107,46.2038,71.5210
1966-04-01,49.8439,46.5219,72.3728
1966-05-01,50.1946,46.7555,73.3273
1966-06-01,50.7663,47.1738,75.3919
1966-07-01,51.0945,47.3985,76.7826
1966-08-01,51.3113,47.5609,76.9939
1966-09-01,51.6309,47.5988,77.4883
1966-10-01,51.9758,47.5898,78.0104
1966-11-01,52.2246,47.6853,78.3726
1966-12-01,52.5420,47.7621,78.9760
1967-01-01,52.8101,47.9230,79.2740
1967-02-01,53.0139,47.9998,79.5580
1967-03-01,53.2514,48.1734,80.1231
1967-04-01,53.5050,48.3754,81.1850
1967-05-01,53.7975,48.6466,81.6022
1967-06-01,54.1712,48.9846,82.6929
1967-07-01,54.5249,49.3687,83.7351
1967-08-01,54.8836,49.7733,83.5123
1967-09-01,55.3227,50.1811,83.7365
1967-10-01,55.7795,50.5313,84.1043
1967-11-01,56.2697,50.9189,84.5959
1967-12-01,56.8439,51.1914,86.1397
1968-01-01,57.3534,51.6150,86.5509
1968-02-01,57.9203,52.0255,86.5981
1968-03-01,58.4912,52.4650,87.1140
1968-04-01,59.0422,52.8549,88.4210
1968-05-01,59.5779,53.2923,88.9726
1968-06-01,60.2492,53.8707,89.9295
1968-07-01,60.5934,54.3549,91.0358
1968-08-01,60.8330,54.9208,91.2381
1968-09-01,61.3226,55.6814,91.8452
1968-10-01,62.0005,56.4586,92.8125
1968-11-01,62.6616,57.1440,94.4700
1968-12-01,63.2818,57.6796,96.2065
1969-01-01,63.9303,58.2598,97.1481
1969-02-01,64.6501,58.7712,98.2963
1969-03-01,65.3117,59.3802,99.2383
1969-04-01,65.9054,59.9796,100.7715
1969-05-01,66.4363,60.5526,101.9454
1969-06-01,66.7475,60.7603,102.5404
1969-07-01,67.1591,61.1069,103.0557
1969-08-01,67.5101,61.3273,103.3067
1969-09-01,67.7711,61.6716,103.8176
1969-10-01,68.0342,61.9935,104.3372
1969-11-01,68.2572,62.2428,105.1854
1969-12-01,68.4205,62.5065,106.5979
1970-01-01,68.9435,62.8220,106.2979
1970-02-01,69.2433,63.0308,105.6953
1970-03-01,69.4233,63.2040,105.4128
1970-04-01,69.5445,63.3147,105.6766
1970-05-01,69.5922,63.4326,106.0118
1970-06-01,69.4720,63.4018,106.8358
1970-07-01,69.6762,63.9002,107.6770
1970-08-01,69.8874,64.3114,108.5407
1970-09-01,70.1578,64.6383,109.5289
1970-10-01,70.4831,64.8064,109.7740
1970-11-01,70.7558,64.8670,110.1744
1970-12-01,71.3438,65.2077,111.3578
1971-01-01,71.7341,65.5265,111.5479
1971-02-01,72.1652,65.9068,111.8951
1971-03-01,72.8177,66.5403,111.9877
1971-04-01,73.5507,67.2618,112.1496
1971-05-01,74.2960,67.9418,113.0615
1971-06-01,75.0391,68.5616,114.1265
1971-07-01,76.2853,69.2465,114.3772
1971-08-01,77.0427,69.9052,115.6802
1971-09-01,77.9896,70.7952,116.6745
1971-10-01,78.9773,71.5708,117.2680
1971-11-01,79.8791,72.4942,117.8104
1971-12-01,79.9843,73.1669,117.7961
1972-01-01,81.2625,73.9491,118.1645
1972-02-01,83.0947,74.9702,118.8982
1972-03-01,84.4289,76.1145,119.6910
1972-04-01,85.8360,77.0567,121.2319
1972-05-01,87.1949,78.1100,122.6920
1972-06-01,88.2498,78.9548,123.7672
1972-07-01,89.7955,80.1192,124.6817
1972-08-01,91.4260,81.4022,126.0083
1972-09-01,92.8494,82.4469,126.9574
1972-10-01,94.2773,83.5159,129.0908
1972-11-01,95.8342,84.6459,131.5901
1972-12-01,96.8695,85.2601,133.1093
1973-01-01,98.7011,86.4774,135.4135
1973-02-01,100.4561,88.2587,140.7983
1973-03-01,102.4606,89.8555,144.9576
1973-04-01,104.3032,91.1278,147.5343
1973-05-01,105.8163,92.1588,149.9659
1973-06-01,107.5113,93.2486,152.8292
1973-07-01,109.2387,94.3252,155.3291
1973-08-01,110.9024,95.2833,158.0681
1973-09-01,112.4848,96.0072,158.5066
1973-10-01,113.9684,96.7889,159.1694
1973-11-01,115.5313,97.7758,159.9353
1973-12-01,117.0020,98.3507,161.2113
1974-01-01,117.9292,99.0661,163.0226
1974-02-01,119.4011,99.6755,164.7720
1974-03-01,120.9877,100.3000,168.8168
1974-04-01,122.7659,100.8969,174.9909
1974-05-01,124.1513,101.3631,177.6309
1974-06-01,125.2920,101.8050,180.1082
1974-07-01,126.5844,102.0747,183.9873
1974-08-01,127.3706,102.2474,186.3819
1974-09-01,127.9814,102.4773,187.9941
1974-10-01,128.6274,102.4838,189.2302
1974-11-01,129.2202,102.3167,190.4047
1974-12-01,129.7876,102.1348,191.2761
1975-01-01,130.0257,101.8961,191.5869
1975-02-01,130.6318,102.0968,190.3805
1975-03-01,131.1786,101.8983,188.1191
1975-04-01,131.6391,101.4266,187.4109
1975-05-01,131.7233,101.1605,186.0740
1975-06-01,131.8532,101.1020,184.6380
1975-07-01,131.8300,101.2303,183.6510
1975-08-01,131.9313,101.6154,182.9282
1975-09-01,132.1325,102.1820,182.8220
1975-10-01,132.8630,102.8868,182.7142
1975-11-01,133.3819,103.5724,182.6189
1975-12-01,134.0939,104.3327,183.3586
1976-01-01,135.0484,105.3067,182.6481
1976-02-01,136.2984,105.7993,182.0444
1976-03-01,137.9788,106.6009,179.4877
1976-04-01,139.8826,107.5967,177.4755
1976-05-01,140.9549,108.4721,178.4326
1976-06-01,141.6213,109.5540,179.1020
1976-07-01,142.5971,110.4870,179.1423
1976-08-01,143.7550,111.5089,179.7949
1976-09-01,144.7779,112.5009,181.1732
1976-10-01,146.0710,113.6538,182.4383
1976-11-01,147.2806,114.8258,183.9005
1976-12-01,148.5136,115.8047,185.2478
1977-01-01,149.6394,117.4460,185.7874
1977-02-01,151.6731,119.0561,187.4113
1977-03-01,153.6788,120.7850,189.1547
1977-04-01,156.0952,122.6189,190.2948
1977-05-01,158.5920,124.7425,191.7797
1977-06-01,160.6562,126.6021,193.5548
1977-07-01,162.9974,128.4482,195.1835
1977-08-01,165.6340,130.3103,197.4881
1977-09-01,167.5557,132.1193,198.9991
1977-10-01,170.2452,134.0856,201.2545
1977-11-01,172.8184,135.8857,202.9397
1977-12-01,175.0673,138.0303,204.6774
1978-01-01,177.7143,140.1161,207.2931
1978-02-01,180.3200,141.9138,210.2590
1978-03-01,183.0011,143.9343,213.6058
1978-04-01,185.8235,146.4146,216.9979
1978-05-01,188.9707,149.0085,220.4005
1978-06-01,192.1060,151.8328,223.4759
1978-07-01,195.0134,154.7939,226.2258
1978-08-01,198.3252,158.0594,228.3623
1978-09-01,201.0990,159.5009,230.5011
1978-10-01,204.5151,162.4463,232.9249
1978-11-01,207.5855,163.6561,235.8062
1978-12-01,210.4620,164.4319,237.2394
1979-01-01,211.9456,164.5578,239.7570
1979-02-01,213.6288,166.5728,243.8766
1979-03-01,215.6358,168.8796,247.8933
1979-04-01,218.0995,171.6716,253.7609
1979-05-01,220.5903,174.5899,258.7349
1979-06-01,223.9688,177.1190,263.4815
1979-07-01,228.0921,178.9457,267.8631
1979-08-01,230.9436,180.6784,270.6452
1979-09-01,233.9281,182.1091,274.3761
1979-10-01,236.8872,183.0422,276.1506
1979-11-01,239.2680,183.7381,277.2382
1979-12-01,241.6747,183.7811,279.7257
1980-01-01,244.1149,184.5328,281.8501
1980-02-01,247.0480,186.1825,285.6731
1980-03-01,248.9923,186.4768,289.3844
1980-04-01,250.6829,184.4534,290.6018
1980-05-01,251.3254,181.5900,287.8784
1980-06-01,252.0475,179.7834,287.0378
1980-07-01,253.6243,179.2444,288.0583
1980-08-01,255.0428,178.8059,291.4491
1980-09-01,256.2875,178.4358,294.7925
1980-10-01,258.4035,178.5137,299.9573
1980-11-01,260.6068,178.7189,307.3743
1980-12-01,262.2834,178.6930,312.0383
1981-01-01,263.7707,178.8278,312.4522
1981-02-01,265.1531,179.1355,313.1170
1981-03-01,266.8392,179.7672,314.3933
1981-04-01,268.6235,179.8026,318.5024
1981-05-01,271.2572,180.6257,324.0800
1981-06-01,273.4038,180.9787,328.1726
1981-07-01,274.7618,181.0389,331.8571
1981-08-01,277.0577,181.7163,336.5230
1981-09-01,278.7288,182.1541,338.1155
1981-10-01,280.1515,182.1093,341.1989
1981-11-01,281.6173,181.9570,345.5088
1981-12-01,283.5867,182.1427,350.3077
1982-01-01,285.4002,182.5058,354.8455
1982-02-01,287.5623,182.8523,360.7137
1982-03-01,290.2070,183.2281,363.9746
1982-04-01,291.8256,183.9807,371.0565
1982-05-01,293.8200,184.5700,375.9823
1982-06-01,295.6466,185.4950,380.5642
1982-07-01,295.9582,185.6313,384.0437
1982-08-01,297.0876,185.8902,385.8593
1982-09-01,297.9524,186.0751,391.0385
1982-10-01,298.6680,186.4431,392.3917
1982-11-01,299.2424,186.8212,391.9751
1982-12-01,299.6530,187.8525,392.0419
1983-01-01,302.0905,187.9850,393.1864
1983-02-01,303.1623,188.0155,393.3556
1983-03-01,304.3282,189.2555,393.8048
1983-04-01,306.2567,190.5952,392.4259
1983-05-01,308.3139,192.2174,391.4906
1983-06-01,310.8249,193.9867,393.8395
1983-07-01,314.1926,196.7685,397.7945
1983-08-01,317.2201,199.8275,401.5866
1983-09-01,320.6919,202.6723,402.5290
1983-10-01,324.0551,206.5272,405.7486
1983-11-01,327.3763,209.8765,409.6174
1983-12-01,330.3526,212.9273,413.9404
1984-01-01,333.7075,215.3294,415.6054
1984-02-01,337.6043,218.3293,423.5808
1984-03-01,342.0163,221.4447,430.9463
1984-04-01,346.1789,225.1752,437.8374
1984-05-01,349.7492,229.4791,446.3183
1984-06-01,353.7386,233.4139,450.9723
1984-07-01,357.1593,236.6163,455.8009
1984-08-01,360.6726,239.3469,458.7925
1984-09-01,364.7314,242.6202,461.9148
1984-10-01,367.6312,245.7603,466.3545
1984-11-01,372.3966,249.4085,470.9618
1984-12-01,376.2431,253.8307,473.3524
1985-01-01,379.0111,258.0207,472.9593
1985-02-01,383.1308,261.8266,475.6222
1985-03-01,387.1364,265.6662,480.2056
1985-04-01,390.5649,267.0666,478.9814
1985-05-01,394.3832,270.7536,480.7548
1985-06-01,397.6045,274.1502,482.2879
1985-07-01,401.1028,278.0219,487.0638
1985-08-01,405.231,281.4733,489.8593
1985-09-01,409.797,283.9485,494.3827
1985-10-01,414.3729,287.3445,493.2834
1985-11-01,418.6564,289.4827,497.0801
1985-12-01,422.888,291.0726,498.8873
1986-01-01,427.4321,293.2369,500.4036
1986-02-01,432.0811,295.1257,500.8553
1986-03-01,437.0688,296.5500,505.3868
1986-04-01,441.9303,298.1537,507.5856
1986-05-01,446.6866,300.0401,507.9071
1986-06-01,451.2175,302.2153,511.2232
1986-07-01,457.1109,304.8941,513.0123
1986-08-01,463.3331,307.1586,515.0614
1986-09-01,469.3573,309.4476,517.6744
1986-10-01,473.9241,311.5267,517.6163
1986-11-01,479.2666,313.0498,523.8515
1986-12-01,490.76,314.7442,539.2184
1987-01-01,502.8959,314.9624,548.7872
1987-02-01,508.45,315.4150,546.9847
1987-03-01,516.5649,316.3179,548.3337
1987-04-01,524.8545,317.2838,549.4897
1987-05-01,532.1318,317.3388,551.5302
1987-06-01,541.6778,315.4610,554.5176
1987-07-01,549.425,316.9613,553.4244
1987-08-01,556.2796,319.3443,554.0893
1987-09-01,563.2092,321.8901,561.3056
1987-10-01,570.7474,324.3088,563.1205
1987-11-01,577.6923,325.0352,562.5139
1987-12-01,585.6811,326.8654,565.1316
1988-01-01,591.5895,330.2658,567.0778
1988-02-01,595.8714,332.4077,568.269
1988-03-01,601.4329,336.3189,571.3833
1988-04-01,608.9078,339.4857,577.3748
1988-05-01,616.1705,341.2281,583.8076
1988-06-01,622.7259,343.3542,588.9909
1988-07-01,629.8637,345.4046,593.93
1988-08-01,637.3176,347.3149,594.5185
1988-09-01,644.2595,348.8891,595.4546
1988-10-01,651.4141,351.4912,599.0586
1988-11-01,656.9047,352.7994,601.069
1988-12-01,663.0321,355.2863,604.6425
1989-01-01,676.4579,356.6080,606.2828
1989-02-01,682.9911,357.2369,617.0974
1989-03-01,688.9008,359.1454,616.4862
1989-04-01,698.1851,360.9494,619.0417
1989-05-01,704.2509,362.5440,624.2962
1989-06-01,711.8466,363.3048,624.2621
1989-07-01,720.4625,365.2478,631.0031
1989-08-01,730.5,366.8325,635.2399
1989-09-01,739.1886,368.6133,637.1648
1989-10-01,745.1716,370.2782,639.3545
1989-11-01,752.715,372.3149,639.6911
1989-12-01,759.8765,373.9524,637.6171
1990-01-01,765.8202,376.0468,635.7585
1990-02-01,774.7081,376.1417,636.534
1990-03-01,781.6579,375.7609,638.3627
1990-04-01,788.7039,374.5154,640.8465
1990-05-01,797.8321,375.8632,639.7454
1990-06-01,805.5952,375.2500,641.5204
1990-07-01,814.2769,372.0330,639.8982
1990-08-01,819.2537,373.5280,640.3646
1990-09-01,823.2615,373.7719,639.4613
1990-10-01,829.0882,375.0114,637.5259
1990-11-01,834.3257,374.6729,639.1938
1990-12-01,841.6727,375.9632,641.5936
1991-01-01,846.5935,371.7704,636.1438
1991-02-01,851.7948,371.4868,635.9739
1991-03-01,857.3599,371.6587,635.2917
1991-04-01,860.603,371.1919,631.2554
1991-05-01,862.4382,370.7193,627.7211
1991-06-01,865.8734,368.8866,626.3638
1991-07-01,864.4876,366.2871,623.213
1991-08-01,863.7251,365.4169,618.3867
1991-09-01,864.3561,364.4262,620.5497
1991-10-01,865.7378,362.1433,620.9607
1991-11-01,867.1102,362.0240,618.4235
1991-12-01,868.1137,363.1215,618.3985
1992-01-01,871.0081,363.0529,613.6065
1992-02-01,873.4174,361.5593,609.7614
1992-03-01,874.6974,359.8862,607.3791
1992-04-01,881.1503,359.0685,604.3771
1992-05-01,881.7635,357.3346,602.1855
1992-06-01,879.3871,357.1078,601.0438
1992-07-01,878.6067,356.0901,599.2624
1992-08-01,880.214,354.4738,597.2686
1992-09-01,882.9267,354.3031,598.4079
1992-10-01,885.7516,352.4856,596.8462
1992-11-01,887.0474,352.5360,596.8954
1992-12-01,887.7986,354.1174,596.507
1993-01-01,886.1204,357.4428,595.5038
1993-02-01,886.9405,358.8208,593.5436
1993-03-01,889.8609,358.9559,591.2705
1993-04-01,892.7225,360.0270,585.6237
1993-05-01,898.1498,363.2967,587.9556
1993-06-01,902.3351,365.1922,590.218
1993-07-01,904.435,369.7142,587.9117
1993-08-01,907.2895,371.9253,587.7258
1993-09-01,910.6807,373.0567,585.4309
1993-10-01,914.8286,376.9377,583.9057
1993-11-01,919.1913,380.6742,584.0132
1993-12-01,928.6196,385.1993,583.711
1994-01-01,929.5238,388.2273,587.4571
1994-02-01,929.5739,390.9446,588.0769
1994-03-01,931.8984,393.5790,594.7881
1994-04-01,935.5436,399.1998,600.4681
1994-05-01,939.7548,403.7789,604.7404
1994-06-01,944.6544,406.9311,609.0118
1994-07-01,951.4312,414.6358,616.5098
1994-08-01,957.502,420.5171,622.1225
1994-09-01,965.1136,425.6746,624.9677
1994-10-01,971.2342,433.0412,631.5911
1994-11-01,977.7662,436.0752,638.3813
1994-12-01,987.8106,443.2028,643.8298
1995-01-01,996.7972,447.8858,654.3544
1995-02-01,1006.1829,448.5184,666.6063
1995-03-01,1013.6176,451.3964,673.5294
1995-04-01,1019.8816,457.3681,677.5317
1995-05-01,1027.7361,459.8891,686.1633
1995-06-01,1035.1162,464.1627,690.6134
1995-07-01,1044.5193,468.5495,698.5567
1995-08-01,1049.3134,473.3885,702.8397
1995-09-01,1054.7455,475.3969,706.0539
1995-10-01,1057.2145,475.1257,706.3091
1995-11-01,1060.8,478.0789,712.6118
1995-12-01,1062.0481,482.8941,715.1109
1996-01-01,1068.2527,485.4997,721.8113
1996-02-01,1071.5367,484.6320,724.1688
1996-03-01,1077.4829,486.7487,727.344
1996-04-01,1079.35,490.7405,732.0751
1996-05-01,1081.5981,488.7727,736.4421
1996-06-01,1084.7884,492.6708,741.4136
1996-07-01,1080.7377,492.4461,745.0458
1996-08-01,1089.3014,495.7375,747.8376
1996-09-01,1096.134,499.7715,758.5608
1996-10-01,1104.924,504.9336,765.9839
1996-11-01,1112.1296,506.4734,772.0638
1996-12-01,1122.9609,508.9654,778.6369
1997-01-01,1129.8736,511.9562,782.3782
1997-02-01,1135.1303,509.3965,789.1722
1997-03-01,1147.8438,504.5692,795.6323
1997-04-01,1160.6711,506.0059,803.9052
1997-05-01,1171.9913,508.6040,809.3214
1997-06-01,1183.6073,511.5491,813.371
1997-07-01,1190.5256,512.5224,816.5383
1997-08-01,1196.5698,512.7391,822.52
1997-09-01,1208.1346,507.0424,829.9631
1997-10-01,1214.9711,501.2528,833.9302
1997-11-01,1219.4879,501.3803,839.9065
1997-12-01,1220.6075,501.3072,845.11
1998-01-01,1224.3581,497.9632,855.6173
1998-02-01,1237.666,493.2705,862.3126
1998-03-01,1252.423,491.6381,866.1234
1998-04-01,1259.0047,498.7187,864.3862
1998-05-01,1259.7162,496.2176,875.9942
1998-06-01,1260.9891,493.8558,891.1046
1998-07-01,1265.6262,488.9367,897.6759
1998-08-01,1272.1515,490.4821,903.9798
1998-09-01,1274.9854,491.4651,912.4028
1998-10-01,1283.8806,493.9006,931.3777
1998-11-01,1302.7637,494.8452,942.2588
1998-12-01,1311.2914,497.7709,939.1788
1999-01-01,1317.3538,498.3701,937.819
1999-02-01,1320.2103,494.8670,935.9025
1999-03-01,1326.2659,493.9966,944.4415
1999-04-01,1332.0162,497.1947,947.2509
1999-05-01,1340.9791,494.5747,942.3921
1999-06-01,1347.0871,495.2491,949.748
1999-07-01,1354.4315,495.0997,958.5219
1999-08-01,1370.1953,492.2558,969.1136
1999-09-01,1388.6405,493.7374,975.1908
1999-10-01,1411.5855,492.5719,978.2818
1999-11-01,1425.027,494.5495,1000.3072
1999-12-01,1460.2271,506.3286,1001.0411
2000-01-01,1480.8642,510.1748,1003.6179
2000-02-01,1491.6053,510.8263,1016.571
2000-03-01,1517.7508,514.6795,1026.2798
2000-04-01,1541.1409,520.3064,1035.2042
2000-05-01,1564.9613,523.9815,1052.0575
2000-06-01,1585.2548,529.5361,1062.7838
2000-07-01,1600.6574,531.1734,1068.5838
2000-08-01,1613.8629,538.934,1071.6919
2000-09-01,1624.4703,543.7675,1072.9611
2000-10-01,1625.2396,544.238,1077.9674
2000-11-01,1635.103,548.2649,1080.4847
2000-12-01,1638.6724,555.5354,1085.275
2001-01-01,1641.486,558.4753,1094.0743
2001-02-01,1654.7222,557.7588,1094.2773
2001-03-01,1668.3002,557.1872,1092.0303
2001-04-01,1682.4285,561.4209,1089.1854
2001-05-01,1695.2082,566.0048,1084.1697
2001-06-01,1699.9599,564.6617,1072.0459
2001-07-01,1702.6189,564.221,1063.9775
2001-08-01,1703.9589,566.8024,1055.8596
2001-09-01,1714.2403,567.2375,1059.2708
2001-10-01,1717.3394,566.4527,1044.5855
2001-11-01,1739.3841,571.8567,1034.0367
2001-12-01,1757.8293,574.2877,1021.7985
2002-01-01,1755.5237,574.1665,1012.1083
2002-02-01,1766.5349,575.7538,1016.8137
2002-03-01,1771.5447,575.2354,1011.8533
2002-04-01,1782.0801,580.5024,1000.2784
2002-05-01,1790.7114,580.7222,990.9706
2002-06-01,1817.1464,579.2204,984.0953
2002-07-01,1837.0191,578.4135,976.6811
2002-08-01,1866.9556,590.7467,972.469
2002-09-01,1901.8249,598.759,966.3076
2002-10-01,1947.0183,606.2236,962.8375
2002-11-01,1980.6771,605.5258,960.5434
2002-12-01,2009.8015,610.9638,957.8373
2003-01-01,2033.9342,610.1132,950.3562
2003-02-01,2067.7227,608.5137,941.6312
2003-03-01,2083.7077,603.3698,937.5243
2003-04-01,2106.777,602.3366,935.0996
2003-05-01,2131.431,613.1222,924.0747
2003-06-01,2150.8679,613.4225,917.3812
2003-07-01,2177.8288,617.9408,921.5051
2003-08-01,2221.3381,618.834,909.697
2003-09-01,2235.2131,618.2756,899.9034
2003-10-01,2213.4375,617.3407,886.949
2003-11-01,2202.52,646.451,881.8097
2003-12-01,2207.4173,664.7987,883.6248
2004-01-01,2224.5296,671.8748,876.399
2004-02-01,2251.9184,671.2669,874.5648
2004-03-01,2288.9524,669.6902,869.3828
2004-04-01,2343.1575,672.1083,864.4977
2004-05-01,2383.9518,677.0934,862.8468
2004-06-01,2409.7737,679.9985,869.1601
2004-07-01,2413.7223,680.0532,878.1274
2004-08-01,2437.3396,683.627,883.0413
2004-09-01,2466.4897,686.4476,886.8305
2004-10-01,2495.9697,684.3573,889.3048
2004-11-01,2526.2584,680.7308,897.6515
2004-12-01,2552.7353,691.4536,906.4346
2005-01-01,2576.0481,693.7612,921.4483
2005-02-01,2605.709,690.7449,931.8511
2005-03-01,2650.1303,693.1078,945.8355
2005-04-01,2681.429,693.5216,958.5624
2005-05-01,2696.0769,691.7583,968.6476
2005-06-01,2733.5159,692.8801,975.072
2005-07-01,2781.5281,697.5767,989.6478
2005-08-01,2823.9679,705.8432,995.8914
2005-09-01,2845.167,711.0947,1000.9504
2005-10-01,2870.1461,702.558,1014.4811
2005-11-01,2894.3502,704.6118,1022.638
2005-12-01,2925.5772,703.3281,1036.1766
2006-01-01,2944.7181,702.1971,1048.8184
2006-02-01,2972.372,699.8758,1058.4791
2006-03-01,2997.7415,706.8798,1068.6959
2006-04-01,3030.8543,712.8166,1084.9813
2006-05-01,3058.915,722.7655,1103.1932
2006-06-01,3093.0654,714.8419,1118.7867
2006-07-01,3120.4714,710.3173,1130.6437
2006-08-01,3130.2242,717.9757,1152.3023
2006-09-01,3157.7891,719.0943,1151.1991
2006-10-01,3307.4675,723.7509,1161.3376
2006-11-01,3335.7685,728.76,1170.014
2006-12-01,3371.0219,737.6615,1182.5956
2007-01-01,3393.9957,739.5523,1192.4579
2007-02-01,3421.7662,737.5302,1205.0655
2007-03-01,3363.1339,731.416,1215.7887
2007-04-01,3391.3265,736.5868,1226.474
2007-05-01,3410.5635,741.9143,1244.4631
2007-06-01,3427.8354,750.5955,1263.8586
2007-07-01,3447.5743,761.0247,1281.7591
2007-08-01,3469.7817,764.7988,1307.649
2007-09-01,3502.5096,773.9508,1350.0221
2007-10-01,3557.4295,773.1001,1374.815
2007-11-01,3586.2883,784.8239,1393.7677
2007-12-01,3598.7808,798.3836,1417.7037
2008-01-01,3613.8264,799.676,1441.0106
2008-02-01,3629.3386,796.7766,1449.1328
2008-03-01,3647.7135,798.3295,1470.742
2008-04-01,3660.9739,803.6247,1490.0915
2008-05-01,3650.6337,808.6086,1491.1859
2008-06-01,3637.3205,812.1232,1498.1997
2008-07-01,3629.8274,822.3914,1512.1388
2008-08-01,3630.798,829.3572,1513.7036
2008-09-01,3667.8843,837.0416,1530.9049
2008-10-01,3825.0385,860.9928,1586.5603
2008-11-01,3826.5069,869.8047,1575.6097
2008-12-01,3819.0678,875.447,1558.8075
2009-01-01,3801.7866,887.3371,1544.8286
2009-02-01,3825.4919,891.7441,1532.707
2009-03-01,3825.643,877.9933,1511.301
2009-04-01,3840.8355,866.0511,1491.6126
2009-05-01,3878.3577,861.7749,1469.401
2009-06-01,3860.3529,854.6503,1436.2822
2009-07-01,3839.2278,850.2787,1395.3934
2009-08-01,3814.5487,849.841,1363.5195
2009-09-01,3766.2692,847.6964,1337.6635
2009-10-01,3741.7732,842.7493,1307.86
2009-11-01,3805.506,841.8201,1290.1545
2009-12-01,3776.8554,835.5234,1265.2555
2010-01-01,3758.4838,819.5387,1238.6861
2010-02-01,3721.0013,812.0829,1223.5831
2010-03-01,3704.3509,886.4344,1210.1101
2010-04-01,3713.9185,1157.9697,1207.4849
2010-05-01,3699.6985,1149.2337,1196.7401
2010-06-01,3682.3527,1140.04,1190.104
2010-07-01,3661.9121,1136.5014,1188.9804
2010-08-01,3656.0884,1133.5941,1187.8347
2010-09-01,3642.2127,1121.213,1185.9268
2010-10-01,3627.1348,1114.8057,1184.9137
2010-11-01,3623.8581,1109.9688,1187.1107
2010-12-01,3613.6782,1107.193,1192.444
2011-01-01,3603.7424,1075.4663,1196.0085
2011-02-01,3569.998,1071.7425,1199.7574
2011-03-01,3539.9161,1071.2231,1206.9371
2011-04-01,3521.135,1076.7023,1214.8197
2011-05-01,3508.0648,1076.149,1228.9265
2011-06-01,3501.1119,1079.8477,1233.6136
2011-07-01,3497.7935,1081.7525,1244.2865
2011-08-01,3492.8156,1080.7765,1263.3331
2011-09-01,3489.0351,1079.3255,1269.7002
2011-10-01,3497.9548,1082.8356,1280.0926
2011-11-01,3505.1718,1084.4933,1292.8906
2011-12-01,3495.3207,1086.2584,1303.8297
2012-01-01,3511.5596,1085.7484,1321.3113
2012-02-01,3539.4015,1087.6179,1344.448
2012-03-01,3544.0419,1090.7541,1351.1006
2012-04-01,3540.4399,1092.6235,1368.4854
2012-05-01,3538.8456,1101.3832,1378.9337
2012-06-01,3528.5036,1100.9548,1397.974
2012-07-01,3525.653,1098.7158,1413.6843
2012-08-01,3526.9011,1100.9257,1425.8449
2012-09-01,3530.4409,1103.0752,1434.3573
2012-10-01,3526.7404,1104.8011,1449.2412
2012-11-01,3555.7563,1104.6107,1457.237
2012-12-01,3551.0215,1102.7321,1474.4678
2013-01-01,3560.4339,1103.8383,1484.9577
2013-02-01,3553.7765,1108.6952,1491.5213
2013-03-01,3548.8501,1112.7255,1500.0087
2013-04-01,3552.6087,1116.3137,1507.3087
2013-05-01,3545.1703,1120.8157,1510.3712
2013-06-01,3544.2004,1125.3845,1521.7906
2013-07-01,3537.8214,1124.4796,1531.8046
2013-08-01,3527.7936,1127.3184,1533.2935
2013-09-01,3527.1089,1129.9544,1539.9115
2013-10-01,3524.119,1135.2058,1549.1657
2013-11-01,3529.9296,1130.9458,1558.4843
2013-12-01,3532.0279,1128.1966,1574.2838
2014-01-01,3535.4723,1130.2423,1586.5723
2014-02-01,3545.8007,1136.1742,1619.8572
2014-03-01,3561.1452,1139.9549,1634.589
2014-04-01,3573.746,1147.3055,1651.0178
2014-05-01,3581.6919,1154.6603,1663.6825
2014-06-01,3597.8331,1160.3779,1676.9003
2014-07-01,3605.2956,1166.1954,1694.8635
2014-08-01,3616.0295,1170.3215,1711.9722
2014-09-01,3619.5929,1174.9741,1725.3824
2014-10-01,3621.0491,1177.5928,1729.9475
2014-11-01,3627.4481,1182.7474,1751.3091
2014-12-01,3639.1025,1186.7473,1773.2846
2015-01-01,3653.7855,1187.7784,1791.3112
2015-02-01,3676.1463,1190.8224,1807.941
2015-03-01,3710.6055,1192.6957,1835.271
2015-04-01,3719.9507,1202.2374,1847.7864
2015-05-01,3729.8318,1208.3279,1863.5989
2015-06-01,3748.3412,1213.8255,1880.4028
2015-07-01,3761.9831,1221.1352,1889.571
2015-08-01,3777.9674,1228.3932,1903.5628
2015-09-01,3795.0463,1236.5581,1914.5186
2015-10-01,3812.5224,1244.9143,1928.5973
2015-11-01,3847.7217,1251.4805,1945.9138
2015-12-01,3871.9571,1259.105,1953.0575
2016-01-01,3891.2957,1269.298,1963.8001
2016-02-01,3917.3115,1273.493,1987.26
2016-03-01,3943.4168,1283.6173,2020.1509
2016-04-01,3959.8607,1291.6431,2033.6157
2016-05-01,3986.5108,1298.727,2048.4201
2016-06-01,4007.1024,1312.2628,2051.2674
2016-07-01,4030.8213,1325.7653,2057.805
2016-08-01,4054.688,1333.4159,2051.2557
2016-09-01,4074.4758,1337.6295,2068.4611
2016-10-01,4097.3105,1344.2773,2083.5121
2016-11-01,4109.8479,1350.2259,2088.6245
2016-12-01,4116.3513,1356.0377,2083.9281
2017-01-01,4134.6107,1361.2336,2082.7842
2017-02-01,4143.2519,1363.8142,2083.2255
2017-03-01,4151.5577,1365.9086,2068.0841
2017-04-01,4167.1909,1368.5096,2068.5846
2017-05-01,4183.4,1371.2848,2072.4531
2017-06-01,4194.0942,1373.0926,2073.5548
2017-07-01,4212.4592,1379.6566,2076.6747
2017-08-01,4224.1969,1384.6263,2084.6944
2017-09-01,4230.1836,1393.292,2101.3416
2017-10-01,4254.0179,1408.4212,2109.91
2017-11-01,4272.6201,1423.429,2105.4603
2017-12-01,4287.4174,1427.5258,2105.8431
2018-01-01,4304.7449,1433.3185,2110.776
2018-02-01,4317.1947,1435.9325,2113.8694
2018-03-01,4326.1582,1441.0395,2127.1115
2018-04-01,4338.475,1460.1821,2168.1849
2018-05-01,4336.2075,1464.065,2172.4641
2018-06-01,4349.306,1470.5235,2189.1614
2018-07-01,4360.4339,1472.2875,2203.542
2018-08-01,4368.5357,1477.2862,2208.0386
2018-09-01,4389.1789,1482.3741,2220.704
2018-10-01,4401.7664,1488.8767,2242.6294
2018-11-01,4408.3001,1496.6654,2269.6999
2018-12-01,4418.8225,1497.4011,2304.1564
2019-01-01,4434.5363,1504.5029,2328.1491
2019-02-01,4444.6632,1511.6467,2336.63
2019-03-01,4455.2438,1518.0995,2345.6263
2019-04-01,4467.7645,1526.5888,2337.4769
2019-05-01,4487.8158,1536.1446,2336.7475
2019-06-01,4499.5534,1544.4036,2340.3341
2019-07-01,4507.3207,1551.0719,2348.4458
2019-08-01,4518.6538,1560.8476,2363.3328
2019-09-01,4534.7148,1565.682,2362.6472
2019-10-01,4556.819,1576.5465,2361.6878
2019-11-01,4585.2048,1584.1066,2366.7804
2019-12-01,4622.0388,1588.6213,2363.0527
2020-01-01,4635.6023,1595.6718,2359.0658
2020-02-01,4644.9541,1601.8268,2359.5612
2020-03-01,4665.6237,1604.6126,2576.3229
2020-04-01,4682.7895,1550.6303,2937.6143
2020-05-01,4675.5247,1520.6739,3040.007
2020-06-01,4671.6606,1517.0375,2926.3054
2020-07-01,4685.7288,1519.2705,2858.6592
2020-08-01,4685.9776,1516.3528,2812.1117
2020-09-01,4682.2001,1516.6064,2756.2878
2020-10-01,4680.5019,1518.7909,2696.5895
2020-11-01,4667.5872,1520.5008,2649.0571
2020-12-01,4659.1834,1522.4891,2617.1988
2021-01-01,4676.0663,1521.5046,2582.0524
2021-02-01,4653.4402,1524.9569,2602.4494
