DATE,target_retail,target_mining_logging,target_construction,target_edu_health,target_manufacturing,target_prof_business,target_gov,target_leisure_hospitality
1939-01,3107.8,882,1139,1381,9077,1943,3988,1860
1939-02,3121.8,884,1162,1384,9175,1950,4001,1867
1939-03,3139.7,883,1225,1387,9275,1958,4002,1877
1939-04,3154.8,624,1249,1389,9309,1957,4002,1887
1939-05,3151.7,737,1262,1399,9299,1968,4006,1888
1939-06,3152.9,868,1264,1406,9315,1980,4003,1895
1939-07,3165.8,852,1221,1411,9231,1985,4019,1897
1939-08,3165.9,859,1236,1412,9400,1990,4046,1899
1939-09,3185.0,885,1203,1424,9604,2010,4076,1918
1939-10,3186.1,925,1186,1415,9873,2021,4089,1910
1939-11,3192.0,939,1172,1421,9896,2027,4109,1913
1939-12,3178.1,930,1142,1428,9949,2033,4134,1930
1940-01,3233.5,925,1121,1433,9927,2039,4150,1936
1940-02,3250.8,929,1178,1440,9916,2047,4150,1945
1940-03,3336.7,926,1214,1447,9884,2051,4151,1993
1940-04,3279.1,920,1276,1455,9817,2055,4152,1965
1940-05,3303.7,930,1298,1460,9810,2061,4172,1979
1940-06,3324.9,918,1290,1465,9832,2066,4218,1995
1940-07,3318.9,920,1272,1469,9766,2070,4261,1988
1940-08,3331.5,923,1286,1478,10048,2087,4282,2000
1940-09,3366.1,928,1379,1487,10258,2104,4312,2023
1940-10,3370.1,932,1506,1496,10471,2123,4353,2023
1940-11,3379.8,936,1627,1501,10643,2137,4396,2025
1940-12,3411.1,939,1777,1507,10847,2155,4415,2056
1941-01,3408.6,945,1833,1516,10993,2171,4468,2045
1941-02,3436.5,951,1820,1526,11211,2189,4504,2061
1941-03,3458.1,961,1739,1536,11409,2207,4535,2074
1941-04,3570.6,681,1772,1551,11698,2232,4585,2138
1941-05,3519.9,979,1784,1558,11957,2259,4642,2110
1941-06,3560.1,990,1791,1563,12204,2277,4701,2133
1941-07,3593.6,1001,1881,1575,12382,2301,4750,2151
1941-08,3624.1,1013,1918,1583,12532,2317,4821,2172
1941-09,3632.5,1020,1939,1587,12683,2326,4891,2175
1941-10,3615.1,1022,1935,1594,12770,2336,4907,2165
1941-11,3615.3,1021,1915,1601,12810,2344,4949,2165
1941-12,3606.7,1024,1903,1606,12876,2351,4971,2165
1942-01,3592.6,1029,1914,1611,12965,2362,5089,2161
1942-02,3579.5,1021,1900,1608,13127,2365,5146,2154
1942-03,3566.7,1014,2042,1615,13311,2377,5257,2149
1942-04,3542.0,1022,2170,1623,13509,2394,5357,2141
1942-05,3535.8,1025,2271,1626,13704,2403,5431,2137
1942-06,3503.1,1019,2380,1632,13842,2413,5510,2123
1942-07,3490.9,1018,2494,1640,14072,2429,5591,2118
1942-08,3494.6,1011,2478,1644,14339,2442,5814,2124
1942-09,3493.5,1002,2433,1647,14582,2454,5866,2118
1942-10,3508.8,994,2352,1649,14772,2463,5956,2132
1942-11,3498.8,989,2260,1645,14971,2470,6026,2126
1942-12,3479.8,984,2136,1645,15288,2482,6072,2118
1943-01,3473.4,974,2064,1649,15532,2498,6132,2115
1943-02,3466.2,978,2022,1653,15685,2509,6223,2113
1943-03,3465.7,973,1954,1655,15856,2515,6257,2112
1943-04,3505.9,968,1854,1655,15961,2519,6267,2139
1943-05,3474.8,958,1737,1656,16044,2521,6281,2118
1943-06,3495.3,957,1639,1658,16204,2528,6324,2128
1943-07,3490.1,954,1516,1658,16306,2531,6257,2125
1943-08,3481.6,947,1433,1658,16369,2532,6151,2122
1943-09,3478.9,950,1357,1663,16366,2537,6167,2115
1943-10,3492.7,950,1334,1666,16512,2546,6170,2133
1943-11,3508.5,943,1320,1671,16598,2558,6179,2142
1943-12,3448.8,950,1316,1674,16526,2557,6271,2112
1944-01,3507.3,947,1323,1661,16439,2552,6162,2139
1944-02,3507.2,948,1300,1668,16330,2556,6129,2142
1944-03,3508.4,942,1237,1670,16170,2549,6113,2138
1944-04,3498.1,940,1172,1667,16012,2540,6112,2138
1944-05,3505.4,938,1149,1666,15944,2536,6121,2135
1944-06,3508.5,934,1123,1671,15890,2535,6147,2136
1944-07,3528.4,925,1103,1668,15832,2529,6190,2145
1944-08,3533.3,922,1081,1669,15781,2527,6204,2149
1944-09,3529.8,914,1036,1667,15662,2523,6216,2139
1944-10,3540.8,906,1085,1665,15630,2519,6223,2154
1944-11,3544.6,901,1095,1667,15568,2524,6263,2159
1944-12,3496.1,894,1113,1668,15659,2525,6375,2135
1945-01,3572.8,893,1143,1659,15669,2527,6254,2170
1945-02,3582.3,892,1191,1667,15581,2533,6239,2179
1945-03,3612.9,890,1179,1666,15473,2528,6216,2188
1945-04,3522.1,855,1148,1666,15335,2519,6185,2147
1945-05,3575.6,820,1138,1666,15201,2512,6159,2166
1945-06,3581.8,878,1133,1681,14948,2512,6181,2171
1945-07,3600.9,868,1144,1692,14599,2512,6185,2182
1945-08,3613.9,863,1159,1706,14201,2506,6135,2194
1945-09,3665.2,857,1143,1711,12486,2447,5942,2215
1945-10,3696.2,795,1231,1733,12487,2466,5854,2242
1945-11,3742.5,871,1291,1753,12537,2498,5830,2274
1945-12,3722.3,880,1336,1773,12528,2514,5811,2264
1946-01,3880.6,891,1421,1797,12719,2560,5785,2350
1946-02,3946.1,885,1501,1819,11922,2550,5778,2392
1946-03,3995.1,891,1581,1839,12545,2596,5758,2413
1946-04,4066.2,600,1639,1857,13200,2635,5761,2458
1946-05,4080.3,807,1679,1869,13389,2650,5732,2461
1946-06,4110.7,911,1697,1880,13598,2670,5680,2477
1946-07,4145.3,929,1761,1886,13771,2691,5682,2496
1946-08,4202.8,939,1808,1904,13981,2717,5681,2535
1946-09,4209.7,941,1836,1932,14135,2747,5669,2536
1946-10,4223.4,945,1875,1933,14182,2756,5664,2545
1946-11,4282.0,946,1901,1945,14310,2778,5639,2579
1946-12,4265.6,932,1931,1956,14301,2779,5628,2564
1947-01,4282.1,958,1927,1976,14328,2805,5619,2587
1947-02,4296.0,962,1960,1986,14278,2813,5606,2600
1947-03,4326.2,965,1972,1992,14259,2817,5588,2612
1947-04,4334.8,946,1992,1997,14240,2814,5558,2620
1947-05,4368.6,972,2015,2005,14189,2823,5551,2637
1947-06,4391.0,977,2076,2013,14200,2834,5524,2649
1947-07,4410.6,953,2077,2020,14076,2839,5524,2659
1947-08,4416.4,985,2095,2024,14200,2847,5519,2666
1947-09,4440.2,989,2094,2030,14315,2859,5539,2673
1947-10,4469.7,997,2109,2039,14393,2870,5566,2690
1947-11,4478.7,1002,2101,2044,14414,2877,5585,2697
1947-12,4481.8,1005,2130,2049,14428,2882,5605,2695
1948-01,4490.5,1008,2179,2047,14438,2885,5624,2704
1948-02,4489.4,1003,2105,2051,14339,2885,5615,2706
1948-03,4503.4,1017,2163,2058,14364,2894,5623,2713
1948-04,4469.8,917,2202,2069,14183,2891,5643,2697
1948-05,4512.0,1028,2245,2074,14235,2904,5681,2720
1948-06,4530.0,1035,2280,2082,14318,2912,5736,2729
1948-07,4543.9,1006,2284,2084,14359,2920,5774,2736
1948-08,4545.2,1033,2269,2088,14353,2920,5791,2739
1948-09,4544.7,1036,2264,2090,14441,2923,5805,2736
1948-10,4544.5,1030,2263,2087,14390,2917,5829,2735
1948-11,4547.2,1027,2280,2088,14292,2915,5869,2737
1948-12,4552.6,1025,2306,2096,14086,2914,5888,2743
1949-01,4535.0,1011,2292,2080,13867,2892,5894,2730
1949-02,4536.2,1010,2275,2088,13734,2888,5893,2734
1949-03,4525.6,1003,2264,2083,13581,2876,5915,2727
1949-04,4586.8,1003,2243,2092,13439,2882,5948,2760
1949-05,4531.8,991,2232,2097,13269,2877,5962,2735
1949-06,4516.8,976,2197,2095,13178,2865,5956,2725
1949-07,4500.5,953,2202,2098,13067,2860,5962,2718
1949-08,4496.1,961,2208,2098,13158,2858,5985,2715
1949-09,4519.2,955,2223,2104,13225,2864,5990,2729
1949-10,4498.4,630,2218,2106,12891,2832,5970,2719
1949-11,4485.1,929,2229,2109,12882,2847,5950,2715
1949-12,4509.8,948,2207,2113,13062,2863,5952,2735
1950-01,4496.5,878,2216,2105,13161,2861,5934,2717
1950-02,4497.6,638,2228,2114,13169,2856,5926,2720
1950-03,4512.6,951,2241,2113,13290,2876,6078,2727
1950-04,4531.8,954,2293,2127,13471,2904,6094,2740
1950-05,4546.5,955,2345,2135,13780,2916,6043,2751
1950-06,4571.9,957,2408,2143,13923,2938,6022,2765
1950-07,4595.1,938,2454,2150,14072,2954,6090,2777
1950-08,4639.7,965,2491,2159,14461,2982,6187,2801
1950-09,4639.8,967,2512,2161,14561,2990,6228,2801
1950-10,4640.5,966,2546,2166,14737,3000,6249,2803
1950-11,4643.7,962,2564,2171,14762,3007,6262,2807
1950-12,4651.9,959,2542,2178,14782,3017,6314,2818
1951-01,4696.6,959,2609,2187,14950,3037,6352,2838
1951-02,4722.4,962,2628,2195,15076,3049,6382,2853
1951-03,4799.2,959,2670,2204,15125,3065,6410,2894
1951-04,4676.4,948,2696,2208,15166,3070,6451,2828
1951-05,4756.0,954,2711,2212,15164,3073,6417,2873
1951-06,4767.0,958,2692,2219,15176,3077,6499,2880
1951-07,4771.5,945,2692,2226,15110,3082,6538,2883
1951-08,4775.9,959,2689,2235,15061,3087,6519,2888
1951-09,4774.4,952,2674,2233,14996,3082,6552,2887
1951-10,4774.3,958,2699,2238,14973,3085,6577,2887
1951-11,4794.3,958,2660,2244,14999,3095,6626,2898
1951-12,4799.2,957,2696,2248,15045,3101,6688,2904
1952-01,4805.0,958,2694,2257,15067,3113,6589,2906
1952-02,4812.7,954,2754,2267,15105,3123,6650,2912
1952-03,4804.7,957,2691,2266,15127,3125,6662,2905
1952-04,4842.8,956,2688,2270,15162,3129,6662,2927
1952-05,4849.5,954,2687,2277,15143,3134,6694,2933
1952-06,4863.6,874,2717,2277,14828,3118,6712,2939
1952-07,4881.7,848,2713,2280,14707,3112,6737,2949
1952-08,4896.1,931,2718,2286,15279,3147,6718,2958
1952-09,4922.7,930,2723,2289,15553,3160,6734,2972
1952-10,4946.7,927,2695,2292,15690,3172,6816,2986
1952-11,4964.5,923,2707,2297,15843,3184,6801,2995
1952-12,4979.9,923,2714,2306,15973,3199,6935,3005
1953-01,4981.6,926,2728,2300,16067,3199,6794,3006
1953-02,4998.8,919,2764,2309,16158,3211,6797,3017
1953-03,5017.4,911,2728,2316,16270,3220,6784,3027
1953-04,4958.1,908,2707,2322,16293,3228,6770,2999
1953-05,5019.9,905,2684,2327,16341,3235,6717,3032
1953-06,5025.9,903,2663,2335,16343,3240,6734,3036
1953-07,5025.1,900,2657,2339,16353,3245,6723,3037
1953-08,5029.2,899,2657,2344,16278,3246,6754,3041
1953-09,5024.1,895,2680,2355,16151,3246,6749,3039
1953-10,5040.4,890,2707,2354,15981,3240,6764,3047
1953-11,5025.4,886,2701,2356,15728,3230,6749,3040
1953-12,5010.1,879,2713,2357,15581,3223,6743,3035
1954-01,5010.5,872,2651,2354,15440,3212,6760,3032
1954-02,5006.7,864,2709,2358,15307,3207,6783,3031
1954-03,4973.1,848,2703,2360,15197,3198,6796,3012
1954-04,5022.0,836,2701,2366,15065,3202,6806,3043
1954-05,4993.1,822,2680,2372,14974,3201,6829,3028
1954-06,4984.5,821,2669,2380,14910,3203,6846,3025
1954-07,4993.4,817,2664,2393,14799,3208,6868,3031
1954-08,4993.5,813,2666,2397,14772,3211,6892,3033
1954-09,4990.8,795,2661,2411,14805,3221,6894,3034
1954-10,4991.7,803,2677,2404,14841,3219,6900,3033
1954-11,5002.2,805,2720,2409,14913,3228,6964,3041
1954-12,5027.2,805,2736,2417,14967,3238,6957,3060
1955-01,5040.2,806,2769,2428,15034,3250,6953,3063
1955-02,5049.7,809,2779,2435,15138,3262,6923,3070
1955-03,5082.2,817,2835,2444,15258,3277,6938,3088
1955-04,5099.3,821,2871,2458,15375,3293,6959,3106
1955-05,5123.4,827,2903,2467,15493,3310,6991,3116
1955-06,5150.5,830,2916,2478,15585,3328,7020,3132
1955-07,5176.5,830,2932,2496,15614,3347,7049,3149
1955-08,5193.2,831,2922,2509,15679,3361,7023,3162
1955-09,5226.2,838,2921,2525,15668,3375,7067,3180
1955-10,5228.3,841,2901,2541,15740,3393,7118,3185
1955-11,5250.5,843,2898,2554,15813,3409,7083,3198
1955-12,5289.2,846,2903,2563,15859,3420,7132,3218
1956-01,5302.3,850,2933,2572,15882,3432,7167,3230
1956-02,5316.7,856,2986,2583,15889,3442,7212,3241
1956-03,5375.7,863,2999,2591,15829,3451,7252,3272
1956-04,5279.6,869,3033,2592,15909,3455,7276,3232
1956-05,5324.2,859,3073,2591,15893,3455,7367,3245
1956-06,5326.2,868,3202,2592,15835,3455,7367,3245
1956-07,5304.3,805,3117,2578,15468,3423,7405,3231
1956-08,5305.4,869,3160,2579,15893,3445,7451,3232
1956-09,5293.5,868,3129,2595,15863,3454,7481,3227
1956-10,5316.8,868,3113,2607,15937,3469,7519,3244
1956-11,5321.2,865,3105,2617,15916,3476,7553,3248
1956-12,5321.9,863,3106,2625,15957,3484,7584,3249
1957-01,5306.2,867,2996,2639,15970,3496,7620,3245
1957-02,5322.9,870,3065,2652,15998,3509,7646,3257
1957-03,5327.9,869,3073,2656,15994,3514,7672,3258
1957-04,5337.2,869,3048,2662,15970,3520,7701,3282
1957-05,5331.2,868,3035,2675,15931,3527,7713,3266
1957-06,5331.6,869,3035,2680,15873,3527,7702,3268
1957-07,5345.4,870,3011,2686,15854,3530,7754,3277
1957-08,5344.2,875,2986,2685,15867,3533,7757,3278
1957-09,5346.9,864,2971,2696,15710,3533,7749,3280
1957-10,5326.7,857,2965,2695,15599,3526,7768,3270
1957-11,5325.6,849,2945,2696,15466,3516,7769,3270
1957-12,5299.9,844,2935,2690,15332,3502,7846,3257
1958-01,5304.2,847,2925,2681,15130,3484,7821,3256
1958-02,5270.4,829,2792,2676,14908,3465,7832,3238
1958-03,5261.4,812,2853,2676,14670,3452,7848,3229
1958-04,5203.6,791,2823,2676,14506,3441,7868,3220
1958-05,5234.5,779,2815,2678,14414,3438,7894,3219
1958-06,5236.0,780,2796,2681,14408,3439,7926,3221
1958-07,5243.2,781,2807,2689,14450,3445,7972,3226
1958-08,5255.8,790,2833,2698,14524,3457,8012,3237
1958-09,5280.2,799,2874,2708,14658,3471,8016,3251
1958-10,5291.2,798,2917,2720,14503,3479,8031,3260
1958-11,5306.0,801,2982,2724,14827,3495,8028,3269
1958-12,5329.7,805,2910,2741,14877,3508,8100,3287
1959-01,5350.3,805,2993,2765,14998,3540,8105,3298
1959-02,5381.3,795,2980,2778,15115,3556,8116,3319
1959-03,5431.6,797,3013,2789,15259,3573,8132,3341
1959-04,5395.4,799,3085,2804,15385,3594,8142,3346
1959-05,5456.3,804,3087,2814,15487,3611,8153,3364
1959-06,5467.8,808,3100,2822,15554,3620,8143,3371
1959-07,5471.4,819,3087,2824,15623,3623,8173,3373
1959-08,5489.0,762,3085,2827,15202,3609,8181,3382
1959-09,5484.4,747,3051,2842,15254,3622,8239,3382
1959-10,5494.3,751,3016,2854,15158,3626,8265,3390
1959-11,5503.7,783,3025,2865,15300,3642,8284,3398
1959-12,5527.9,794,3058,2880,15573,3668,8368,3411
1960-01,5554.1,783,3021,2893,15687,3685,8307,3431
1960-02,5578.0,787,3053,2907,15765,3701,8326,3451
1960-03,5573.0,785,2881,2907,15707,3695,8525,3438
1960-04,5671.2,788,3004,2919,15654,3712,8534,3511
1960-05,5596.8,778,3021,2928,15575,3713,8432,3461
1960-06,5594.8,775,2999,2938,15466,3715,8432,3462
1960-07,5597.3,755,3002,2947,15413,3718,8442,3465
1960-08,5592.3,772,2973,2949,15360,3718,8472,3463
1960-09,5591.1,768,2959,2948,15330,3717,8494,3462
1960-10,5596.8,765,2956,2960,15231,3720,8502,3468
1960-11,5575.0,751,2936,2968,15112,3717,8516,3459
1960-12,5564.1,739,2862,2972,14947,3710,8597,3454
1961-01,5565.5,736,2909,2980,14863,3714,8564,3458
1961-02,5535.4,729,2888,2985,14801,3712,8587,3445
1961-03,5577.6,726,2910,2995,14802,3720,8611,3463
1961-04,5515.0,724,2883,2999,14825,3723,8629,3444
1961-05,5535.2,725,2866,3003,14932,3732,8664,3448
1961-06,5551.4,730,2907,3016,14981,3746,8688,3459
1961-07,5564.1,728,2883,3029,15029,3760,8724,3468
1961-08,5565.1,730,2902,3043,15093,3775,8764,3472
1961-09,5563.2,732,2918,3059,15080,3790,8796,3475
1961-10,5572.4,727,2935,3069,15143,3799,8805,3481
1961-11,5596.3,727,2941,3082,15259,3814,8812,3497
1961-12,5603.7,721,2951,3097,15309,3828,8836,3506
1962-01,5604.1,722,2892,3108,15322,3838,8851,3507
1962-02,5627.9,723,2975,3121,15411,3854,8878,3522
1962-03,5643.6,717,2941,3132,15451,3864,8901,3529
1962-04,5683.3,716,3018,3146,15524,3880,8922,3561
1962-05,5667.1,715,3025,3161,15513,3893,8958,3551
1962-06,5671.4,708,2960,3173,15518,3902,9000,3555
1962-07,5676.1,701,3025,3183,15522,3908,9026,3559
1962-08,5684.4,707,3027,3194,15517,3918,9063,3566
1962-09,5699.9,704,3033,3202,15568,3931,9089,3576
1962-10,5701.5,701,3031,3209,15569,3939,9114,3579
1962-11,5713.6,695,3035,3215,15530,3937,9145,3588
1962-12,5715.7,691,3008,3223,15520,3944,9126,3591
1963-01,5725.6,691,3021,3228,15545,3943,9204,3596
1963-02,5733.6,689,2997,3234,15542,3956,9231,3601
1963-03,5752.7,690,2979,3249,15564,3968,9245,3613
1963-04,5785.1,695,3046,3259,15602,3980,9264,3638
1963-05,5753.1,697,3061,3266,15641,3988,9288,3619
1963-06,5763.0,687,3060,3280,15624,4000,9302,3627
1963-07,5770.7,689,3088,3289,15646,4009,9334,3632
1963-08,5789.8,694,3099,3303,15644,4020,9368,3645
1963-09,5805.9,699,3110,3315,15674,4036,9417,3657
1963-10,5824.0,699,3104,3337,15714,4058,9479,3671
1963-11,5834.2,698,3083,3342,15675,4056,9484,3678
1963-12,5851.1,699,3082,3352,15712,4064,9497,3690
1964-01,5880.0,695,2996,3371,15715,4084,9562,3707
1964-02,5906.3,696,3132,3384,15742,4098,9581,3724
1964-03,5955.8,692,3125,3388,15770,4102,9611,3750
1964-04,5873.1,695,3113,3406,15785,4118,9644,3716
1964-05,5928.9,693,3125,3421,15812,4133,9670,3743
1964-06,5960.7,696,3147,3433,15839,4144,9669,3762
1964-07,5987.7,696,3157,3450,15887,4162,9677,3779
1964-08,6012.1,696,3166,3457,15948,4174,9732,3794
1964-09,6023.6,699,3171,3477,16073,4197,9786,3803
1964-10,6045.6,702,3200,3484,15821,4197,9845,3816
1964-11,6065.6,704,3226,3490,16096,4211,9879,3829
1964-12,6095.2,702,3233,3499,16176,4222,9897,3845
1965-01,6124.0,697,3231,3511,16245,4233,9937,3863
1965-02,6154.2,700,3225,3524,16291,4250,9974,3882
1965-03,6163.9,698,3241,3536,16353,4264,10010,3887
1965-04,6217.7,699,3200,3554,16418,4284,10051,3925
1965-05,6238.9,698,3269,3569,16477,4299,10094,3934
1965-06,6259.3,689,3279,3579,16554,4313,10128,3946
1965-07,6278.9,693,3249,3599,16669,4334,10201,3960
1965-08,6292.0,691,3303,3608,16732,4347,10271,3969
1965-09,6317.0,686,3320,3622,16802,4365,10338,3985
1965-10,6338.8,691,3340,3633,16864,4380,10378,3998
1965-11,6363.5,694,3365,3646,16962,4394,10436,4015
1965-12,6407.9,694,3406,3665,17051,4416,10499,4038
1966-01,6417.9,692,3379,3679,17143,4433,10541,4049
1966-02,6427.2,691,3336,3695,17288,4450,10611,4060
1966-03,6455.3,694,3421,3711,17400,4470,10692,4076
1966-04,6472.5,657,3394,3726,17517,4490,10759,4091
1966-05,6507.9,690,3360,3742,17625,4508,10821,4110
1966-06,6539.2,691,3422,3763,17733,4532,10902,4129
1966-07,6559.3,692,3420,3781,17760,4547,10974,4143
1966-08,6576.7,696,3394,3797,17882,4564,11006,4156
1966-09,6582.6,695,3367,3809,17886,4580,11063,4163
1966-10,6597.3,695,3340,3828,17956,4601,11127,4173
1966-11,6602.8,693,3314,3845,17981,4618,11203,4181
1966-12,6631.4,692,3318,3863,17998,4634,11256,4195
1967-01,6630.5,695,3329,3883,18033,4655,11315,4201
1967-02,6628.5,692,3317,3899,17978,4666,11353,4209
1967-03,6667.2,689,3290,3919,17940,4681,11397,4231
1967-04,6616.8,687,3277,3939,17878,4693,11435,4209
1967-05,6677.7,685,3262,3957,17832,4709,11474,4245
1967-06,6697.9,685,3264,3975,17812,4726,11534,4259
1967-07,6719.0,685,3303,3997,17784,4745,11544,4274
1967-08,6729.0,670,3312,4015,17905,4764,11590,4283
1967-09,6761.2,667,3314,4036,17794,4777,11623,4306
1967-10,6766.7,666,3313,4046,17800,4788,11642,4310
1967-11,6805.9,667,3344,4074,17985,4824,11695,4339
1967-12,6851.3,667,3345,4090,18025,4839,11735,4361
1968-01,6809.8,666,3211,4100,18040,4845,11794,4343
1968-02,6858.3,666,3397,4120,18054,4866,11819,4378
1968-03,6875.6,664,3388,4126,18067,4873,11842,4388
1968-04,6921.4,675,3401,4136,18131,4887,11878,4412
1968-05,6936.7,675,3390,4154,18190,4895,11905,4424
1968-06,6957.9,673,3363,4179,18228,4924,11987,4439
1968-07,6987.0,678,3386,4196,18265,4944,12018,4457
1968-08,7025.5,679,3417,4216,18254,4962,12042,4482
1968-09,7052.6,681,3457,4221,18252,4965,12067,4497
1968-10,7084.2,636,3490,4253,18293,5001,12101,4520
1968-11,7105.3,680,3486,4283,18346,5032,12107,4539
1968-12,7133.7,681,3526,4305,18410,5053,12145,4554
1969-01,7154.0,678,3534,4326,18432,5073,12209,4571
1969-02,7175.2,678,3575,4348,18502,5092,12224,4591
1969-03,7202.4,676,3579,4373,18558,5118,12229,4613
1969-04,7224.1,671,3590,4391,18554,5139,12245,4626
1969-05,7267.8,676,3635,4408,18588,5154,12284,4652
1969-06,7303.3,677,3664,4422,18640,5174,12359,4671
1969-07,7321.4,684,3664,4441,18642,5192,12340,4685
1969-08,7344.7,690,3654,4458,18767,5211,12373,4701
1969-09,7350.7,692,3676,4463,18620,5207,12379,4703
1969-10,7387.9,691,3672,4493,18613,5242,12430,4729
1969-11,7408.9,690,3683,4500,18467,5245,12448,4744
1969-12,7426.6,692,3707,4517,18485,5258,12477,4749
1970-01,7427.2,687,3615,4531,18424,5271,12496,4756
1970-02,7443.3,683,3703,4552,18361,5283,12518,4773
1970-03,7467.0,681,3697,4556,18360,5287,12603,4791
1970-04,7448.9,676,3669,4567,18207,5289,12705,4780
1970-05,7454.9,673,3634,4579,18029,5289,12668,4785
1970-06,7455.4,675,3636,4574,17930,5286,12667,4782
1970-07,7464.6,673,3645,4567,17877,5284,12697,4785
1970-08,7462.2,677,3649,4559,17779,5272,12711,4783
1970-09,7480.9,678,3618,4593,17692,5289,12741,4797
1970-10,7497.7,678,3626,4610,17173,5294,12793,4812
1970-11,7468.7,678,3643,4619,17024,5295,12830,4804
1970-12,7516.0,676,3688,4623,17309,5303,12845,4825
1971-01,7558.8,671,3643,4632,17280,5313,12878,4849
1971-02,7556.1,665,3633,4632,17216,5309,12877,4850
1971-03,7571.2,663,3674,4642,17154,5315,12908,4866
1971-04,7602.5,668,3735,4647,17149,5322,12945,4881
1971-05,7625.0,670,3750,4658,17225,5334,12970,4894
1971-06,7641.5,670,3759,4671,17139,5346,13008,4904
1971-07,7671.0,652,3786,4677,17126,5351,13011,4922
1971-08,7698.6,669,3786,4672,17115,5344,13041,4935
1971-09,7722.8,676,3820,4695,17154,5364,13068,4947
1971-10,7730.0,611,3867,4706,17126,5376,13115,4955
1971-11,7731.5,615,3903,4722,17166,5393,13148,4966
1971-12,7789.2,672,3867,4736,17202,5409,13190,4992
1972-01,7895.1,670,3912,4749,17283,5426,13266,5017
1972-02,7925.9,666,3888,4764,17361,5441,13298,5040
1972-03,7949.7,668,3921,4781,17447,5462,13329,5057
1972-04,7975.6,660,3931,4806,17508,5485,13358,5074
1972-05,7992.4,663,3957,4833,17602,5511,13416,5088
1972-06,8022.2,672,3969,4884,17641,5561,13405,5114
1972-07,8035.5,667,3939,4879,17556,5551,13482,5123
1972-08,8069.4,676,3983,4900,17741,5578,13530,5145
1972-09,8076.8,682,4000,4894,17774,5574,13575,5144
1972-10,8127.0,682,4038,4930,17893,5619,13606,5182
1972-11,8172.5,681,4002,4952,18005,5646,13643,5216
1972-12,8226.9,677,3937,4975,18158,5668,13684,5240
1973-01,8258.0,675,4004,5003,18276,5697,13690,5263
1973-02,8283.5,679,4071,5025,18410,5723,13711,5282
1973-03,8309.6,680,4089,5042,18493,5744,13745,5303
1973-04,8326.3,680,4106,5052,18530,5755,13777,5313
1973-05,8353.9,681,4137,5060,18564,5765,13817,5326
1973-06,8373.5,686,4193,5069,18606,5777,13872,5334
1973-07,8370.8,692,4232,5058,18598,5768,13865,5331
1973-08,8384.6,697,4233,5104,18629,5811,13904,5347
1973-09,8404.0,702,4237,5139,18609,5837,13892,5363
1973-10,8446.1,707,4232,5158,18702,5866,13977,5388
1973-11,8484.3,714,4232,5189,18773,5897,14035,5419
1973-12,8477.1,720,4239,5201,18820,5904,14070,5410
1974-01,8466.2,725,4196,5217,18788,5920,14090,5410
1974-02,8463.7,732,4259,5242,18727,5940,14135,5415
1974-03,8473.0,732,4255,5259,18700,5952,14152,5426
1974-04,8501.2,743,4225,5262,18702,5954,14191,5442
1974-05,8533.5,749,4198,5304,18688,5990,14221,5465
1974-06,8543.1,755,4146,5323,18690,6007,14239,5473
1974-07,8571.7,761,4045,5349,18656,6023,14288,5492
1974-08,8568.0,767,4059,5356,18570,6029,14328,5494
1974-09,8593.8,773,4009,5365,18492,6028,14422,5506
1974-10,8627.8,782,3972,5387,18364,6049,14484,5530
1974-11,8589.3,785,3911,5394,18077,6039,14532,5514
1974-12,8527.7,750,3860,5401,17693,6020,14559,5483
1975-01,8518.9,789,3841,5404,17344,6006,14624,5476
1975-02,8528.5,790,3718,5421,17004,6002,14747,5484
1975-03,8526.7,793,3628,5430,16853,5999,14754,5488
1975-04,8492.9,785,3565,5435,16759,5994,14795,5472
1975-05,8538.5,799,3552,5468,16746,6022,14827,5502
1975-06,8582.9,802,3526,5458,16690,6011,14784,5524
1975-07,8615.3,802,3501,5515,16678,6055,14861,5552
1975-08,8655.7,805,3547,5546,16824,6091,14870,5585
1975-09,8657.9,807,3573,5540,16904,6088,14824,5580
1975-10,8687.8,813,3587,5562,16984,6120,14900,5602
1975-11,8701.3,813,3604,5578,17025,6130,14903,5614
1975-12,8744.5,821,3641,5602,17140,6152,14946,5641
1976-01,8808.6,824,3688,5635,17287,6191,14969,5681
1976-02,8871.8,822,3687,5657,17384,6217,14981,5718
1976-03,8884.4,825,3685,5687,17470,6246,14987,5736
1976-04,8937.2,825,3684,5709,17541,6267,14985,5767
1976-05,8959.9,826,3649,5730,17513,6286,14971,5781
1976-06,8955.9,829,3632,5751,17521,6304,14963,5787
1976-07,8983.1,837,3627,5780,17524,6327,14993,5804
1976-08,9017.0,810,3632,5789,17596,6340,15007,5827
1976-09,9039.2,843,3634,5801,17665,6355,14971,5839
1976-10,9049.3,844,3645,5819,17548,6373,15028,5849
1976-11,9059.4,847,3678,5843,17682,6395,15073,5860
1976-12,9079.3,854,3688,5868,17719,6419,15075,5879
1977-01,9133.8,857,3660,5892,17803,6447,15056,5911
1977-02,9163.5,860,3775,5914,17843,6470,15056,5930
1977-03,9221.3,872,3859,5941,17941,6500,15050,5969
1977-04,9257.3,879,3904,5965,18024,6526,15075,5992
1977-05,9302.6,882,3930,5992,18107,6556,15132,6020
1977-06,9347.5,892,3962,6023,18192,6587,15207,6050
1977-07,9376.6,866,3981,6060,18259,6621,15299,6073
1977-08,9416.7,853,3995,6094,18276,6653,15328,6103
1977-09,9462.8,887,4023,6139,18334,6697,15403,6136
1977-10,9503.2,889,4034,6171,18356,6732,15463,6164
1977-11,9557.9,894,4058,6204,18419,6761,15515,6198
1977-12,9611.8,753,4087,6229,18531,6787,15538,6231
1978-01,9644.5,752,4029,6228,18593,6794,15611,6251
1978-02,9673.8,756,4058,6266,18639,6830,15671,6272
1978-03,9716.6,772,4178,6308,18699,6873,15731,6308
1978-04,9769.8,928,4308,6353,18772,6921,15797,6340
1978-05,9830.1,932,4302,6387,18848,6957,15834,6376
1978-06,9889.6,940,4379,6421,18919,6993,15852,6413
1978-07,9930.5,946,4403,6455,18951,7022,15901,6438
1978-08,9954.8,948,4420,6498,19006,7062,15891,6459
1978-09,9983.0,952,4424,6514,19068,7083,15819,6477
1978-10,10024.1,959,4447,6525,19142,7105,15858,6502
1978-11,10069.7,968,4453,6567,19257,7147,15894,6532
1978-12,10094.7,974,4450,6597,19334,7178,15911,6551
1979-01,10124.5,979,4373,6603,19388,7191,15937,6571
1979-02,10146.9,986,4389,6645,19409,7228,15947,6592
1979-03,10176.2,993,4552,6683,19453,7265,15956,6620
1979-04,10183.4,992,4516,6702,19450,7271,15977,6614
1979-05,10178.4,997,4565,6738,19509,7313,15990,6621
1979-06,10169.7,1004,4604,6770,19553,7346,16045,6623
1979-07,10136.3,1011,4621,6784,19531,7360,16150,6608
1979-08,10141.3,1019,4634,6812,19406,7378,16229,6617
1979-09,10174.7,1021,4625,6830,19442,7395,16128,6639
1979-10,10229.6,1028,4620,6858,19390,7421,16136,6674
1979-11,10270.0,1031,4617,6879,19299,7436,16173,6693
1979-12,10271.9,1039,4630,6908,19301,7459,16180,6702
1980-01,10273.9,1042,4625,6942,19282,7488,16201,6713
1980-02,10297.9,1050,4605,6975,19219,7512,16226,6731
1980-03,10303.5,1053,4548,7002,19217,7536,16296,6743
1980-04,10240.4,1061,4473,7020,18973,7533,16583,6708
1980-05,10224.1,1074,4434,7034,18726,7534,16454,6700
1980-06,10209.8,1083,4395,7048,18490,7534,16441,6693
1980-07,10199.6,1071,4351,7077,18276,7548,16418,6693
1980-08,10218.6,1069,4377,7104,18414,7576,16410,6704
1980-09,10231.3,1085,4401,7134,18445,7605,16330,6717
1980-10,10238.5,1095,4411,7159,18506,7629,16386,6730
1980-11,10257.4,1113,4409,7194,18601,7660,16391,6745
1980-12,10277.1,1127,4415,7227,18640,7691,16373,6765
1981-01,10294.6,1139,4374,7254,18639,7714,16360,6780
1981-02,10325.0,1148,4357,7273,18613,7730,16346,6801
1981-03,10335.3,1160,4396,7285,18647,7744,16292,6811
1981-04,10372.3,1026,4414,7313,18711,7768,16260,6833
1981-05,10386.2,1039,4343,7331,18766,7785,16198,6842
1981-06,10397.5,1190,4311,7352,18789,7806,16159,6852
1981-07,10405.6,1218,4299,7371,18785,7824,16175,6857
1981-08,10412.7,1232,4278,7393,18748,7841,16110,6867
1981-09,10407.0,1244,4254,7417,18712,7857,16031,6870
1981-10,10393.7,1247,4238,7446,18566,7873,16069,6867
1981-11,10358.0,1257,4209,7459,18409,7876,16078,6852
1981-12,10332.2,1256,4177,7471,18223,7876,16073,6843
1982-01,10329.8,1246,4069,7490,18047,7880,16041,6839
1982-02,10351.1,1249,4131,7497,17981,7884,16011,6852
1982-03,10356.7,1249,4108,7502,17857,7884,16024,6856
1982-04,10363.6,1230,4083,7501,17683,7870,16010,6859
1982-05,10391.7,1204,4092,7513,17588,7880,16003,6877
1982-06,10397.6,1183,4030,7519,17430,7875,16016,6882
1982-07,10405.8,1155,4001,7530,17278,7876,15890,6887
1982-08,10405.0,1131,3977,7536,17160,7872,15930,6888
1982-09,10391.0,1110,3962,7537,17074,7867,15923,6885
1982-10,10379.0,1086,3940,7545,16853,7861,15956,6882
1982-11,10363.3,1067,3947,7565,16722,7870,15977,6882
1982-12,10371.4,1050,3948,7576,16690,7877,15981,6895
1983-01,10430.7,1031,4021,7594,16705,7890,16023,6920
1983-02,10439.8,1006,3964,7601,16706,7893,16004,6927
1983-03,10478.3,996,3942,7648,16711,7934,16005,6959
1983-04,10509.0,987,3948,7689,16794,7972,15990,6986
1983-05,10541.3,984,3960,7715,16885,8001,16005,7011
1983-06,10590.3,983,4006,7766,16960,8044,16020,7048
1983-07,10660.5,989,4055,7810,17059,8088,16011,7092
1983-08,10693.2,989,4100,7847,17118,8119,16016,7126
1983-09,10760.6,988,4138,7883,17255,8167,16042,7164
1983-10,10803.2,1001,4178,7906,17367,8190,15986,7192
1983-11,10853.2,1002,4217,7933,17479,8219,15997,7226
1983-12,10903.1,1004,4248,7973,17551,8259,16008,7265
1984-01,10980.8,1007,4305,8001,17630,8293,16010,7309
1984-02,11024.8,1008,4410,8046,17728,8337,16025,7349
1984-03,11061.5,1010,4393,8080,17806,8371,16030,7372
1984-04,11105.5,1010,4423,8121,17872,8410,16075,7406
1984-05,11128.5,1017,4456,8162,17916,8447,16103,7428
1984-06,11186.8,1023,4507,8200,17967,8483,16127,7465
1984-07,11242.5,1024,4534,8226,18013,8507,16172,7496
1984-08,11271.4,1027,4547,8254,18034,8533,16224,7508
1984-09,11324.1,1022,4576,8303,18019,8581,16255,7559
1984-10,11390.8,1012,4590,8343,18024,8615,16274,7606
1984-11,11502.7,1006,4617,8380,18016,8649,16311,7674
1984-12,11499.2,998,4652,8413,18023,8678,16282,7682
1985-01,11521.9,995,4668,8464,18009,8722,16336,7708
1985-02,11548.3,993,4662,8499,17966,8751,16349,7740
1985-03,11631.6,992,4730,8544,17939,8792,16395,7784
1985-04,11668.9,994,4764,8574,17886,8815,16430,7812
1985-05,11725.8,990,4787,8620,17855,8854,16474,7852
1985-06,11758.5,984,4789,8652,17819,8880,16498,7874
1985-07,11770.5,974,4799,8686,17776,8897,16620,7884
1985-08,11808.6,967,4823,8748,17756,8944,16619,7889
1985-09,11822.2,958,4852,8778,17718,8983,16638,7935
1985-10,11836.7,953,4868,8819,17708,9017,16654,7954
1985-11,11864.5,944,4879,8864,17697,9055,16674,7981
1985-12,11890.1,938,4887,8894,17693,9083,16694,8005
1986-01,11899.3,936,4908,8912,17686,9099,16715,8026
1986-02,11906.5,918,4904,8936,17663,9123,16759,8048
1986-03,11964.0,890,4914,8965,17624,9143,16755,8070
1986-04,11994.3,861,4950,9002,17616,9174,16765,8093
1986-05,12039.7,832,4924,9032,17593,9198,16790,8122
1986-06,12055.5,816,4917,9061,17530,9218,16779,8138
1986-07,12106.9,808,4930,9111,17497,9247,16779,8167
1986-08,12154.4,793,4943,9160,17489,9276,16800,8143
1986-09,12197.8,779,4939,9164,17498,9305,16910,8231
1986-10,12212.0,777,4954,9202,17477,9335,16969,8252
1986-11,12226.6,772,4960,9232,17472,9366,17005,8273
1986-12,12235.9,766,4993,9268,17478,9399,17021,8295
1987-01,12225.2,760,5007,9312,17465,9439,17045,8319
1987-02,12256.7,759,5038,9338,17499,9473,17036,8353
1987-03,12308.2,761,5039,9383,17507,9507,17064,8369
1987-04,12356.7,764,5053,9431,17525,9549,17109,8399
1987-05,12375.6,768,5080,9484,17542,9592,17112,8411
1987-06,12413.9,767,5086,9520,17537,9618,17124,8426
1987-07,12452.5,770,5092,9602,17593,9662,17160,8446
1987-08,12462.6,774,5102,9670,17630,9700,17172,8374
1987-09,12493.0,779,5096,9643,17691,9724,17135,8489
1987-10,12559.2,784,5142,9686,17729,9763,17269,8547
1987-11,12582.8,784,5152,9711,17775,9795,17299,8581
1987-12,12590.9,783,5180,9752,17809,9838,17347,8619
1988-01,12581.6,784,5094,9793,17790,9884,17365,8664
1988-02,12676.4,784,5162,9838,17823,9942,17389,8734
1988-03,12707.5,779,5201,9883,17844,9973,17447,8727
1988-04,12739.2,779,5227,9938,17874,10008,17452,8735
1988-05,12779.9,776,5228,9996,17892,10048,17481,8732
1988-06,12829.3,774,5261,10095,17916,10103,17515,8728
1988-07,12868.8,770,5270,10181,17926,10146,17494,8740
1988-08,12899.0,767,5268,10263,17891,10178,17544,8663
1988-09,12913.2,758,5270,10242,17914,10220,17634,8804
1988-10,12907.4,759,5262,10273,17966,10255,17670,8869
1988-11,12914.2,754,5273,10310,18003,10313,17746,8928
1988-12,12928.1,752,5277,10359,18025,10370,17736,8998
1989-01,12964.8,751,5289,10383,18057,10410,17774,9072
1989-02,13006.3,747,5278,10411,18055,10466,17812,9096
1989-03,13083.2,749,5260,10468,18060,10498,17822,9096
1989-04,13096.5,750,5295,10536,18055,10525,17840,9076
1989-05,13132.6,750,5299,10590,18040,10556,17876,9024
1989-06,13158.6,741,5298,10706,18013,10573,17912,8955
1989-07,13163.2,730,5317,10764,17980,10595,17905,8936
1989-08,13190.1,754,5330,10834,17964,10613,17989,8853
1989-09,13176.5,755,5323,10786,17922,10647,18027,9004
1989-10,13143.3,755,5347,10766,17895,10658,18033,9126
1989-11,13141.8,759,5364,10792,17886,10724,18057,9230
1989-12,13070.7,759,5309,10814,17881,10764,18075,9273
1990-01,13260.2,763,5422,10778,17797,10821,18151,9290
1990-02,13227.7,762,5416,10818,17893,10886,18177,9297
1990-03,13230.1,763,5392,10866,17868,10920,18294,9325
1990-04,13240.0,766,5355,10893,17845,10919,18377,9289
1990-05,13215.6,770,5321,10956,17797,10909,18599,9242
1990-06,13199.0,770,5303,11018,17776,10922,18556,9265
1990-07,13195.0,768,5274,11054,17704,10927,18560,9294
1990-08,13161.2,765,5234,11099,17649,10909,18457,9292
1990-09,13147.4,765,5197,11137,17609,10895,18437,9296
1990-10,13136.4,762,5134,11177,17577,10850,18443,9256
1990-11,13121.9,760,5095,11220,17428,10831,18450,9298
1990-12,13093.6,761,5047,11271,17395,10799,18468,9302
1991-01,13075.2,759,4972,11343,17330,10812,18474,9294
1991-02,12998.7,760,4929,11375,17211,10766,18482,9264
1991-03,12967.8,758,4881,11425,17140,10727,18488,9267
1991-04,12908.2,752,4842,11464,17093,10714,18485,9228
1991-05,12884.4,748,4800,11492,17070,10694,18498,9218
1991-06,12880.9,745,4782,11538,17044,10712,18561,9252
1991-07,12872.8,740,4752,11573,17015,10711,18598,9220
1991-08,12873.5,735,4733,11616,17025,10735,18567,9223
1991-09,12856.3,728,4728,11658,17010,10771,18543,9259
1991-10,12837.1,721,4698,11700,16999,10777,18593,9263
1991-11,12821.3,715,4640,11727,16961,10773,18627,9283
1991-12,12824.9,711,4647,11764,16916,10791,18641,9301
1992-01,12818.9,707,4667,11803,16839,10808,18688,9361
1992-02,12824.2,701,4612,11825,16829,10825,18689,9346
1992-03,12824.4,701,4621,11841,16805,10858,18715,9338
1992-04,12843.3,698,4603,11869,16831,10902,18739,9362
1992-05,12841.8,695,4605,11883,16835,10960,18753,9402
1992-06,12848.5,687,4584,11929,16826,10993,18762,9408
1992-07,12826.9,685,4570,11973,16819,10999,18817,9438
1992-08,12817.1,681,4581,11996,16783,11041,18883,9461
1992-09,12819.2,675,4584,12013,16761,11074,18829,9496
1992-10,12836.7,678,4600,12046,16751,11118,18828,9545
1992-11,12832.1,678,4606,12076,16758,11163,18841,9554
1992-12,12842.4,677,4630,12109,16769,11230,18878,9555
1993-01,12887.9,678,4664,12144,16791,11280,18901,9582
1993-02,12941.5,669,4714,12176,16805,11327,18902,9614
1993-03,12927.8,671,4676,12191,16795,11362,18907,9559
1993-04,12948.7,669,4690,12244,16772,11410,18938,9668
1993-05,12968.7,670,4753,12297,16766,11455,18951,9700
1993-06,13001.7,663,4760,12346,16742,11492,18969,9712
1993-07,13032.2,661,4783,12399,16739,11529,19060,9739
1993-08,13057.7,656,4806,12446,16741,11568,19028,9775
1993-09,13086.5,660,4823,12465,16769,11622,19041,9807
1993-10,13121.3,660,4868,12499,16778,11700,19042,9844
1993-11,13129.4,660,4887,12540,16800,11751,19068,9872
1993-12,13170.6,673,4925,12585,16815,11788,19109,9925
1994-01,13186.7,670,4940,12625,16855,11827,19147,9959
1994-02,13260.7,666,4923,12644,16862,11873,19150,9964
1994-03,13327.6,663,4990,12694,16897,11955,19190,10007
1994-04,13370.1,661,5047,12743,16933,12038,19223,10052
1994-05,13403.2,658,5084,12795,16962,12084,19264,10063
1994-06,13451.7,657,5097,12850,17010,12155,19274,10083
1994-07,13516.2,656,5125,12918,17026,12260,19301,10108
1994-08,13564.0,656,5139,12956,17081,12305,19306,10133
1994-09,13624.7,658,5175,12994,17115,12384,19337,10157
1994-10,13667.8,653,5177,13032,17144,12438,19344,10160
1994-11,13739.6,654,5210,13076,17186,12530,19367,10222
1994-12,13762.8,652,5226,13129,17217,12573,19388,10268
1995-01,13814.1,651,5234,13166,17262,12652,19397,10348
1995-02,13850.6,646,5192,13213,17265,12711,19407,10375
1995-03,13823.1,646,5242,13255,17263,12754,19427,10417
1995-04,13875.7,644,5252,13285,17278,12768,19434,10438
1995-05,13871.7,641,5220,13309,17259,12772,19418,10459
1995-06,13899.7,640,5250,13343,17247,12818,19445,10507
1995-07,13910.1,639,5262,13359,17218,12860,19437,10535
1995-08,13927.0,638,5286,13401,17240,12934,19429,10564
1995-09,13944.3,637,5324,13445,17247,13019,19430,10582
1995-10,13943.5,637,5353,13477,17216,13051,19464,10579
1995-11,13956.9,633,5358,13509,17209,13087,19463,10589
1995-12,13969.7,634,5344,13547,17231,13137,19466,10600
1996-01,13973.0,633,5355,13550,17208,13125,19450,10613
1996-02,14005.8,636,5415,13602,17229,13257,19485,10645
1996-03,14034.5,637,5446,13645,17193,13307,19532,10693
1996-04,14034.5,638,5474,13678,17204,13344,19515,10720
1996-05,14106.9,638,5498,13715,17222,13403,19529,10755
1996-06,14136.7,639,5534,13751,17226,13477,19528,10787
1996-07,14166.0,638,5557,13795,17223,13535,19547,10801
1996-08,14184.7,638,5586,13807,17255,13605,19504,10819
1996-09,14211.4,635,5610,13837,17252,13646,19567,10813
1996-10,14263.0,635,5643,13887,17268,13669,19554,10858
1996-11,14288.7,639,5668,13929,17277,13770,19565,10881
1996-12,14326.4,639,5675,13951,17284,13833,19571,10901
1997-01,14293.4,646,5675,13998,17297,13896,19593,10921
1997-02,14294.3,648,5722,14025,17316,14010,19598,10952
1997-03,14328.2,648,5751,14053,17340,14108,19608,10968
1997-04,14342.3,652,5764,14103,17349,14218,19603,10984
1997-05,14350.7,654,5793,14142,17362,14293,19601,11015
1997-06,14367.6,654,5793,14168,17387,14363,19660,11029
1997-07,14382.5,656,5817,14230,17389,14451,19686,11016
1997-08,14410.8,654,5846,14234,17452,14461,19617,11030
1997-09,14426.0,657,5874,14272,17465,14539,19679,11059
1997-10,14466.9,657,5883,14305,17513,14608,19738,11062
1997-11,14509.0,657,5899,14329,17556,14695,19761,11074
1997-12,14539.5,658,5938,14366,17588,14784,19766,11087
1998-01,14523.9,660,5983,14392,17619,14849,19770,11100
1998-02,14514.5,659,5997,14416,17627,14907,19786,11123
1998-03,14513.0,658,5969,14438,17637,14959,19792,11134
1998-04,14533.5,654,6049,14466,17637,15006,19816,11156
1998-05,14579.0,650,6087,14509,17624,15097,19875,11213
1998-06,14599.7,649,6130,14553,17608,15179,19879,11215
1998-07,14628.6,644,6172,14611,17422,15212,19930,11248
1998-08,14641.5,642,6215,14593,17563,15271,19959,11273
1998-09,14673.7,637,6225,14649,17557,15273,19985,11311
1998-10,14682.7,632,6262,14696,17512,15374,20001,11298
1998-11,14713.5,628,6301,14727,17465,15458,20044,11337
1998-12,14752.5,627,6378,14762,17449,15548,20079,11376
1999-01,14777.6,617,6357,14779,17427,15607,20084,11385
1999-02,14843.1,610,6429,14832,17395,15686,20144,11425
1999-03,14858.3,608,6402,14857,17368,15733,20168,11443
1999-04,14909.7,601,6480,14888,17344,15809,20237,11478
1999-05,14937.8,596,6516,14898,17333,15876,20229,11506
1999-06,14964.2,592,6547,14928,17295,15964,20272,11539
1999-07,15002.8,595,6571,14955,17308,16044,20339,11546
1999-08,15019.0,594,6586,14958,17287,16083,20375,11567
1999-09,15038.6,591,6613,14988,17281,16106,20404,11597
1999-10,15079.8,593,6640,15025,17272,16259,20457,11648
1999-11,15092.9,592,6687,15057,17282,16318,20496,11682
1999-12,15165.2,593,6709,15080,17280,16390,20540,11706
2000-01,15183.9,592,6752,15099,17284,16468,20571,11713
2000-02,15197.7,594,6730,15112,17285,16504,20599,11719
2000-03,15223.2,592,6811,15141,17302,16578,20733,11788
2000-04,15307.8,596,6794,15161,17298,16661,20802,11834
2000-05,15251.8,598,6770,15188,17279,16627,21147,11827
2000-06,15261.1,598,6778,15214,17296,16696,20887,11869
2000-07,15287.5,601,6794,15244,17322,16741,20867,11900
2000-08,15301.1,600,6796,15281,17287,16772,20837,11927
2000-09,15322.5,605,6807,15353,17230,16834,20735,11940
2000-10,15329.7,607,6814,15360,17217,16847,20743,11876
2000-11,15339.2,604,6817,15410,17202,16886,20760,11946
2000-12,15379.4,602,6792,15465,17181,16869,20804,11976
2001-01,15358.6,605,6824,15516,17104,16876,20835,11977
2001-02,15384.1,605,6841,15573,17028,16851,20906,11997
2001-03,15348.7,609,6862,15629,16938,16802,20945,12000
2001-04,15264.1,608,6844,15671,16802,16675,20992,12040
2001-05,15259.2,609,6849,15747,16661,16632,21029,12068
2001-06,15262.9,610,6840,15779,16515,16566,21137,12076
2001-07,15207.4,610,6845,15840,16382,16512,21185,12110
2001-08,15212.2,608,6827,15903,16232,16449,21218,12093
2001-09,15203.4,607,6813,15959,16117,16362,21242,12061
2001-10,15174.3,602,6804,15999,15972,16261,21275,12015
2001-11,15150.7,600,6784,16044,15825,16133,21326,11985
2001-12,15101.2,598,6785,16097,15711,16107,21355,11967
2002-01,15065.2,599,6775,16150,15587,16072,21377,12006
2002-02,15074.5,595,6766,16199,15515,16042,21390,11962
2002-03,15074.2,588,6755,16240,15443,16057,21431,11965
2002-04,15079.9,587,6710,16281,15392,16058,21443,11928
2002-05,15054.2,583,6684,16328,15337,16067,21514,11936
2002-06,15045.0,579,6701,16422,15298,16058,21549,11905
2002-07,15046.7,577,6688,16466,15256,15984,21544,11912
2002-08,14997.0,577,6701,16489,15171,16012,21589,11936
2002-09,14982.5,576,6702,16509,15119,15988,21546,11991
2002-10,14988.7,576,6689,16541,15060,16007,21559,12070
2002-11,14970.7,577,6713,16587,14992,15964,21581,12109
2002-12,14986.1,577,6700,16606,14912,15900,21588,12112
2003-01,14964.3,576,6704,16656,14866,15967,21626,12173
2003-02,14930.6,575,6667,16696,14781,15994,21624,12130
2003-03,14904.1,570,6654,16720,14721,15924,21610,12109
2003-04,14917.9,566,6689,16784,14609,15927,21595,12085
2003-05,14906.1,569,6706,16825,14557,15977,21567,12092
2003-06,14895.4,572,6723,16836,14493,15992,21606,12121
2003-07,14888.0,571,6735,16842,14402,16030,21633,12143
2003-08,14906.0,570,6760,16851,14376,16024,21556,12177
2003-09,14944.1,570,6783,16883,14347,16079,21504,12208
2003-10,14971.8,573,6784,16942,14334,16102,21558,12259
2003-11,14925.5,576,6796,16978,14316,16139,21535,12284
2003-12,14922.9,576,6827,17016,14300,16167,21546,12320
2004-01,14973.8,577,6848,17048,14290,16196,21538,12346
2004-02,14975.3,576,6838,17066,14279,16209,21550,12372
2004-03,15024.8,584,6887,17115,14287,16236,21588,12425
2004-04,15046.4,586,6901,17150,14315,16346,21614,12435
2004-05,15062.4,591,6948,17185,14342,16419,21614,12481
2004-06,15087.6,591,6962,17200,14332,16451,21601,12495
2004-07,15068.6,593,6977,17234,14330,16491,21606,12495
2004-08,15067.3,596,7003,17270,14345,16489,21626,12485
2004-09,15101.1,597,7029,17261,14331,16513,21635,12550
2004-10,15129.0,595,7077,17364,14332,16632,21656,12582
2004-11,15133.8,599,7091,17391,14307,16613,21692,12606
2004-12,15126.8,601,7117,17436,14287,16629,21693,12630
2005-01,15151.9,606,7095,17470,14257,16683,21735,12665
2005-02,15192.4,610,7153,17480,14273,16766,21744,12690
2005-03,15199.7,616,7181,17506,14269,16795,21740,12718
2005-04,15247.9,620,7266,17544,14250,16855,21754,12802
2005-05,15267.9,622,7294,17605,14256,16877,21781,12797
2005-06,15300.9,625,7333,17662,14227,16965,21763,12837
2005-07,15338.7,626,7353,17716,14226,17032,21857,12867
2005-08,15356.9,631,7394,17750,14203,17091,21863,12891
2005-09,15339.8,636,7415,17789,14175,17163,21845,12862
2005-10,15333.2,640,7460,17812,14192,17183,21829,12840
2005-11,15348.7,646,7524,17864,14187,17262,21859,12884
2005-12,15352.0,650,7533,17894,14193,17296,21879,12905
2006-01,15353.6,656,7601,17946,14210,17348,21847,12945
2006-02,15363.0,662,7664,17998,14209,17408,21878,12980
2006-03,15392.0,669,7689,18045,14214,17495,21903,13034
2006-04,15347.7,679,7726,18070,14226,17515,21919,13074
2006-05,15320.1,681,7713,18100,14203,17572,21926,13052
2006-06,15330.2,686,7699,18102,14213,17642,21922,13061
2006-07,15329.6,690,7712,18128,14188,17682,21973,13130
2006-08,15338.9,693,7720,18182,14159,17728,22011,13152
2006-09,15354.3,694,7718,18248,14125,17718,22082,13150
2006-10,15373.7,699,7682,18288,14075,17722,22068,13187
2006-11,15402.6,701,7666,18337,14041,17790,22083,13251
2006-12,15407.3,705,7685,18378,14015,17823,22088,13292
2007-01,15447.6,706,7725,18415,14008,17887,22095,13338
2007-02,15479.3,711,7626,18451,13997,17918,22131,13361
2007-03,15547.7,715,7706,18507,13970,17949,22149,13363
2007-04,15513.2,719,7686,18563,13945,17966,22175,13375
2007-05,15534.5,721,7673,18608,13929,17999,22193,13404
2007-06,15513.9,725,7687,18661,13911,18011,22207,13413
2007-07,15515.0,728,7660,18691,13889,18015,22171,13417
2007-08,15517.1,727,7610,18755,13828,18025,22226,13419
2007-09,15523.3,726,7577,18812,13790,18022,22279,13461
2007-10,15518.4,727,7565,18849,13764,18058,22297,13499
2007-11,15578.9,735,7523,18875,13757,18059,22334,13535
2007-12,15577.4,740,7490,18924,13746,18104,22376,13550
2008-01,15568.5,746,7476,18978,13725,18094,22388,13542
2008-02,15527.5,748,7453,19018,13696,18046,22417,13543
2008-03,15534.5,755,7406,19068,13659,18005,22443,13531
2008-04,15433.6,755,7327,19126,13599,17996,22450,13511
2008-05,15379.2,761,7274,19166,13564,17936,22483,13498
2008-06,15342.8,766,7213,19224,13504,17896,22517,13482
2008-07,15307.4,770,7160,19275,13430,17835,22568,13463
2008-08,15249.0,778,7114,19337,13358,17771,22567,13431
2008-09,15178.6,782,7044,19343,13275,17700,22537,13379
2008-10,15100.8,781,6967,19363,13147,17590,22549,13352
2008-11,14989.4,776,6813,19401,13034,17420,22560,13300
2008-12,14876.9,771,6701,19442,12850,17287,22556,13256
2009-01,14794.5,761,6567,19482,12561,17132,22579,13222
2009-02,14719.4,749,6446,19507,12380,16936,22576,13193
2009-03,14650.7,728,6291,19514,12208,16787,22560,13127
2009-04,14563.1,710,6154,19521,12030,16652,22677,13056
2009-05,14558.3,693,6100,19582,11862,16602,22617,13106
2009-06,14541.0,686,6010,19614,11726,16497,22576,13076
2009-07,14488.9,678,5932,19629,11668,16474,22521,13078
2009-08,14480.5,670,5855,19681,11626,16465,22537,13046
2009-09,14450.2,665,5787,19692,11591,16469,22451,13054
2009-10,14381.6,661,5716,19736,11538,16488,22524,12995
2009-11,14379.4,664,5696,19770,11509,16548,22533,12986
2009-12,14334.8,663,5654,19804,11475,16551,22482,12944
2010-01,14401.0,667,5580,19820,11460,16572,22491,12932
2010-02,14397.1,674,5500,19839,11453,16591,22476,12927
2010-03,14446.7,682,5537,19896,11453,16574,22518,12943
2010-04,14427.2,687,5553,19902,11489,16666,22569,12979
2010-05,14438.6,697,5520,19934,11525,16702,22996,13012
2010-06,14442.1,702,5516,19955,11545,16764,22740,13034
2010-07,14449.2,708,5508,19980,11561,16773,22569,13048
2010-08,14454.3,716,5524,20017,11553,16833,22420,13081
2010-09,14478.3,723,5501,20001,11563,16850,22247,13137
2010-10,14510.7,731,5508,20074,11562,16917,22297,13127
2010-11,14486.0,736,5506,20119,11585,17011,22287,13126
2010-12,14474.1,734,5467,20134,11595,17080,22266,13157
2011-01,14537.1,736,5427,20153,11621,17091,22258,13149
2011-02,14558.2,739,5451,20163,11654,17170,22215,13188
2011-03,14589.2,754,5477,20177,11675,17235,22192,13247
2011-04,14646.2,768,5485,20237,11704,17297,22184,13298
2011-05,14645.8,778,5516,20252,11713,17348,22129,13293
2011-06,14681.7,790,5528,20288,11727,17363,22164,13343
2011-07,14725.4,801,5547,20327,11746,17371,22049,13370
2011-08,14719.4,804,5552,20367,11764,17446,22017,13395
2011-09,14743.8,814,5584,20415,11769,17510,21983,13426
2011-10,14749.5,820,5588,20457,11780,17556,21998,13464
2011-11,14754.8,824,5593,20496,11770,17591,21971,13511
2011-12,14747.0,831,5611,20530,11802,17658,21954,13538
2012-01,14817.1,840,5626,20574,11838,17745,21946,13600
2012-02,14795.3,845,5629,20657,11860,17816,21947,13641
2012-03,14826.1,849,5625,20689,11898,17848,21943,13706
2012-04,14837.7,850,5618,20707,11916,17897,21931,13709
2012-05,14834.4,855,5604,20747,11927,17922,21911,13705
2012-06,14817.5,854,5621,20738,11936,17977,21930,13702
2012-07,14812.4,851,5632,20773,11964,18020,21913,13735
2012-08,14817.4,851,5648,20801,11960,18052,21916,13804
2012-09,14853.7,846,5661,20841,11954,18066,21925,13872
2012-10,14869.0,837,5674,20881,11961,18139,21903,13883
2012-11,14944.7,843,5684,20887,11950,18193,21883,13910
2012-12,14913.8,848,5724,20935,11960,18230,21887,13978
2013-01,14936.3,851,5746,20956,11983,18273,21869,14037
2013-02,14951.4,858,5784,20958,11996,18367,21881,14082
2013-03,14949.1,859,5802,21007,11999,18421,21870,14113
2013-04,14968.2,857,5796,21054,12000,18483,21869,14152
2013-05,15002.0,862,5829,21071,12000,18537,21864,14193
2013-06,15048.5,865,5855,21070,12004,18582,21840,14252
2013-07,15089.7,862,5859,21074,11984,18629,21815,14288
2013-08,15129.5,864,5878,21143,12014,18655,21831,14327
2013-09,15162.7,868,5910,21133,12032,18683,21835,14339
2013-10,15196.3,870,5931,21158,12056,18732,21830,14395
2013-11,15212.3,869,5963,21194,12079,18801,21843,14432
2013-12,15287.7,866,5932,21196,12083,18790,21820,14454
2014-01,15262.9,871,5985,21228,12081,18837,21814,14489
2014-02,15243.7,875,6007,21251,12106,18899,21825,14509
2014-03,15248.1,879,6038,21294,12120,18944,21833,14564
2014-04,15303.0,886,6084,21321,12134,19002,21853,14614
2014-05,15322.9,887,6109,21364,12146,19044,21832,14670
2014-06,15351.8,892,6133,21410,12170,19105,21895,14693
2014-07,15374.9,897,6178,21453,12189,19142,21901,14703
2014-08,15386.2,898,6210,21491,12208,19201,21855,14725
2014-09,15418.9,903,6242,21543,12226,19257,21897,14768
2014-10,15469.7,901,6259,21573,12259,19285,21917,14811
2014-11,15502.9,900,6272,21626,12284,19339,21932,14849
2014-12,15510.5,896,6293,21678,12292,19418,21947,14892
2015-01,15520.2,888,6320,21741,12292,19442,21960,14915
2015-02,15535.1,875,6361,21789,12301,19487,21978,14972
2015-03,15547.7,859,6334,21832,12312,19513,21970,14981
2015-04,15566.9,843,6392,21906,12318,19557,22005,15023
2015-05,15595.9,820,6427,21958,12333,19638,22012,15103
2015-06,15618.7,816,6441,21998,12334,19689,22015,15108
2015-07,15639.0,805,6472,22053,12349,19726,22050,15168
2015-08,15637.7,794,6490,22094,12345,19755,22060,15201
2015-09,15642.9,779,6508,22131,12354,19778,22040,15279
2015-10,15675.4,771,6547,22215,12362,19851,22056,15316
2015-11,15695.0,756,6598,22260,12357,19885,22081,15374
2015-12,15699.0,746,6630,22323,12362,19955,22097,15406
2016-01,15723.6,732,6631,22335,12383,19965,22114,15454
2016-02,15772.1,711,6640,22403,12365,19977,22138,15494
2016-03,15811.2,691,6678,22450,12342,19999,22178,15535
2016-04,15811.8,677,6702,22505,12353,20031,22184,15562
2016-05,15817.8,666,6689,22565,12332,20035,22199,15583
2016-06,15846.8,656,6701,22618,12350,20080,22180,15639
2016-07,15865.9,651,6735,22666,12372,20126,22289,15679
2016-08,15877.3,647,6736,22719,12348,20127,22284,15725
2016-09,15883.3,645,6768,22775,12347,20194,22323,15785
2016-10,15890.7,644,6799,22835,12345,20217,22295,15780
2016-11,15857.2,647,6823,22870,12342,20255,22277,15826
2016-12,15882.7,649,6818,22929,12355,20287,22304,15845
2017-01,15920.0,649,6839,22938,12367,20338,22308,15867
2017-02,15877.9,656,6886,23012,12382,20339,22320,15905
2017-03,15862.0,659,6907,23048,12393,20376,22325,15919
2017-04,15854.3,668,6917,23101,12405,20405,22338,15988
2017-05,15829.8,673,6926,23137,12406,20460,22334,16021
2017-06,15835.3,677,6954,23162,12418,20496,22343,16063
2017-07,15830.3,679,6958,23224,12419,20540,22363,16129
2017-08,15822.8,684,6989,23269,12460,20563,22371,16139
2017-09,15814.8,685,7003,23296,12470,20565,22386,16090
2017-10,15816.7,687,7029,23324,12491,20619,22374,16158
2017-11,15812.3,692,7072,23366,12510,20646,22389,16175
2017-12,15806.0,693,7104,23391,12539,20684,22395,16192
2018-01,15783.5,699,7107,23436,12559,20743,22364,16188
2018-02,15818.1,706,7194,23489,12589,20779,22397,16213
2018-03,15832.1,714,7203,23520,12610,20822,22403,16215
2018-04,15831.3,721,7224,23537,12636,20867,22420,16217
2018-05,15841.9,724,7263,23574,12657,20911,22432,16262
2018-06,15803.2,730,7279,23614,12686,20946,22457,16308
2018-07,15792.9,730,7303,23641,12707,20966,22464,16344
2018-08,15783.7,737,7332,23695,12719,21005,22485,16348
2018-09,15741.8,739,7355,23722,12740,21041,22494,16329
2018-10,15711.3,742,7379,23769,12764,21078,22494,16363
2018-11,15723.0,736,7386,23781,12779,21099,22477,16371
2018-12,15705.3,742,7416,23855,12802,21128,22516,16418
2019-01,15693.5,746,7446,23899,12828,21134,22517,16496
2019-02,15663.7,741,7415,23914,12830,21165,22497,16466
2019-03,15641.2,740,7439,23978,12826,21173,22524,16488
2019-04,15623.3,737,7471,24041,12825,21212,22563,16507
2019-05,15608.4,738,7478,24074,12817,21230,22556,16514
2019-06,15598.4,734,7499,24119,12822,21261,22562,16524
2019-07,15595.4,727,7503,24184,12820,21291,22607,16535
2019-08,15576.1,719,7506,24246,12820,21320,22663,16580
2019-09,15584.5,718,7524,24305,12814,21340,22690,16648
2019-10,15608.4,719,7544,24340,12769,21374,22692,16727
2019-11,15576.0,707,7546,24406,12818,21405,22716,16769
2019-12,15619.1,694,7557,24433,12809,21410,22729,16811
2020-01,15605.2,689,7615,24513,12792,21437,22789,16858
2020-02,15609.8,690,7648,24565,12799,21469,22835,16915
2020-03,15483.6,674,7557,24347,12718,21318,22774,16133
2020-04,13235.3,622,6535,21722,11414,19082,21826,8691
2020-05,13644.1,601,7004,22107,11657,19247,21314,10146
2020-06,14502.8,597,7171,22671,11999,19568,21353,12158
2020-07,14742.9,593,7197,22885,12037,19715,21556,12824
2020-08,14995.8,589,7223,23084,12068,19915,22073,12963
2020-09,15025.3,592,7256,23152,12123,20055,21857,13357
2020-10,15131.8,594,7329,23235,12155,20296,21583,13622
2020-11,15129.7,597,7353,23278,12196,20391,21488,13632
2020-12,15159.8,597,7400,23249,12231,20550,21456,13134
2021-01,15206.1,597,7401,23223,12217,20635,21532,13109
2021-02,15247.2,589,7340,23267,12238,20698,21446,13464
