DATE,avg_weeks_unemployed,cont_claims_insur_unemploy,full_employ_level,part_employ_level,not_in_labor_force,gov_unemp_insur,labor_particip_women,labor_particip_men,labor_particip_total,real_estate_loans,consumer_loans,commerc_indust_loans,m1_real,unemp_less_five_weeks,unemp_5_to_14_wks,unemp_15_to_26_wks,unemp_over_27_wks,personal_consum_exp,personal_save_rate,emp_pop_ratio,unemploy_rate,insured_unemploy_rate,corp_profit_aftertax_without,corp_profit_aftertax_with,corp_profit_beforetax_without,fed_debt_precent_gdp,m1_velocity
1975-01,10.7,3619250.0,85627.0,4133.0,58627.0,12.0,46.3,78.3,61.4,130.0257,101.8961,191.5869,523.7,3293.0,2646.0,930.0,625.0,975.6,13.2,56.4,8.1,5.5,94.707,79.438,133.019,31.53604,5.875
1975-02,11.7,3856500.0,85256.0,3994.0,59214.0,14.0,45.9,78.0,61.0,130.6318,102.0968,190.3805,522.8,2947.0,2616.0,1124.0,717.0,989.4,12.5,56.1,8.1,5.875,,,,,
1975-03,11.8,4175200.0,85187.0,4087.0,59052.0,16.5,46.2,78.0,61.2,131.1786,101.8983,188.1191,523.5,3193.0,2630.0,1305.0,769.0,990.6,12.7,56.0,8.6,6.34,,,,,
1975-04,12.9,4473500.0,85189.0,4179.0,59044.0,18.8,46.3,78.1,61.3,131.6391,101.4266,187.4109,521.1,2915.0,2719.0,1478.0,964.0,995.0,14.2,55.9,8.8,6.75,99.406,87.52,140.826,32.27817,5.915
1975-05,13.4,4578200.0,85451.0,3972.0,58820.0,19.6,46.4,78.3,61.5,131.7233,101.1605,186.074,525.8,3051.0,2692.0,1554.0,1089.0,1018.9,17.3,56.0,9.0,6.88,,,,,
1975-06,15.3,4377250.0,85355.0,3774.0,59400.0,19.8,46.3,77.8,61.2,131.8532,101.102,184.638,527.9,2872.0,2526.0,1538.0,1305.0,1026.8,14.3,55.8,8.8,6.6,,,,,
1975-07,15.0,4144750.0,85894.0,3669.0,59288.0,21.2,46.4,78.1,61.3,131.83,101.2303,183.651,525.4,2882.0,2268.0,1542.0,1401.0,1039.8,12.6,56.0,8.6,6.225,115.831,97.739,167.855,32.38043,6.01
1975-08,15.6,3954200.0,86234.0,3650.0,59418.0,20.1,46.5,77.9,61.3,131.9313,101.6154,182.9282,524.2,2808.0,2371.0,1390.0,1472.0,1047.0,13.0,56.1,8.4,5.92,,,,,
1975-09,16.1,3895000.0,86279.0,3566.0,59646.0,19.3,46.4,77.8,61.2,132.1325,102.182,182.822,523.3,2878.0,2357.0,1308.0,1598.0,1054.8,13.0,56.1,8.4,5.85,,,,,
1975-10,15.4,3731250.0,86370.0,3600.0,59815.0,19.2,46.5,77.6,61.2,132.863,102.8868,182.7142,519.9,2962.0,2392.0,1241.0,1448.0,1060.9,13.4,56.1,8.4,5.6,124.091,105.682,177.391,32.7301,6.151
1975-11,16.6,3494400.0,86456.0,3554.0,60088.0,18.7,46.4,77.5,61.1,133.3819,103.5724,182.6189,518.6,2718.0,2345.0,1144.0,1645.0,1075.8,12.7,56.0,8.3,5.24,,,,,
1975-12,16.5,3198250.0,86665.0,3544.0,60180.0,18.7,46.6,77.2,61.1,134.0939,104.3327,183.3586,516.4,2762.0,2191.0,1282.0,1586.0,1092.1,12.0,56.1,8.2,4.8,,,,,
1976-01,16.6,3035200.0,87400.0,3776.0,59919.0,18.3,46.9,77.4,61.3,135.0484,105.3067,182.6481,516.8,2749.0,2154.0,1132.0,1581.0,1107.1,11.7,56.4,7.9,4.62,132.702,114.267,193.546,32.98513,6.264
1976-02,16.3,2865750.0,87672.0,3536.0,60068.0,17.2,46.9,77.3,61.3,136.2984,105.7993,182.0444,520.2,2799.0,1980.0,986.0,1533.0,1107.7,12.3,56.5,7.7,4.35,,,,,
1976-03,16.5,2843000.0,87985.0,3507.0,60091.0,17.5,47.0,77.3,61.3,137.9788,106.6009,179.4877,522.7,2628.0,1995.0,981.0,1460.0,1114.9,12.2,56.7,7.6,4.3,,,,,
1976-04,15.9,2872250.0,88416.0,3515.0,59783.0,16.7,47.1,77.7,61.6,139.8826,107.5967,177.4755,525.3,2938.0,2011.0,801.0,1409.0,1125.4,11.7,56.8,7.7,4.375,136.551,113.771,195.931,33.49464,6.266
1976-05,15.0,2941000.0,88794.0,3572.0,59918.0,16.0,47.2,77.6,61.5,140.9549,108.4721,178.4326,524.6,2795.0,2049.0,896.0,1219.0,1122.7,12.3,57.0,7.4,4.48,,,,,
1976-06,16.9,2989500.0,88563.0,3462.0,60142.0,16.1,47.3,77.3,61.5,141.6213,109.554,179.102,522.4,2787.0,2281.0,979.0,1353.0,1140.5,11.4,56.8,7.6,4.55,,,,,
1976-07,15.7,2995800.0,89093.0,3497.0,59693.0,16.3,47.6,77.6,61.8,142.5971,110.487,179.1423,521.4,2965.0,2181.0,1066.0,1250.0,1149.6,11.7,57.0,7.8,4.58,138.84,115.767,197.82,33.64333,6.318
1976-08,15.6,3015250.0,89223.0,3542.0,59784.0,16.2,47.6,77.6,61.8,143.755,111.5089,179.7949,521.8,2893.0,2323.0,1098.0,1280.0,1158.0,11.7,57.0,7.8,4.625,,,,,
1976-09,15.2,3070000.0,89173.0,3670.0,60226.0,15.8,47.3,77.5,61.6,144.7779,112.5009,181.1732,520.1,2910.0,2329.0,1092.0,1204.0,1168.8,11.4,56.9,7.6,4.675,,,,,
1976-10,15.2,3093000.0,89274.0,3781.0,60289.0,15.2,47.3,77.5,61.6,146.071,113.6538,182.4383,521.6,2945.0,2285.0,1061.0,1231.0,1176.8,11.1,56.9,7.7,4.7,139.091,115.875,197.559,33.78753,6.364
1976-11,15.3,3055750.0,89634.0,3768.0,59981.0,15.5,47.7,77.7,61.9,147.2806,114.8258,183.9005,522.5,2826.0,2449.0,1076.0,1278.0,1189.0,11.4,57.0,7.8,4.65,,,,,
1976-12,15.1,2923500.0,89803.0,3728.0,60090.0,15.8,47.7,77.6,61.8,148.5136,115.8047,185.2478,524.3,2921.0,2304.0,1041.0,1334.0,1211.5,10.6,57.0,7.8,4.425,,,,,
1977-01,15.2,2827200.0,89928.0,3580.0,60480.0,15.4,47.6,77.3,61.6,149.6394,117.446,185.7874,525.2,2894.0,2206.0,989.0,1211.0,1215.0,10.6,57.0,7.5,4.24,149.831,121.202,212.751,33.65136,6.389
1977-02,14.7,2849000.0,90342.0,3883.0,60128.0,15.1,47.9,77.6,61.9,151.6731,119.0561,187.4113,525.3,3015.0,2240.0,969.0,1205.0,1231.3,9.3,57.2,7.6,4.275,,,,,
1977-03,14.5,2702750.0,90808.0,3596.0,60016.0,16.0,48.2,77.5,62.0,153.6788,120.785,189.1547,526.7,2993.0,2213.0,894.0,1163.0,1238.3,10.5,57.4,7.4,4.05,,,,,
1977-04,14.4,2671200.0,91271.0,3407.0,60041.0,13.8,48.3,77.5,62.1,156.0952,122.6189,190.2948,526.7,3015.0,1994.0,816.0,1120.0,1247.3,10.5,57.6,7.2,3.96,158.751,136.491,227.171,32.80422,6.479
1977-05,14.9,2631250.0,91754.0,3555.0,59992.0,13.3,48.4,77.6,62.2,158.592,124.7425,191.7797,526.9,2754.0,2170.0,859.0,1069.0,1257.1,10.3,57.8,7.0,3.9,,,,,
1977-06,14.4,2619250.0,91959.0,3648.0,59836.0,12.8,48.5,77.8,62.4,160.6562,126.6021,193.5548,526.9,3138.0,2078.0,892.0,1026.0,1263.6,10.6,57.9,7.2,3.875,,,,,
1977-07,14.3,2583000.0,92084.0,3726.0,60272.0,12.0,48.3,77.6,62.1,162.9974,128.4482,195.1835,526.6,2859.0,2060.0,934.0,973.0,1280.5,10.5,57.8,6.9,3.8,165.143,148.802,235.983,32.98791,6.572
1977-08,13.9,2610500.0,92441.0,3568.0,60064.0,12.2,48.6,77.7,62.3,165.634,130.3103,197.4881,527.5,2896.0,2207.0,938.0,898.0,1285.7,10.9,58.0,7.0,3.825,,,,,
1977-09,14.0,2589500.0,92702.0,3610.0,60221.0,11.5,48.8,77.3,62.3,167.5557,132.1193,198.9991,529.4,2883.0,2125.0,914.0,939.0,1294.5,11.1,58.1,6.8,3.8,,,,,
1977-10,13.7,2576200.0,93052.0,3577.0,60100.0,12.0,48.6,77.8,62.4,170.2452,134.0856,201.2545,529.9,2883.0,2127.0,876.0,913.0,1311.4,11.0,58.2,6.8,3.78,166.231,142.623,238.067,33.21873,6.586
1977-11,13.6,2568500.0,93761.0,3577.0,59553.0,11.9,49.1,78.0,62.8,172.8184,135.8857,202.9397,530.0,2924.0,2080.0,908.0,896.0,1327.0,11.2,58.6,6.8,3.75,,,,,
1977-12,13.6,2507000.0,94105.0,3501.0,59886.0,11.6,48.9,78.0,62.7,175.0673,138.0303,204.6774,531.1,2729.0,1941.0,859.0,858.0,1336.0,11.4,58.7,6.4,3.66,,,,,
1978-01,12.9,2493500.0,94384.0,3333.0,59744.0,11.1,49.2,77.9,62.8,177.7143,140.1161,207.2931,533.3,2824.0,1989.0,830.0,813.0,1329.5,11.9,58.8,6.4,3.575,171.939,143.746,238.131,33.5012,6.564
1978-02,12.5,2555500.0,94519.0,3495.0,59994.0,10.8,49.2,77.8,62.7,180.32,141.9138,210.259,532.2,2764.0,1942.0,917.0,667.0,1355.1,11.1,58.8,6.3,3.7,,,,,
1978-03,12.4,2499750.0,94755.0,3524.0,59946.0,10.4,49.4,77.7,62.8,183.0011,143.9343,213.6058,531.5,2871.0,1966.0,817.0,714.0,1377.5,11.0,58.8,6.3,3.625,,,,,
1978-04,12.3,2349600.0,95394.0,3588.0,59689.0,9.8,49.7,77.8,63.0,185.8235,146.4146,216.9979,531.9,2750.0,1888.0,822.0,680.0,1396.4,10.8,59.2,6.1,3.34,190.742,159.716,270.75,32.12444,6.78
1978-05,12.1,2231500.0,95769.0,3533.0,59622.0,9.4,49.9,77.8,63.1,188.9707,149.0085,220.4005,534.7,2870.0,1827.0,728.0,692.0,1412.0,10.3,59.3,6.0,3.2,,,,,
1978-06,12.1,2221750.0,96343.0,3669.0,59424.0,9.0,50.1,78.0,63.3,192.106,151.8328,223.4759,533.7,2788.0,1946.0,712.0,640.0,1425.8,10.0,59.5,5.9,3.175,,,,,
1978-07,12.0,2313200.0,96090.0,3563.0,59635.0,9.1,50.1,77.8,63.2,195.0134,154.7939,226.2258,530.7,3069.0,1867.0,715.0,658.0,1426.8,10.9,59.3,6.2,3.28,197.659,165.997,277.887,32.21407,6.847
1978-08,11.4,2398000.0,96431.0,3603.0,59748.0,9.4,50.0,77.8,63.2,198.3252,158.0594,228.3623,530.5,2858.0,1967.0,630.0,612.0,1447.0,10.5,59.4,5.9,3.375,,,,,
1978-09,11.4,2269800.0,96670.0,3566.0,59707.0,8.7,50.4,77.6,63.3,201.099,159.5009,230.5011,529.6,2941.0,1884.0,684.0,624.0,1452.9,10.6,59.5,6.0,3.2,,,,,
1978-10,11.7,2230500.0,97133.0,3510.0,59703.0,8.6,50.4,77.8,63.3,204.5151,162.4463,232.9249,526.5,2786.0,1833.0,723.0,596.0,1466.9,10.7,59.7,5.8,3.025,209.891,173.409,294.871,31.86206,6.971
1978-11,11.1,2223750.0,97485.0,3428.0,59455.0,8.3,50.5,78.0,63.5,207.5855,163.6561,235.8062,526.5,2903.0,1881.0,709.0,533.0,1480.6,10.5,59.8,5.9,3.025,,,,,
1978-12,10.6,2286600.0,97581.0,3309.0,59463.0,8.6,50.6,78.0,63.6,210.462,164.4319,237.2394,526.2,2978.0,2004.0,759.0,510.0,1496.5,10.4,59.8,6.0,3.1,,,,,
1979-01,11.1,2382500.0,97948.0,3451.0,59459.0,9.3,50.5,78.2,63.6,211.9456,164.5578,239.757,523.5,2791.0,2003.0,717.0,533.0,1502.4,11.1,59.9,5.9,3.1,212.498,167.768,294.422,31.53601,7.012
1979-02,11.2,2414250.0,98329.0,3486.0,59224.0,9.4,50.8,78.3,63.8,213.6288,166.5728,243.8766,520.1,2899.0,1964.0,745.0,552.0,1517.8,11.1,60.1,5.9,3.125,,,,,
1979-03,11.7,2385800.0,98480.0,3494.0,59438.0,9.5,51.0,78.0,63.8,215.6358,168.8796,247.8933,518.6,2843.0,1935.0,773.0,592.0,1531.2,11.2,60.0,5.8,3.1,,,,,
1979-04,11.0,2398500.0,98103.0,3535.0,59990.0,9.5,50.6,77.8,63.5,218.0995,171.6716,253.7609,521.2,2938.0,1908.0,723.0,549.0,1538.4,11.0,59.8,5.8,3.0,220.901,170.03,303.013,31.06277,6.997
1979-05,11.1,2259250.0,98331.0,3532.0,60288.0,9.4,50.6,77.6,63.3,220.5903,174.5899,258.7349,517.6,2773.0,1897.0,719.0,520.0,1558.8,10.3,59.8,5.6,2.825,,,,,
1979-06,10.4,2251600.0,98679.0,3701.0,60082.0,8.8,50.7,77.8,63.5,223.9688,177.119,263.4815,517.2,2947.0,1816.0,650.0,521.0,1575.7,9.9,59.9,5.7,2.82,,,,,
1979-07,10.3,2358500.0,99006.0,3556.0,59968.0,9.3,50.9,77.9,63.6,228.0921,178.9457,267.8631,516.7,2890.0,1982.0,653.0,470.0,1586.1,10.6,60.0,5.7,2.825,225.792,169.036,306.828,30.98402,7.049
1979-08,10.6,2458250.0,98776.0,3627.0,60102.0,9.8,51.0,77.7,63.6,230.9436,180.6784,270.6452,514.0,3296.0,1820.0,669.0,534.0,1615.6,9.7,59.8,6.0,2.975,,,,,
1979-09,10.5,2428200.0,99340.0,3495.0,59901.0,9.9,51.1,77.9,63.8,233.9281,182.1091,274.3761,509.8,2946.0,2054.0,640.0,532.0,1633.9,9.4,60.0,5.9,2.9,,,,,
1979-10,10.5,2490000.0,99404.0,3530.0,60113.0,10.1,51.3,77.6,63.7,236.8872,183.0422,276.1506,506.4,3039.0,2011.0,689.0,530.0,1641.6,9.7,59.9,6.0,2.95,222.428,166.137,300.304,31.02615,7.147
1979-11,10.6,2602500.0,99574.0,3692.0,60239.0,10.5,51.3,77.5,63.7,239.268,183.7381,277.2382,501.1,3030.0,1883.0,688.0,551.0,1657.3,9.7,60.0,5.9,3.05,,,,,
1979-12,10.8,2698800.0,99933.0,3787.0,60042.0,11.1,51.5,77.6,63.9,241.6747,183.7811,279.7257,496.5,3013.0,2033.0,733.0,544.0,1666.3,10.1,60.1,6.0,3.2,,,,,
1980-01,10.4,2781750.0,99879.0,3736.0,59982.0,11.8,51.6,77.8,64.0,244.1149,184.5328,281.8501,494.6,3215.0,2063.0,805.0,548.0,1697.3,9.9,60.0,6.3,3.275,223.244,152.078,308.632,30.94982,7.188
1980-02,10.6,2868500.0,99995.0,3765.0,60062.0,11.8,51.5,77.9,64.0,247.048,186.1825,285.6731,493.8,3134.0,2200.0,850.0,508.0,1701.4,10.1,60.0,6.3,3.4,,,,,
1980-03,11.0,2881200.0,99713.0,3730.0,60542.0,12.3,51.3,77.6,63.7,248.9923,186.4768,289.3844,484.9,3097.0,2272.0,835.0,622.0,1708.2,10.2,59.7,6.3,3.38,,,,,
1980-04,11.4,3126500.0,99233.0,4163.0,60606.0,14.2,51.4,77.5,63.8,250.6829,184.4534,290.6018,474.4,3374.0,2388.0,1003.0,691.0,1695.2,11.3,59.4,6.9,3.625,194.714,142.114,259.646,31.37303,7.249
1980-05,10.9,3544800.0,98945.0,4700.0,60478.0,15.7,51.5,77.7,63.9,251.3254,181.59,287.8784,471.0,3754.0,2608.0,1021.0,719.0,1700.1,11.4,59.1,7.5,4.12,,,,,
1980-06,11.3,3832500.0,98682.0,4553.0,60863.0,17.1,51.3,77.4,63.7,252.0475,179.7834,287.0378,471.6,3409.0,2879.0,987.0,773.0,1718.8,11.2,58.9,7.6,4.45,,,,,
1980-07,11.8,3845500.0,98796.0,4520.0,60773.0,19.1,51.5,77.5,63.8,253.6243,179.2444,288.0583,477.0,3458.0,2817.0,1111.0,884.0,1747.1,11.3,58.8,7.8,4.425,202.262,142.47,274.406,31.77687,7.153
1980-08,12.4,3805200.0,98824.0,4619.0,60998.0,18.1,51.5,77.3,63.7,255.0428,178.8059,291.4491,479.8,3415.0,2658.0,1232.0,930.0,1763.8,11.3,58.8,7.7,4.4,,,,,
1980-09,12.9,3693500.0,99077.0,4512.0,61199.0,19.7,51.4,77.2,63.6,256.2875,178.4358,294.7925,482.5,3150.0,2613.0,1343.0,966.0,1780.5,11.7,58.9,7.5,4.275,,,,,
1980-10,13.1,3556250.0,99317.0,4505.0,61098.0,18.8,51.6,77.3,63.7,258.4035,178.5137,299.9573,482.9,3236.0,2544.0,1246.0,1060.0,1817.1,11.3,58.9,7.5,4.1,208.875,155.641,288.347,31.157,7.293
1980-11,13.6,3300600.0,99545.0,4497.0,61127.0,17.5,51.6,77.3,63.8,260.6068,178.7189,307.3743,479.8,3146.0,2498.0,1196.0,1133.0,1826.8,11.6,59.0,7.5,3.78,,,,,
1980-12,13.7,3125500.0,99634.0,4449.0,61531.0,17.2,51.5,77.0,63.6,262.2834,178.693,312.0383,472.8,3097.0,2234.0,1259.0,1147.0,1851.7,11.4,59.0,7.2,3.6,,,,,
1981-01,14.3,3038200.0,99955.0,4626.0,61078.0,17.0,51.9,77.3,63.9,263.7707,178.8278,312.4522,471.7,3318.0,2334.0,1126.0,1263.0,1870.0,10.9,59.1,7.5,3.48,213.17,166.212,291.311,30.87284,7.528
1981-02,14.1,2978000.0,100191.0,4493.0,61038.0,16.1,52.0,77.2,63.9,265.1531,179.1355,313.117,471.4,3287.0,2412.0,1099.0,1245.0,1884.2,10.8,59.2,7.4,3.425,,,,,
1981-03,14.0,2899250.0,100571.0,4474.0,60900.0,16.2,52.1,77.3,64.1,266.8392,179.7672,314.3933,472.9,3328.0,2428.0,1059.0,1217.0,1902.9,10.8,59.4,7.4,3.325,,,,,
1981-04,13.9,2857000.0,101056.0,4424.0,60716.0,15.9,52.3,77.5,64.2,268.6235,179.8026,318.5024,479.7,3185.0,2436.0,1099.0,1132.0,1904.4,10.9,59.6,7.2,3.275,201.614,171.767,270.691,30.70875,7.428
1981-05,13.6,2904000.0,101048.0,4532.0,60607.0,15.3,52.4,77.5,64.3,271.2572,180.6257,324.08,473.5,3409.0,2594.0,1072.0,1149.0,1913.8,11.0,59.5,7.5,3.34,,,,,
1981-06,13.7,2903250.0,100298.0,4434.0,61646.0,15.3,52.1,76.7,63.7,273.4038,180.9787,328.1726,469.8,3340.0,2403.0,1127.0,1123.0,1934.5,10.8,59.0,7.5,3.325,,,,,
1981-07,13.8,2883000.0,100693.0,4725.0,61690.0,15.0,52.1,76.8,63.8,274.7618,181.0389,331.8571,466.6,3307.0,2408.0,1080.0,1086.0,1942.1,12.3,59.1,7.2,3.3,206.868,186.194,278.516,30.60333,7.637
1981-08,14.4,2948400.0,100689.0,4713.0,61674.0,14.6,52.1,76.9,63.8,277.0577,181.7163,336.523,463.0,3320.0,2487.0,1077.0,1164.0,1966.6,12.0,59.1,7.4,3.38,,,,,
1981-09,13.6,3013000.0,100064.0,4809.0,62299.0,15.2,51.7,76.6,63.5,278.7288,182.1541,338.1155,458.6,3493.0,2524.0,1147.0,1114.0,1965.5,12.4,58.7,7.6,3.475,,,,,
1981-10,13.5,3127000.0,100378.0,5332.0,61785.0,15.3,52.3,76.7,63.8,280.1515,182.1093,341.1989,458.7,3656.0,2654.0,1169.0,1134.0,1963.9,13.0,58.8,7.9,3.62,203.587,184.542,265.981,31.35587,7.592
1981-11,13.1,3337250.0,100207.0,5204.0,61760.0,16.4,52.4,76.7,63.9,281.6173,181.957,345.5088,459.8,3812.0,2810.0,1202.0,1143.0,1970.6,13.2,58.6,8.3,3.85,,,,,
1981-12,13.1,3525250.0,99645.0,5536.0,62254.0,18.2,52.0,76.6,63.6,283.5867,182.1427,350.3077,464.1,3949.0,2989.0,1203.0,1171.0,1988.8,12.5,58.2,8.5,4.05,,,,,
1982-01,13.4,3533600.0,99692.0,5067.0,62246.0,17.7,52.1,76.6,63.7,285.4002,182.5058,354.8455,469.0,3924.0,3074.0,1223.0,1186.0,1997.1,12.7,58.2,8.6,4.04,183.468,171.235,234.08,32.41298,7.401
1982-02,14.1,3555500.0,99762.0,5737.0,62022.0,18.8,52.3,76.7,63.8,287.5623,182.8523,360.7137,466.6,3808.0,3122.0,1479.0,1279.0,2021.2,12.1,58.2,8.9,4.075,,,,,
1982-03,14.1,3655500.0,99672.0,5938.0,62100.0,20.9,52.4,76.6,63.8,290.207,183.2281,363.9746,467.5,3896.0,3107.0,1607.0,1358.0,2024.1,12.2,58.1,9.0,4.175,,,,,
1982-04,14.5,3864500.0,99576.0,6049.0,62024.0,23.1,52.4,76.7,63.9,291.8256,183.9807,371.0565,470.6,3951.0,3227.0,1585.0,1501.0,2026.3,12.9,57.9,9.3,4.4,185.364,183.478,238.1,32.40213,7.452
1982-05,14.9,3991800.0,100116.0,6112.0,61575.0,23.9,52.7,77.0,64.2,293.82,184.57,375.9823,465.8,3885.0,3295.0,1659.0,1617.0,2044.5,12.3,58.2,9.4,4.54,,,,,
1982-06,15.7,4094250.0,99543.0,5997.0,62109.0,24.7,52.7,76.5,63.9,295.6466,185.495,380.5642,461.3,3606.0,3413.0,1667.0,1784.0,2048.1,12.3,57.8,9.6,4.675,,,,,
1982-07,15.4,4101400.0,99493.0,6084.0,62022.0,25.0,52.8,76.5,64.0,295.9582,185.6313,384.0437,459.5,3929.0,3300.0,1739.0,1816.0,2072.2,12.5,57.7,9.8,4.66,180.728,180.462,233.94,33.9253,7.446
1982-08,16.2,4260250.0,99633.0,6221.0,61997.0,25.5,52.8,76.6,64.1,297.0876,185.8902,385.8593,462.0,3895.0,3354.0,1830.0,1866.0,2080.1,12.6,57.8,9.8,4.85,,,,,
1982-09,16.6,4452750.0,99504.0,6705.0,61969.0,27.8,52.8,76.7,64.1,297.9524,186.0751,391.0385,467.7,3966.0,3494.0,1871.0,2018.0,2104.6,11.8,57.6,10.1,5.1,,,,,
1982-10,17.2,4639600.0,99215.0,6857.0,62137.0,31.7,52.7,76.7,64.1,298.668,186.4431,392.3917,473.5,3873.0,3471.0,1939.0,2246.0,2125.8,11.3,57.4,10.4,5.3,174.574,179.079,223.19,35.18156,7.235
1982-11,17.1,4601000.0,99112.0,6704.0,62008.0,32.2,52.9,76.7,64.2,299.2424,186.8212,391.9751,481.1,3974.0,3518.0,2147.0,2338.0,2149.3,10.9,57.3,10.8,5.275,,,,,
1982-12,18.1,4400000.0,99032.0,6657.0,62116.0,31.5,53.0,76.5,64.1,299.653,187.8525,392.0419,486.0,3939.0,3425.0,2098.0,2564.0,2161.6,10.9,57.2,10.8,5.025,,,,,
1983-01,19.4,3919000.0,99161.0,6733.0,62659.0,29.0,52.9,76.1,63.9,302.0905,187.985,393.1864,487.4,3654.0,3312.0,2001.0,2667.0,2174.0,11.1,57.2,10.4,4.5,176.17,194.341,226.41,35.82911,7.176
1983-02,19.2,3859250.0,99089.0,6570.0,62871.0,30.2,52.7,76.0,63.8,303.1623,188.0155,393.3556,494.2,3717.0,3177.0,1925.0,2716.0,2177.0,11.1,57.1,10.4,4.4,,,,,
1983-03,19.4,3767500.0,99179.0,6448.0,63069.0,31.6,52.6,76.0,63.7,304.3282,189.2555,393.8048,500.1,3502.0,3150.0,1866.0,2746.0,2202.8,10.6,57.1,10.3,4.325,,,,,
1983-04,19.5,3760200.0,99560.0,6300.0,62966.0,30.6,52.6,76.1,63.8,306.2567,190.5952,392.4259,499.2,3539.0,3112.0,1660.0,2710.0,2226.4,10.3,57.3,10.2,4.32,195.362,209.357,260.694,36.87167,7.171
1983-05,20.5,3624250.0,99642.0,6229.0,63157.0,34.3,52.5,76.1,63.7,308.3139,192.2174,391.4906,504.0,3531.0,2979.0,1788.0,2750.0,2245.9,9.9,57.3,10.1,4.2,,,,,
1983-06,20.8,3455500.0,100633.0,6240.0,62246.0,31.4,53.0,76.8,64.3,310.8249,193.9867,393.8395,507.0,3686.0,2926.0,1585.0,2885.0,2276.0,9.1,57.8,10.1,4.0,,,,,
1983-07,21.2,3189600.0,101208.0,6182.0,62550.0,24.8,52.8,76.7,64.1,314.1926,196.7685,397.7945,508.8,3459.0,2821.0,1735.0,2594.0,2304.4,9.6,58.1,9.4,3.7,206.519,217.26,280.503,37.3311,7.229
1983-08,20.0,3105750.0,101608.0,6248.0,62209.0,24.0,53.2,76.7,64.3,317.2201,199.8275,401.5866,510.0,3632.0,3035.0,1540.0,2530.0,2320.4,9.2,58.2,9.5,3.6,,,,,
1983-09,20.2,3007000.0,102016.0,6196.0,62304.0,21.2,53.3,76.5,64.3,320.6919,202.6723,402.529,510.8,3768.0,2774.0,1413.0,2441.0,2334.9,9.6,58.4,9.2,3.5,,,,,
1983-10,20.2,2902800.0,102039.0,6009.0,62853.0,19.4,53.0,76.3,64.0,324.0551,206.5272,405.7486,513.1,3491.0,2736.0,1371.0,2277.0,2357.6,9.7,58.4,8.8,3.38,211.822,232.435,287.942,37.17553,7.309
1983-11,19.7,2787750.0,102729.0,6141.0,62723.0,20.4,53.1,76.5,64.1,327.3763,209.8765,409.6174,513.4,3347.0,2644.0,1368.0,2167.0,2366.3,10.3,58.7,8.5,3.275,,,,,
1983-12,19.2,2712200.0,102996.0,5882.0,62794.0,20.0,53.2,76.3,64.1,330.3526,212.9273,413.9404,514.2,3455.0,2521.0,1318.0,2061.0,2393.6,10.1,58.8,8.3,3.18,,,,,
1984-01,20.4,2549250.0,103201.0,5934.0,63324.0,18.2,52.9,76.1,63.9,333.7075,215.3294,415.6054,514.3,3309.0,2532.0,1214.0,2040.0,2419.4,10.0,58.8,8.0,2.975,220.108,248.172,308.544,37.45447,7.402
1984-02,19.0,2469500.0,103824.0,5904.0,63064.0,17.1,53.2,76.2,64.1,337.6043,218.3293,423.5808,514.1,3327.0,2485.0,1157.0,1834.0,2403.5,11.7,59.1,7.8,2.9,,,,,
1984-03,19.1,2424400.0,103967.0,5665.0,63111.0,16.4,53.2,76.2,64.1,342.0163,221.4447,430.9463,516.4,3335.0,2501.0,1101.0,1780.0,2431.6,11.5,59.1,7.8,2.8,,,,,
1984-04,18.9,2422250.0,104336.0,5761.0,62871.0,15.8,53.5,76.2,64.3,346.1789,225.1752,437.8374,517.9,3362.0,2459.0,1094.0,1764.0,2457.5,11.5,59.3,7.7,2.8,220.957,251.083,308.101,37.72687,7.462
1984-05,18.8,2385000.0,105193.0,5566.0,62474.0,16.1,53.9,76.3,64.5,349.7492,229.4791,446.3183,518.6,3167.0,2387.0,1193.0,1691.0,2474.5,11.1,59.7,7.4,2.775,,,,,
1984-06,18.1,2360400.0,105591.0,5884.0,62467.0,15.1,53.7,76.6,64.6,353.7386,233.4139,450.9723,520.9,3261.0,2273.0,1036.0,1576.0,2495.6,11.1,59.9,7.2,2.74,,,,,
1984-07,18.0,2353000.0,105435.0,5744.0,62468.0,15.0,53.9,76.4,64.6,357.1593,236.6163,455.8009,519.6,3392.0,2472.0,1048.0,1590.0,2494.6,11.6,59.8,7.5,2.7,212.293,258.84,287.037,38.49586,7.54
1984-08,17.3,2385750.0,105163.0,5589.0,62901.0,15.3,53.7,76.3,64.4,360.6726,239.3469,458.7925,518.2,3567.0,2415.0,1089.0,1515.0,2512.2,11.8,59.6,7.5,2.775,,,,,
1984-09,17.0,2434800.0,105490.0,5728.0,62906.0,15.1,53.5,76.5,64.4,364.7314,242.6202,461.9148,518.7,3325.0,2558.0,1087.0,1451.0,2533.8,11.8,59.7,7.3,2.8,,,,,
1984-10,16.7,2524000.0,105638.0,5710.0,62937.0,15.8,53.7,76.3,64.4,367.6312,245.7603,466.3545,517.3,3423.0,2392.0,1099.0,1427.0,2531.3,11.7,59.7,7.4,2.875,213.695,267.523,289.279,40.08547,7.576
1984-11,17.0,2584250.0,105972.0,5626.0,62965.0,15.9,53.7,76.4,64.5,372.3966,249.4085,470.9618,519.9,3392.0,2356.0,1016.0,1422.0,2571.4,10.9,59.8,7.2,2.925,,,,,
1984-12,16.8,2547000.0,106223.0,5797.0,62725.0,16.0,53.9,76.5,64.6,376.2431,253.8307,473.3524,522.8,3371.0,2578.0,1008.0,1393.0,2582.6,11.2,59.9,7.3,2.88,,,,,
1985-01,15.9,2552250.0,106302.0,5629.0,62659.0,17.0,54.2,76.3,64.7,379.0111,258.0207,472.9593,527.0,3667.0,2536.0,969.0,1315.0,2618.8,10.3,59.9,7.3,2.875,204.768,267.371,285.28,40.44121,7.522
1985-02,15.9,2623500.0,106555.0,5273.0,62640.0,16.8,54.4,76.2,64.7,383.1308,261.8266,475.6222,530.2,3471.0,2452.0,1045.0,1344.0,2640.8,9.1,60.0,7.2,2.95,,,,,
1985-03,16.1,2564400.0,106989.0,5718.0,62339.0,16.9,54.6,76.3,64.9,387.1364,265.6662,480.2056,530.5,3519.0,2443.0,1045.0,1349.0,2648.5,8.7,60.2,7.2,2.88,,,,,
1985-04,16.4,2578750.0,106936.0,5629.0,62468.0,16.6,54.5,76.4,64.9,390.5649,267.0666,478.9814,533.1,3499.0,2495.0,1015.0,1378.0,2659.5,9.9,60.1,7.3,2.85,205.85,272.719,284.662,41.31983,7.457
1985-05,15.3,2560750.0,106932.0,5828.0,62710.0,16.2,54.4,76.3,64.8,394.3832,270.7536,480.7548,536.5,3503.0,2556.0,1057.0,1235.0,2696.4,11.1,60.1,7.2,2.825,,,,,
1985-06,15.5,2551800.0,106505.0,5618.0,63131.0,15.0,54.1,76.1,64.6,397.6045,274.1502,482.2879,541.7,3538.0,2517.0,1029.0,1281.0,2689.4,9.6,59.8,7.4,2.82,,,,,
1985-07,15.5,2542500.0,106807.0,5583.0,62943.0,15.1,54.3,76.2,64.7,401.1028,278.0219,487.0638,547.0,3555.0,2554.0,1062.0,1267.0,2715.7,9.1,59.9,7.4,2.825,209.89,284.113,294.63,41.55909,7.358
1985-08,15.3,2562600.0,107095.0,5750.0,63114.0,14.8,54.2,76.2,64.6,405.231,281.4733,489.8593,552.5,3439.0,2515.0,1036.0,1222.0,2752.1,8.2,60.0,7.1,2.8,,,,,
1985-09,15.3,2580500.0,107657.0,5602.0,62667.0,15.1,54.6,76.3,64.9,409.797,283.9485,494.3827,558.1,3494.0,2570.0,1009.0,1233.0,2794.7,7.3,60.3,7.1,2.8,,,,,
1985-10,15.3,2631750.0,107847.0,5459.0,62625.0,15.7,54.6,76.4,65.0,414.3729,287.3445,493.2834,560.2,3424.0,2545.0,1096.0,1199.0,2755.8,9.1,60.3,7.1,2.875,211.649,267.309,294.025,43.78715,7.247
1985-11,15.7,2625200.0,108007.0,5494.0,62805.0,15.4,54.7,76.2,64.9,418.6564,289.4827,497.0801,561.7,3463.0,2456.0,910.0,1297.0,2771.1,9.0,60.4,7.0,2.84,,,,,
1985-12,15.1,2643750.0,108216.0,5512.0,62758.0,15.8,54.9,76.1,65.0,422.888,291.0726,498.8873,566.0,3393.0,2544.0,1003.0,1205.0,2811.3,8.6,60.4,7.0,2.875,,,,,
1986-01,14.8,2604000.0,108887.0,5541.0,62988.0,15.7,54.7,76.2,64.9,427.4321,293.2369,500.4036,565.4,3333.0,2414.0,1002.0,1087.0,2827.1,8.6,60.6,6.7,2.8,176.84,252.856,264.68,44.07415,7.193
1986-02,15.2,2568500.0,108480.0,5258.0,62939.0,15.5,54.8,76.2,65.0,432.0811,295.1257,500.8553,569.9,3516.0,2569.0,1125.0,1183.0,2820.2,9.3,60.3,7.2,2.75,,,,,
1986-03,14.6,2593600.0,108837.0,5555.0,62765.0,15.6,55.1,76.2,65.1,437.0688,296.55,505.3868,580.7,3540.0,2586.0,1088.0,1173.0,2823.6,9.9,60.5,7.2,2.8,,,,,
1986-04,14.7,2608750.0,108952.0,5825.0,62832.0,16.3,55.1,76.2,65.1,441.9303,298.1537,507.5856,589.7,3598.0,2666.0,988.0,1174.0,2835.2,9.7,60.5,7.1,2.775,172.969,238.165,261.373,45.30682,6.98
1986-05,14.7,2671000.0,109089.0,5908.0,62783.0,16.4,55.2,76.2,65.2,446.6866,300.0401,507.9071,598.2,3586.0,2670.0,1064.0,1168.0,2857.5,9.3,60.5,7.2,2.88,,,,,
1986-06,15.2,2635000.0,109576.0,5628.0,62419.0,16.5,55.5,76.3,65.4,451.2175,302.2153,511.2232,603.8,3489.0,2705.0,1040.0,1280.0,2861.7,9.4,60.7,7.2,2.8,,,,,
1986-07,15.2,2608000.0,109810.0,5415.0,62553.0,17.0,55.5,76.3,65.4,457.1109,304.8941,513.0123,612.1,3446.0,2548.0,1056.0,1213.0,2881.2,9.3,60.8,7.0,2.775,171.499,225.55,261.503,46.12536,6.788
1986-08,15.5,2655600.0,110015.0,5521.0,62678.0,16.7,55.6,76.1,65.3,463.3331,307.1586,515.0614,619.3,3439.0,2398.0,1084.0,1192.0,2898.6,9.0,60.8,6.9,2.82,,,,,
1986-09,15.4,2707000.0,110085.0,5615.0,62602.0,17.1,55.5,76.3,65.4,469.3573,309.4476,517.6744,624.9,3405.0,2642.0,1081.0,1237.0,2971.8,7.2,60.8,7.0,2.875,,,,,
1986-10,15.2,2718750.0,110273.0,5769.0,62670.0,17.0,55.7,76.2,65.4,473.9241,311.5267,517.6163,630.6,3416.0,2599.0,974.0,1214.0,2932.9,8.4,60.9,7.0,2.875,175.984,213.441,277.22,47.55286,6.575
1986-11,15.0,2630800.0,110475.0,5512.0,62729.0,16.7,55.5,76.4,65.4,479.2666,313.0498,523.8515,638.9,3343.0,2630.0,1037.0,1165.0,2928.4,8.8,60.9,6.9,2.78,,,,,
1986-12,15.0,2571250.0,110728.0,5613.0,62936.0,16.9,55.4,76.3,65.3,490.76,314.7442,539.2184,654.1,3297.0,2397.0,1011.0,1150.0,2997.1,7.0,61.0,6.6,2.7,,,,,
1987-01,14.9,2512400.0,110953.0,5482.0,62982.0,15.1,55.4,76.3,65.4,502.8959,314.9624,548.7872,655.5,3390.0,2399.0,1028.0,1140.0,2935.5,9.7,61.0,6.6,2.62,187.831,224.31,289.374,47.57835,6.455
1987-02,14.7,2472000.0,111257.0,5569.0,62876.0,15.6,55.6,76.3,65.5,508.45,315.415,546.9847,653.6,3323.0,2415.0,1004.0,1113.0,3001.7,8.5,61.1,6.6,2.6,,,,,
1987-03,14.9,2429250.0,111408.0,5436.0,62909.0,15.6,55.8,76.2,65.5,516.5649,316.3179,548.3337,654.0,3386.0,2393.0,949.0,1121.0,3013.3,8.5,61.2,6.6,2.55,,,,,
1987-04,14.8,2411000.0,111794.0,5350.0,63008.0,15.3,55.8,76.1,65.4,524.8545,317.2838,549.4897,660.1,3162.0,2236.0,1012.0,1079.0,3038.8,4.5,61.3,6.3,2.525,215.335,247.767,330.457,48.04867,6.457
1987-05,14.9,2324000.0,112434.0,5386.0,62525.0,14.8,56.1,76.4,65.7,532.1318,317.3388,551.5302,660.0,3315.0,2100.0,992.0,1112.0,3048.4,8.2,61.6,6.3,2.44,,,,,
1987-06,14.9,2279000.0,112246.0,5242.0,63059.0,15.2,55.9,76.1,65.5,541.6778,315.461,554.5176,654.8,3167.0,2173.0,1012.0,1075.0,3072.8,7.7,61.4,6.2,2.4,,,,,
1987-07,14.2,2196500.0,112634.0,5493.0,62983.0,14.7,56.1,76.0,65.6,549.425,316.9613,553.4244,652.9,3217.0,2146.0,938.0,983.0,3094.7,7.5,61.6,6.1,2.275,230.169,266.501,350.053,48.1165,6.555
1987-08,14.4,2211600.0,113057.0,5334.0,62684.0,14.4,56.2,76.3,65.7,556.2796,319.3443,554.0893,651.7,3191.0,2155.0,833.0,1045.0,3130.8,7.2,61.8,6.0,2.32,,,,,
1987-09,14.2,2196750.0,112909.0,5309.0,63150.0,14.2,56.0,76.0,65.5,563.2092,321.8901,561.3056,651.8,3224.0,2031.0,877.0,989.0,3126.5,7.6,61.6,5.9,2.275,,,,,
1987-10,14.0,2046800.0,113282.0,5455.0,62802.0,13.3,56.3,76.2,65.7,570.7474,324.3088,563.1205,657.6,3241.0,2162.0,838.0,956.0,3134.5,8.3,61.8,6.0,2.1,239.018,274.545,353.278,48.55667,6.649
1987-11,14.0,2082250.0,113505.0,5527.0,62930.0,13.3,56.3,76.1,65.7,577.6923,325.0352,562.5139,652.7,3172.0,2083.0,871.0,926.0,3144.2,8.5,61.9,5.8,2.15,,,,,
1987-12,14.2,2115500.0,113793.0,5279.0,62891.0,13.9,56.4,76.1,65.7,585.6811,326.8654,565.1316,649.0,3178.0,1979.0,867.0,900.0,3174.1,8.7,62.0,5.7,2.2,,,,,
1988-01,14.2,2188000.0,114016.0,5297.0,62853.0,13.6,56.4,76.2,65.8,591.5895,330.2658,567.0778,651.9,3086.0,2151.0,845.0,869.0,3213.7,8.1,62.0,5.7,2.26,249.639,281.605,362.23,49.03151,6.688
1988-02,14.4,2141500.0,114227.0,5316.0,62813.0,14.0,56.5,76.2,65.9,595.8714,332.4077,568.269,652.1,3057.0,2110.0,850.0,888.0,3221.4,8.6,62.1,5.7,2.175,,,,,
1988-03,13.7,2112000.0,114037.0,5278.0,63198.0,14.1,56.4,75.9,65.7,601.4329,336.3189,571.3833,653.9,3042.0,2087.0,896.0,848.0,3260.5,8.2,61.9,5.7,2.175,,,,,
1988-04,13.3,2081200.0,114650.0,5137.0,62981.0,13.0,56.4,76.2,65.8,608.9078,339.4857,577.3748,655.4,3107.0,1930.0,753.0,810.0,3263.0,8.8,62.2,5.4,2.1,265.179,288.593,385.181,49.08744,6.717
1988-05,13.8,2067750.0,114292.0,4917.0,63303.0,13.3,56.1,76.2,65.7,616.1705,341.2281,583.8076,656.8,3095.0,2036.0,801.0,846.0,3293.6,8.4,62.0,5.6,2.1,,,,,
1988-06,13.1,2043000.0,114927.0,5294.0,63089.0,13.3,56.4,76.2,65.8,622.7259,343.3542,588.9909,659.6,3101.0,1924.0,726.0,805.0,3318.5,8.4,62.3,5.4,2.1,,,,,
1988-07,13.4,2065200.0,115060.0,5460.0,63064.0,12.9,56.5,76.2,65.9,629.8637,345.4046,593.93,659.4,2998.0,2067.0,805.0,796.0,3342.7,8.6,62.3,5.4,2.1,264.662,286.1,393.782,49.25732,6.749
1988-08,13.6,2088000.0,115282.0,5259.0,62705.0,13.8,56.6,76.5,66.1,637.3176,347.3149,594.5185,658.2,3172.0,1973.0,844.0,795.0,3368.0,8.4,62.4,5.6,2.1,,,,,
1988-09,13.6,2075750.0,115356.0,5085.0,63002.0,13.1,56.6,76.2,65.9,644.2595,348.8891,595.4546,655.8,3152.0,1880.0,756.0,813.0,3375.0,8.9,62.4,5.4,2.1,,,,,
1988-10,13.4,2015600.0,115638.0,5005.0,62908.0,12.8,56.8,76.1,66.0,651.4141,351.4912,599.0586,653.3,3106.0,1864.0,794.0,768.0,3413.7,8.6,62.5,5.4,2.0,276.88,304.459,412.231,49.71548,6.879
1988-11,12.6,1978250.0,116100.0,5033.0,62607.0,13.3,57.2,76.1,66.2,656.9047,352.7994,601.069,652.5,3097.0,1967.0,765.0,703.0,3430.2,8.4,62.7,5.3,1.975,,,,,
1988-12,12.9,2045200.0,116104.0,5369.0,62780.0,13.0,57.2,76.0,66.1,663.0321,355.2863,604.6425,651.8,2972.0,2023.0,751.0,739.0,3459.7,8.3,62.6,5.3,2.06,,,,,
1989-01,12.6,2061000.0,116708.0,5055.0,62254.0,13.5,57.5,76.4,66.5,676.4579,356.608,606.2828,648.3,3146.0,2010.0,748.0,732.0,3483.7,8.5,62.9,5.4,2.075,275.1,286.526,412.27,49.73276,7.028
1989-02,12.4,2113750.0,116776.0,4902.0,62642.0,13.4,57.1,76.3,66.3,682.9911,357.2369,617.0974,644.6,3194.0,1877.0,669.0,635.0,3488.0,9.0,62.9,5.2,2.125,,,,,
1989-03,12.3,2131500.0,117022.0,4871.0,62670.0,13.7,57.2,76.3,66.3,688.9008,359.1454,616.4862,640.8,3042.0,1850.0,683.0,670.0,3498.8,9.5,62.9,5.0,2.125,,,,,
1989-04,12.5,2098800.0,117097.0,5048.0,62459.0,13.6,57.3,76.5,66.4,698.1851,360.9494,619.0417,633.0,3110.0,1984.0,680.0,717.0,3543.0,8.4,62.9,5.2,2.08,268.646,292.879,391.61,49.8876,7.234
1989-05,12.0,2093500.0,117099.0,4897.0,62707.0,13.8,57.3,76.3,66.3,704.2509,362.544,624.2962,626.5,3052.0,1987.0,714.0,634.0,3551.8,8.1,62.9,5.2,2.075,,,,,
1989-06,11.1,2122750.0,117418.0,4969.0,62334.0,13.8,57.3,76.7,66.5,711.8466,363.3048,624.2621,623.3,3303.0,2020.0,687.0,613.0,3566.6,8.2,63.0,5.3,2.1,,,,,
1989-07,11.8,2179400.0,117472.0,4924.0,62516.0,14.4,57.4,76.5,66.5,720.4625,365.2478,631.0031,624.7,3173.0,1961.0,814.0,621.0,3585.7,8.2,63.0,5.2,2.14,257.909,297.698,376.843,50.17117,7.307
1989-08,11.4,2207250.0,117655.0,4888.0,62432.0,14.8,57.5,76.5,66.5,730.5,366.8325,635.2399,626.0,3090.0,2038.0,742.0,560.0,3620.6,7.6,63.1,5.2,2.175,,,,,
1989-09,11.5,2208800.0,117354.0,4825.0,62782.0,14.7,57.5,76.1,66.4,739.1886,368.6133,637.1648,625.8,3214.0,1981.0,761.0,599.0,3621.9,8.1,62.8,5.3,2.18,,,,,
1989-10,11.9,2281000.0,117581.0,4743.0,62660.0,15.6,57.4,76.5,66.5,745.1716,370.2782,639.3545,627.3,3218.0,1992.0,746.0,646.0,3633.6,8.5,62.9,5.3,2.2,258.272,282.397,376.892,51.38111,7.283
1989-11,11.7,2285000.0,117912.0,4800.0,62380.0,15.8,57.8,76.4,66.6,752.715,372.3149,639.6911,625.8,3247.0,2035.0,763.0,655.0,3643.3,8.6,63.0,5.4,2.2,,,,,
1989-12,11.6,2285000.0,117830.0,4817.0,62668.0,15.8,57.5,76.4,66.5,759.8765,373.9524,637.6171,627.8,3275.0,1987.0,740.0,635.0,3684.2,7.8,63.0,5.4,2.2,,,,,
1990-01,11.8,2354750.0,119081.0,4856.0,62580.0,16.8,57.7,76.7,66.8,765.8202,376.0468,635.7585,623.8,3189.0,2091.0,766.0,646.0,3730.7,8.0,63.2,5.4,2.275,268.869,297.117,385.623,51.96856,7.356
1990-02,11.6,2354000.0,119059.0,4809.0,62806.0,16.4,57.6,76.6,66.7,774.7081,376.1417,636.534,623.5,3223.0,2066.0,726.0,624.0,3728.2,8.6,63.2,5.3,2.275,,,,,
1990-03,11.7,2363800.0,119203.0,4856.0,62829.0,16.1,57.6,76.6,66.7,781.6579,375.7609,638.3627,623.3,3206.0,2101.0,694.0,637.0,3754.9,8.3,63.2,5.2,2.3,,,,,
1990-04,11.8,2380250.0,118852.0,4941.0,63129.0,16.7,57.5,76.4,66.6,788.7039,374.5154,640.8465,625.4,3269.0,2171.0,727.0,649.0,3770.0,8.8,63.0,5.4,2.275,282.342,312.229,404.009,52.7473,7.391
1990-05,11.7,2390000.0,119151.0,4988.0,63020.0,17.5,57.7,76.4,66.6,797.8321,375.8632,639.7454,622.9,3117.0,2269.0,771.0,644.0,3775.8,8.7,63.1,5.4,2.3,,,,,
1990-06,11.6,2423800.0,118983.0,5364.0,63485.0,17.1,57.4,76.3,66.4,805.5952,375.25,641.5204,622.6,3151.0,2118.0,796.0,640.0,3804.5,8.6,62.9,5.2,2.3,,,,,
1990-07,11.9,2471750.0,118810.0,5276.0,63456.0,18.1,57.5,76.3,66.5,814.2769,372.033,639.8982,620.8,3221.0,2240.0,846.0,688.0,3821.7,8.7,62.8,5.5,2.35,288.2,282.596,413.339,53.75313,7.377
1990-08,12.2,2509250.0,118802.0,5365.0,63352.0,17.5,57.6,76.3,66.5,819.2537,373.528,640.3646,619.8,3320.0,2254.0,877.0,730.0,3848.3,8.1,62.7,5.7,2.375,,,,,
1990-09,12.4,2595400.0,118524.0,5364.0,63636.0,19.0,57.6,76.1,66.4,823.2615,373.7719,639.4613,619.0,3280.0,2374.0,914.0,781.0,3870.1,8.1,62.5,5.9,2.5,,,,,
1990-10,12.2,2720750.0,118536.0,5474.0,63715.0,20.1,57.4,76.2,66.4,829.0882,375.0114,637.5259,614.6,3347.0,2416.0,911.0,778.0,3870.6,7.8,62.5,5.9,2.575,289.53,291.708,413.234,56.03613,7.303
1990-11,12.4,2888250.0,118306.0,5492.0,63802.0,20.7,57.4,76.3,66.4,834.3257,374.6729,639.1938,614.9,3442.0,2465.0,998.0,833.0,3871.9,7.9,62.3,6.2,2.725,,,,,
1990-12,12.5,2968200.0,118241.0,5699.0,63875.0,22.2,57.3,76.3,66.4,841.6727,375.9632,641.5936,614.5,3462.0,2565.0,973.0,831.0,3861.3,8.8,62.2,6.3,2.82,,,,,
1991-01,12.2,3088000.0,117940.0,5465.0,64208.0,23.5,57.3,76.0,66.2,846.5935,371.7704,636.1438,614.1,3470.0,2630.0,998.0,868.0,3841.0,9.3,62.0,6.4,2.925,303.293,334.812,423.45,57.41652,7.247
1991-02,12.7,3262750.0,117755.0,5971.0,64251.0,24.2,57.4,75.9,66.2,851.7948,371.4868,635.9739,617.7,3585.0,2729.0,1051.0,904.0,3866.7,8.8,61.9,6.6,3.1,,,,,
1991-03,12.9,3419000.0,117652.0,6062.0,64143.0,25.2,57.3,76.1,66.3,857.3599,371.6587,635.2917,622.2,3539.0,2930.0,1186.0,951.0,3913.0,8.0,61.8,6.8,3.24,,,,,
1991-04,13.5,3483250.0,118109.0,6263.0,63969.0,27.3,57.6,76.0,66.4,860.603,371.1919,631.2554,624.1,3400.0,2801.0,1227.0,979.0,3907.1,8.6,62.0,6.7,3.3,309.454,336.675,425.449,57.74551,7.212
1991-05,12.9,3486750.0,117440.0,6052.0,64474.0,27.6,57.4,75.8,66.2,862.4382,370.7193,627.7211,626.0,3621.0,2864.0,1208.0,1044.0,3933.2,8.4,61.6,6.9,3.3,,,,,
1991-06,13.7,3426800.0,117639.0,6106.0,64469.0,27.5,57.4,75.8,66.2,865.8734,368.8866,626.3638,629.9,3428.0,2862.0,1424.0,1109.0,3940.5,8.9,61.7,6.9,3.22,,,,,
1991-07,13.8,3307500.0,117568.0,6151.0,64792.0,26.9,57.2,75.8,66.1,864.4876,366.2871,623.213,632.6,3422.0,2803.0,1280.0,1108.0,3966.0,8.2,61.6,6.8,3.125,314.815,333.806,431.732,59.06123,7.166
1991-08,13.9,3291800.0,117484.0,6180.0,64966.0,24.7,57.2,75.6,66.0,863.7251,365.4169,618.3867,634.6,3446.0,2752.0,1292.0,1168.0,3969.1,8.6,61.5,6.9,3.1,,,,,
1991-09,14.0,3296250.0,117928.0,6437.0,64652.0,26.2,57.4,75.8,66.2,864.3561,364.4262,620.5497,634.8,3478.0,2734.0,1306.0,1191.0,3984.7,8.8,61.6,6.9,3.1,,,,,
1991-10,14.4,3311000.0,117800.0,6385.0,64855.0,26.8,57.5,75.6,66.1,865.7378,362.1433,620.9607,639.9,3473.0,2779.0,1403.0,1235.0,3976.0,9.3,61.5,7.0,3.125,318.455,333.812,436.638,60.68599,7.058
1991-11,14.8,3310600.0,117770.0,6495.0,64956.0,26.1,57.5,75.5,66.1,867.1102,362.024,618.4235,644.1,3460.0,2781.0,1342.0,1376.0,4003.6,9.0,61.4,7.0,3.1,,,,,
1991-12,15.4,3349250.0,117466.0,6455.0,65134.0,35.1,57.5,75.4,66.0,868.1137,363.1215,618.3985,649.1,3473.0,2813.0,1388.0,1504.0,4020.5,9.7,61.2,7.3,3.15,,,,,
1992-01,16.1,3353250.0,117978.0,6593.0,64692.0,39.2,57.7,75.7,66.3,871.0081,363.0529,613.6065,658.3,3398.0,2826.0,1437.0,1623.0,4084.7,9.4,61.5,7.3,3.175,328.586,347.763,459.017,60.99679,6.886
1992-02,16.7,3314600.0,117753.0,6551.0,64860.0,38.7,57.7,75.6,66.2,873.4174,361.5593,609.7614,667.5,3277.0,2953.0,1478.0,1704.0,4099.5,9.8,61.3,7.4,3.12,,,,,
1992-03,17.1,3312000.0,118144.0,6531.0,64600.0,41.2,57.8,75.8,66.4,874.6974,359.8862,607.3791,673.4,3412.0,2801.0,1425.0,1771.0,4117.0,9.7,61.5,7.4,3.15,,,,,
1992-04,17.4,3343750.0,118426.0,6492.0,64513.0,42.1,57.9,75.8,66.5,881.1503,359.0685,604.3771,677.0,3296.0,2821.0,1380.0,1750.0,4131.5,9.9,61.6,7.4,3.175,340.749,347.262,473.119,61.57938,6.814
1992-05,17.8,3344800.0,118375.0,6550.0,64384.0,40.4,57.8,76.1,66.6,881.7635,357.3346,602.1855,680.5,3417.0,2788.0,1460.0,1984.0,4158.4,9.9,61.5,7.6,3.16,,,,,
1992-06,18.2,3289750.0,118419.0,6462.0,64204.0,41.1,57.9,76.2,66.7,879.3871,357.1078,601.0438,681.2,3518.0,2809.0,1608.0,2150.0,4177.1,10.1,61.5,7.8,3.125,,,,,
1992-07,18.1,3217750.0,118713.0,6509.0,64263.0,40.1,58.1,76.0,66.7,878.6067,356.0901,599.2624,685.6,3438.0,2832.0,1490.0,2124.0,4204.8,9.6,61.6,7.7,3.1,323.237,337.39,451.034,61.89802,6.735
1992-08,18.0,3250200.0,118826.0,6485.0,64405.0,38.3,58.0,76.0,66.6,880.214,354.4738,597.2686,691.5,3436.0,2840.0,1506.0,2073.0,4220.9,9.7,61.6,7.6,3.1,,,,,
1992-09,18.1,3204250.0,118720.0,6410.0,64728.0,40.4,57.8,75.9,66.5,882.9267,354.3031,598.4079,700.2,3428.0,2882.0,1393.0,2111.0,4255.3,8.7,61.4,7.6,3.075,,,,,
1992-10,18.9,3062400.0,118628.0,6575.0,65416.0,38.1,57.6,75.6,66.2,885.7516,352.4856,596.8462,708.3,3356.0,2630.0,1311.0,2194.0,4284.7,8.0,61.3,7.3,2.9,330.015,348.611,467.072,62.52256,6.584
1992-11,17.9,2949000.0,118876.0,6628.0,65180.0,37.3,57.8,75.6,66.3,887.0474,352.536,596.8954,714.8,3317.0,2923.0,1405.0,1992.0,4300.5,8.0,61.4,7.4,2.825,,,,,
1992-12,19.0,2823750.0,118997.0,6458.0,65230.0,38.5,57.9,75.5,66.3,887.7986,354.1174,596.507,720.2,3189.0,2759.0,1595.0,2056.0,4336.4,10.6,61.4,7.4,2.7,,,,,
1993-01,18.3,2713000.0,119075.0,6196.0,65562.0,34.8,57.7,75.4,66.2,886.1204,357.4428,595.5038,721.6,3299.0,2649.0,1380.0,1966.0,4340.7,8.6,61.4,7.3,2.58,328.957,341.907,470.684,62.86657,6.508
1993-02,18.2,2641000.0,119275.0,6627.0,65650.0,33.7,57.7,75.4,66.2,886.9405,358.8208,593.5436,722.2,3461.0,2580.0,1283.0,1907.0,4355.3,8.9,61.4,7.1,2.5,,,,,
1993-03,17.6,2687500.0,119542.0,6318.0,65650.0,36.7,57.6,75.6,66.2,889.8609,358.9559,591.2705,724.6,3260.0,2666.0,1309.0,1806.0,4352.5,8.9,61.5,7.0,2.575,,,,,
1993-04,17.6,2775500.0,119474.0,6586.0,65814.0,35.4,57.7,75.4,66.1,892.7225,360.027,585.6237,728.5,3350.0,2620.0,1381.0,1633.0,4393.4,8.7,61.5,7.1,2.675,343.279,357.791,497.402,63.91524,6.406
1993-05,17.5,2778400.0,120115.0,6543.0,65285.0,33.7,58.0,75.6,66.4,898.1498,363.2967,587.9556,739.2,3363.0,2617.0,1325.0,1776.0,4422.4,8.3,61.7,7.1,2.64,,,,,
1993-06,17.8,2812000.0,120290.0,6635.0,65308.0,37.6,58.0,75.7,66.5,902.3351,365.1922,590.218,745.0,3218.0,2778.0,1355.0,1786.0,4440.0,7.8,61.8,7.0,2.675,,,,,
1993-07,17.7,2782800.0,120467.0,6700.0,65485.0,34.6,57.9,75.7,66.4,904.435,369.7142,587.9117,750.6,3292.0,2586.0,1276.0,1770.0,4468.9,7.6,61.8,6.9,2.64,355.933,379.879,502.315,64.10093,6.289
1993-08,18.0,2803250.0,120856.0,6681.0,65444.0,36.5,58.0,75.7,66.4,907.2895,371.9253,587.7258,755.7,3176.0,2595.0,1256.0,1770.0,4481.1,7.7,62.0,6.8,2.7,,,,,
1993-09,18.1,2826000.0,120554.0,6575.0,65991.0,35.6,57.9,75.2,66.2,910.6807,373.0567,585.4309,761.5,3127.0,2516.0,1286.0,1756.0,4511.5,6.9,61.7,6.7,2.675,,,,,
1993-10,18.1,2825000.0,120823.0,6376.0,65871.0,33.0,58.1,75.3,66.3,914.8286,376.9377,583.9057,764.5,3336.0,2514.0,1220.0,1809.0,4532.8,6.3,61.8,6.8,2.7,375.422,398.502,553.377,64.66861,6.25
1993-11,18.6,2800750.0,121169.0,6250.0,65914.0,32.5,58.2,75.1,66.3,919.1913,380.6742,584.0132,769.9,3087.0,2518.0,1186.0,1800.0,4554.1,6.3,61.9,6.6,2.65,,,,,
1993-12,18.3,2762250.0,121464.0,6291.0,65853.0,34.2,58.4,75.0,66.4,928.6196,385.1993,583.711,772.1,3246.0,2362.0,1186.0,1782.0,4571.1,9.1,62.0,6.5,2.625,,,,,
1994-01,18.6,2709600.0,121966.0,4947.0,65357.0,29.1,58.7,75.3,66.6,929.5238,388.2273,587.4571,773.5,3184.0,2384.0,1327.0,1733.0,4585.1,7.1,62.2,6.6,2.56,404.995,428.416,560.915,64.30709,6.264
1994-02,19.0,2792500.0,122086.0,4677.0,65421.0,28.4,58.8,75.1,66.6,929.5739,390.9446,588.0769,774.6,2652.0,2714.0,1359.0,1759.0,4632.6,6.5,62.3,6.6,2.625,,,,,
1994-03,19.0,2754500.0,121930.0,4890.0,65813.0,26.4,58.7,74.9,66.5,931.8984,393.579,594.7881,775.1,2789.0,2543.0,1275.0,1780.0,4646.0,6.8,62.1,6.5,2.6,,,,,
1994-04,19.0,2736600.0,122290.0,4752.0,65742.0,26.7,58.8,74.9,66.5,935.5436,399.1998,600.4681,775.2,2842.0,2430.0,1175.0,1746.0,4671.1,6.4,62.3,6.4,2.56,418.333,443.174,582.456,64.10716,6.339
1994-05,19.5,2752750.0,122864.0,4836.0,65731.0,23.6,58.9,74.8,66.6,939.7548,403.7789,604.7404,775.1,2652.0,2462.0,1140.0,1696.0,4669.5,7.6,62.5,6.1,2.6,,,,,
1994-06,18.8,2720000.0,122634.0,4816.0,66132.0,23.1,58.7,74.7,66.4,944.6544,406.9311,609.0118,774.3,2757.0,2449.0,1155.0,1580.0,4708.9,6.9,62.3,6.1,2.55,,,,,
1994-07,19.0,2659600.0,122706.0,4505.0,66207.0,22.1,58.6,74.8,66.4,951.4312,414.6358,616.5098,775.4,2820.0,2316.0,1260.0,1562.0,4720.6,7.0,62.3,6.1,2.48,439.704,461.204,619.929,64.01176,6.369
1994-08,18.8,2647500.0,123342.0,4359.0,65768.0,22.5,58.9,75.0,66.6,957.502,420.5171,622.1225,772.2,2671.0,2569.0,1181.0,1569.0,4762.6,6.5,62.6,6.0,2.5,,,,,
1994-09,18.7,2629250.0,123687.0,4332.0,65827.0,21.6,58.9,75.0,66.6,965.1136,425.6746,624.9677,771.5,2671.0,2317.0,1203.0,1543.0,4775.0,6.8,62.7,5.9,2.475,,,,,
1994-10,19.3,2574000.0,124112.0,4472.0,65686.0,21.8,58.9,75.2,66.7,971.2342,433.0412,631.5911,769.9,2424.0,2283.0,1364.0,1591.0,4812.9,7.1,62.9,5.8,2.38,453.102,475.619,643.516,64.38584,6.479
1994-11,18.0,2532250.0,124516.0,4468.0,65716.0,21.5,58.9,75.2,66.7,977.7662,436.0752,638.3813,768.3,2619.0,2164.0,1196.0,1470.0,4825.6,7.0,63.0,5.6,2.325,,,,,
1994-12,17.8,2528800.0,124721.0,4440.0,65814.0,20.6,58.7,75.4,66.7,987.8106,443.2028,643.8298,766.6,2581.0,2146.0,1121.0,1367.0,4841.6,7.2,63.1,5.5,2.34,,,,,
1995-01,17.1,2512500.0,124663.0,4550.0,65715.0,20.9,58.8,75.4,66.8,996.7972,447.8858,654.3544,765.0,2764.0,2164.0,1056.0,1340.0,4851.2,7.5,63.0,5.6,2.325,467.603,473.014,662.349,64.66271,6.55
1995-02,17.0,2522500.0,124928.0,4397.0,65770.0,21.0,58.8,75.4,66.8,1006.1829,448.5184,666.6063,760.4,2578.0,2197.0,1119.0,1226.0,4850.8,7.8,63.1,5.4,2.3,,,,,
1995-03,17.3,2531250.0,124955.0,4451.0,65899.0,20.8,58.8,75.3,66.7,1013.6176,451.3964,673.5294,758.4,2572.0,2276.0,949.0,1338.0,4885.4,7.5,63.1,5.4,2.325,,,,,
1995-04,17.6,2519400.0,124945.0,4428.0,65558.0,21.1,59.2,75.3,66.9,1019.8816,457.3681,677.5317,757.1,2730.0,2370.0,1060.0,1413.0,4890.2,6.9,63.1,5.8,2.3,491.19,501.361,682.223,65.31294,6.614
1995-05,17.0,2573000.0,124421.0,4513.0,66435.0,22.2,58.8,74.9,66.5,1027.7361,459.8891,686.1633,753.0,2603.0,2332.0,1261.0,1316.0,4933.1,7.1,62.7,5.6,2.325,,,,,
1995-06,15.9,2606750.0,124522.0,4489.0,66504.0,21.4,58.7,75.0,66.5,1035.1162,464.1627,690.6134,750.8,2744.0,2354.0,1031.0,1235.0,4977.5,6.7,62.7,5.6,2.4,,,,,
1995-07,16.5,2622800.0,124816.0,4436.0,66272.0,22.2,59.1,74.9,66.6,1044.5193,468.5495,698.5567,750.7,2627.0,2565.0,1061.0,1250.0,4970.2,7.1,62.8,5.7,2.36,498.739,528.356,696.765,64.73906,6.714
1995-08,16.2,2607250.0,124852.0,4513.0,66465.0,22.0,59.0,74.8,66.6,1049.3134,473.3885,702.8397,749.1,2732.0,2434.0,1156.0,1235.0,5005.3,6.7,62.8,5.7,2.375,,,,,
1995-09,16.2,2626800.0,125133.0,4580.0,66394.0,21.7,59.0,75.0,66.6,1054.7455,475.3969,706.0539,745.9,2857.0,2296.0,1045.0,1261.0,5020.5,6.8,62.9,5.6,2.4,,,,,
1995-10,16.0,2663250.0,125388.0,4462.0,66476.0,22.9,59.2,74.7,66.6,1057.2145,475.1257,706.3091,740.9,2725.0,2380.0,1052.0,1220.0,5013.9,7.1,62.9,5.5,2.4,505.677,544.273,699.668,64.18282,6.86
1995-11,16.4,2672000.0,125188.0,4489.0,66741.0,22.3,59.1,74.6,66.5,1060.8,478.0789,712.6118,737.9,2812.0,2353.0,1085.0,1254.0,5055.6,6.6,62.8,5.6,2.4,,,,,
1995-12,16.3,2612600.0,125088.0,4434.0,66997.0,22.2,58.9,74.6,66.4,1062.0481,482.8941,715.1109,732.6,2662.0,2414.0,1117.0,1214.0,5097.5,6.1,62.7,5.6,2.38,,,,,
1996-01,16.1,2648750.0,125125.0,4022.0,67018.0,23.5,58.9,74.6,66.4,1068.2527,485.4997,721.8113,726.2,2725.0,2387.0,1162.0,1209.0,5085.7,6.7,62.7,5.6,2.35,524.958,570.595,726.619,65.04171,7.016
1996-02,16.4,2692750.0,125639.0,4420.0,66820.0,23.1,58.9,74.9,66.6,1071.5367,484.632,724.1688,721.6,2713.0,2266.0,1106.0,1201.0,5132.8,6.7,62.9,5.5,2.425,,,,,
1996-03,17.3,2685000.0,125862.0,4429.0,66741.0,22.4,59.0,74.9,66.6,1077.4829,486.7487,727.344,721.9,2594.0,2259.0,1124.0,1330.0,5173.3,6.6,63.0,5.5,2.4,,,,,
1996-04,17.6,2633500.0,125994.0,4464.0,66692.0,23.8,59.1,74.9,66.7,1079.35,490.7405,732.0751,720.6,2530.0,2358.0,1108.0,1347.0,5208.0,5.7,63.0,5.6,2.325,526.924,571.385,740.315,64.2497,7.18
1996-05,17.0,2590500.0,126244.0,4327.0,66611.0,22.2,59.1,75.0,66.7,1081.5981,488.7727,736.4421,713.9,2765.0,2349.0,1044.0,1359.0,5223.8,6.7,63.0,5.6,2.3,,,,,
1996-06,17.6,2548000.0,126602.0,4312.0,66762.0,22.2,59.0,75.0,66.7,1084.7884,492.6708,741.4136,711.7,2552.0,2162.0,985.0,1370.0,5229.8,7.1,63.2,5.3,2.28,,,,,
1996-07,16.7,2490000.0,126947.0,4358.0,66357.0,22.2,59.3,75.2,66.9,1080.7377,492.4461,745.0458,708.5,2672.0,2332.0,961.0,1336.0,5251.9,6.7,63.3,5.5,2.2,522.644,576.328,736.36,64.25469,7.369
1996-08,17.3,2494400.0,127172.0,4391.0,66793.0,20.8,59.3,74.8,66.7,1089.3014,495.7375,747.8376,700.8,2496.0,2187.0,1002.0,1265.0,5275.0,6.6,63.3,5.1,2.2,,,,,
1996-09,16.8,2473000.0,127536.0,4382.0,66546.0,21.9,59.5,75.0,66.9,1096.134,499.7715,758.5608,695.1,2525.0,2214.0,1006.0,1214.0,5296.6,6.7,63.4,5.2,2.2,,,,,
1996-10,16.3,2460250.0,127890.0,4372.0,66352.0,21.8,59.6,75.1,67.0,1104.924,504.9336,765.9839,686.3,2477.0,2334.0,1084.0,1184.0,5328.5,6.4,63.5,5.2,2.15,534.89,594.137,751.667,64.44697,7.623
1996-11,15.9,2428600.0,127771.0,4025.0,66456.0,21.1,59.8,74.9,67.0,1112.1296,506.4734,772.0638,682.7,2920.0,2207.0,1013.0,1146.0,5351.2,6.4,63.4,5.4,2.14,,,,,
1996-12,15.6,2487750.0,127860.0,4365.0,66523.0,22.2,59.8,74.8,67.0,1122.9609,508.9654,778.6369,679.6,2621.0,2417.0,970.0,1154.0,5378.6,6.4,63.4,5.4,2.2,,,,,
1997-01,16.0,2487750.0,128298.0,4189.0,66829.0,21.0,59.6,74.9,67.0,1129.8736,511.9562,782.3782,678.3,2758.0,2219.0,1012.0,1150.0,5411.1,6.2,63.4,5.3,2.175,546.764,620.834,764.966,64.34428,7.761
1997-02,15.8,2415000.0,128298.0,4242.0,66988.0,20.9,59.5,74.9,66.9,1135.1303,509.3965,789.1722,675.5,2549.0,2357.0,1031.0,1109.0,5434.0,6.2,63.4,5.2,2.1,,,,,
1997-03,15.5,2347600.0,128891.0,4112.0,66622.0,21.0,59.8,75.0,67.1,1147.8438,504.5692,795.6323,671.2,2602.0,2323.0,1012.0,1098.0,5454.2,6.4,63.6,5.2,2.04,,,,,
1997-04,15.6,2324250.0,129143.0,4396.0,66658.0,21.0,59.7,75.1,67.1,1160.6711,506.0059,803.9052,665.4,2439.0,2190.0,1071.0,1105.0,5459.3,6.5,63.7,5.1,2.0,565.264,639.157,787.741,63.10907,8.002
1997-05,15.4,2302800.0,129464.0,4032.0,66713.0,19.7,59.8,75.0,67.1,1171.9913,508.604,809.3214,665.3,2527.0,2061.0,1070.0,1051.0,5460.2,6.8,63.8,4.9,2.0,,,,,
1997-06,15.5,2295500.0,129412.0,3998.0,66789.0,20.4,59.7,75.0,67.1,1183.6073,511.5491,813.371,665.5,2562.0,2175.0,1009.0,1076.0,5494.2,6.6,63.7,5.0,2.0,,,,,
1997-07,16.4,2269500.0,129822.0,4040.0,66689.0,19.7,60.0,75.0,67.2,1190.5256,512.5224,816.5383,664.3,2402.0,2094.0,1041.0,1078.0,5548.8,6.1,63.9,4.9,1.95,587.262,662.439,821.463,62.48709,8.102
1997-08,16.0,2272400.0,130010.0,4049.0,66746.0,19.1,59.9,75.0,67.2,1196.5698,512.7391,822.52,668.7,2525.0,2120.0,929.0,1075.0,5587.0,6.0,63.9,4.8,1.98,,,,,
1997-09,15.9,2234750.0,130019.0,4004.0,66895.0,20.2,60.0,74.9,67.1,1208.1346,507.0424,829.9631,661.8,2474.0,2102.0,1000.0,1074.0,5601.7,6.2,63.9,4.9,1.925,,,,,
1997-10,16.1,2215500.0,130179.0,3973.0,67134.0,18.8,59.8,74.9,67.1,1214.9711,501.2528,833.9302,659.8,2566.0,1966.0,916.0,1034.0,5637.7,6.2,63.9,4.7,1.9,589.208,657.419,813.375,62.77032,8.195
1997-11,15.4,2215000.0,130653.0,3962.0,66980.0,19.6,59.8,75.1,67.2,1219.4879,501.3803,839.9065,662.3,2479.0,2027.0,879.0,938.0,5661.1,6.4,64.1,4.6,1.9,,,,,
1997-12,15.9,2235250.0,130679.0,3848.0,66943.0,19.9,60.1,74.9,67.2,1220.6075,501.3072,845.11,662.7,2534.0,1937.0,917.0,984.0,5692.1,6.4,64.0,4.7,1.925,,,,,
1998-01,15.6,2275200.0,130726.0,3922.0,67143.0,19.0,59.9,74.9,67.1,1224.3581,497.9632,855.6173,663.0,2587.0,1929.0,838.0,995.0,5689.9,7.4,64.0,4.6,1.92,514.609,590.531,736.753,62.50988,8.238
1998-02,15.4,2224250.0,130807.0,3866.0,67288.0,19.3,59.9,74.8,67.1,1237.666,493.2705,862.3126,665.3,2572.0,1918.0,852.0,957.0,5723.8,7.4,64.0,4.6,1.9,,,,,
1998-03,14.5,2221750.0,130814.0,3859.0,67311.0,19.9,59.9,74.8,67.1,1252.423,491.6381,866.1234,664.8,2789.0,1972.0,854.0,918.0,5750.3,7.5,64.0,4.7,1.9,,,,,
1998-04,14.7,2182500.0,131209.0,3775.0,67581.0,19.3,59.7,74.8,67.0,1259.0047,498.7187,864.3862,663.7,2628.0,1918.0,594.0,883.0,5788.1,7.2,64.1,4.3,1.85,512.233,590.486,731.17,61.85196,8.326
1998-05,14.7,2134600.0,131325.0,3727.0,67527.0,18.9,59.7,74.9,67.0,1259.7162,496.2176,875.9942,663.7,2641.0,1950.0,651.0,839.0,5837.9,6.9,64.1,4.4,1.8,,,,,
1998-06,14.1,2214250.0,131244.0,3766.0,67630.0,19.7,59.7,74.9,67.0,1260.9891,493.8558,891.1046,661.1,2546.0,2079.0,824.0,789.0,5871.7,6.8,64.0,4.5,1.85,,,,,
1998-07,14.1,2333750.0,131329.0,3796.0,67682.0,20.2,59.7,75.0,67.0,1265.6262,488.9367,897.6759,658.8,2593.0,2005.0,755.0,821.0,5890.0,6.9,64.0,4.5,1.95,507.761,592.175,733.218,60.58693,8.469
1998-08,13.7,2237600.0,131390.0,3537.0,67910.0,20.7,59.8,74.6,67.0,1272.1515,490.4821,903.9798,658.4,2597.0,1963.0,808.0,818.0,5925.0,6.8,63.9,4.5,1.86,,,,,
1998-09,14.4,2153000.0,131986.0,3448.0,67413.0,19.9,60.0,75.0,67.2,1274.9854,491.4651,912.4028,660.5,2624.0,1985.0,772.0,916.0,5965.6,6.4,64.2,4.6,1.8,,,,,
1998-10,14.1,2164400.0,131999.0,3433.0,67640.0,18.7,60.0,74.9,67.2,1283.8806,493.9006,931.3777,662.6,2823.0,1909.0,723.0,858.0,5998.8,6.2,64.1,4.5,1.8,490.487,573.39,711.168,60.40696,8.511
1998-11,14.5,2203750.0,132280.0,3339.0,67723.0,20.5,59.9,75.0,67.1,1302.7637,494.8452,942.2588,667.2,2510.0,1998.0,715.0,875.0,6015.4,6.3,64.2,4.4,1.825,,,,,
1998-12,14.0,2220250.0,132602.0,3420.0,67635.0,20.2,60.0,74.9,67.2,1311.2914,497.7709,939.1788,666.1,2587.0,1806.0,756.0,803.0,6070.5,5.8,64.3,4.4,1.85,,,,,
1999-01,13.4,2287200.0,133027.0,3449.0,67715.0,20.6,60.1,75.0,67.2,1317.3538,498.3701,937.819,666.7,2462.0,1993.0,775.0,714.0,6072.9,6.3,64.4,4.3,1.9,523.039,620.58,749.51,60.01334,8.584
1999-02,13.8,2240500.0,132856.0,3425.0,67906.0,20.4,60.0,74.9,67.2,1320.2103,494.867,935.9025,665.9,2566.0,1946.0,749.0,801.0,6101.8,6.2,64.2,4.4,1.875,,,,,
1999-03,13.4,2227000.0,132947.0,3550.0,68306.0,21.4,59.9,74.7,67.0,1326.2659,493.9966,944.4415,665.4,2473.0,1905.0,758.0,714.0,6132.9,5.9,64.2,4.2,1.85,,,,,
1999-04,13.3,2237500.0,132955.0,3443.0,68277.0,19.8,60.1,74.6,67.1,1332.0162,497.1947,947.2509,664.0,2781.0,1848.0,782.0,698.0,6196.2,5.1,64.2,4.3,1.825,537.853,616.658,761.403,59.20506,8.645
1999-05,13.4,2214400.0,133311.0,3393.0,68320.0,21.5,59.9,74.8,67.1,1340.9791,494.5747,942.3921,664.9,2511.0,1789.0,787.0,718.0,6225.7,4.9,64.3,4.2,1.8,,,,,
1999-06,14.3,2192250.0,133378.0,3411.0,68304.0,21.3,60.1,74.7,67.1,1347.0871,495.2491,949.748,662.5,2521.0,1773.0,812.0,812.0,6254.0,4.8,64.2,4.3,1.8,,,,,
1999-07,13.6,2193200.0,133414.0,3350.0,68390.0,19.4,60.0,74.7,67.1,1354.4315,495.0997,958.5219,659.3,2643.0,1783.0,781.0,732.0,6281.5,4.8,64.2,4.3,1.8,536.775,596.109,764.385,58.42135,8.816
1999-08,13.1,2180250.0,133591.0,3286.0,68609.0,21.3,60.0,74.6,67.0,1370.1953,492.2558,969.1136,657.8,2546.0,1824.0,748.0,706.0,6326.5,4.7,64.2,4.2,1.8,,,,,
1999-09,13.1,2162000.0,133707.0,3279.0,68642.0,20.3,60.0,74.6,67.0,1388.6405,493.7374,975.1908,653.5,2611.0,1835.0,739.0,709.0,6378.8,4.2,64.2,4.2,1.8,,,,,
1999-10,13.3,2102800.0,133993.0,3153.0,68712.0,19.9,60.1,74.6,67.0,1411.5855,492.5719,978.2818,656.3,2536.0,1847.0,713.0,724.0,6402.1,4.5,64.3,4.1,1.7,556.245,596.749,788.155,58.34802,8.902
1999-11,12.9,2085750.0,134309.0,3225.0,68641.0,20.5,60.2,74.6,67.1,1425.027,494.5495,1000.3072,659.6,2562.0,1775.0,697.0,682.0,6437.9,4.8,64.4,4.1,1.7,,,,,
1999-12,12.9,2097250.0,134523.0,3283.0,68655.0,19.6,60.1,74.8,67.1,1460.2271,506.3286,1001.0411,664.8,2642.0,1614.0,696.0,680.0,6538.7,4.3,64.4,4.0,1.7,,,,,
2000-01,13.1,2109800.0,136559.0,3208.0,69142.0,20.9,60.1,75.1,67.3,1480.8642,510.1748,1003.6179,662.8,2541.0,1749.0,659.0,721.0,6535.3,5.4,64.6,4.0,1.7,527.574,565.189,770.883,57.71743,8.989
2000-02,12.6,2147500.0,136598.0,3167.0,69120.0,21.2,60.0,75.3,67.3,1491.6053,510.8263,1016.571,652.1,2604.0,1912.0,671.0,629.0,6619.7,4.8,64.6,4.1,1.7,,,,,
2000-03,12.7,2079000.0,136701.0,3231.0,69338.0,19.6,60.1,75.0,67.3,1517.7508,514.6795,1026.2798,647.7,2780.0,1781.0,666.0,646.0,6685.8,4.5,64.6,4.0,1.7,,,,,
2000-04,12.4,2015400.0,137270.0,3186.0,69267.0,20.3,60.3,74.9,67.3,1541.1409,520.3064,1035.2042,652.8,2510.0,1845.0,662.0,599.0,6671.1,5.0,64.7,3.8,1.6,519.811,556.425,761.52,55.48513,9.251
2000-05,12.6,1989500.0,136630.0,3283.0,69853.0,20.4,60.0,74.8,67.1,1564.9613,523.9815,1052.0575,645.4,2564.0,1911.0,683.0,643.0,6707.6,4.9,64.4,4.0,1.6,,,,,
2000-06,12.3,2028250.0,136940.0,3209.0,69876.0,19.2,60.0,74.8,67.1,1585.2548,529.5361,1062.7838,640.3,2579.0,1753.0,616.0,627.0,6743.9,4.9,64.5,4.0,1.6,,,,,
2000-07,13.4,2085600.0,136531.0,3144.0,70398.0,20.8,59.9,74.5,66.9,1600.6574,531.1734,1068.5838,639.0,2498.0,1824.0,645.0,698.0,6764.1,5.2,64.2,4.0,1.68,513.298,558.414,736.092,54.98329,9.372
2000-08,12.9,2117250.0,136662.0,3211.0,70401.0,20.4,59.6,74.8,66.9,1613.8629,538.934,1071.6919,637.1,2550.0,1893.0,685.0,709.0,6799.1,5.2,64.2,4.1,1.7,,,,,
2000-09,12.2,2119600.0,136893.0,3217.0,70645.0,20.5,59.8,74.6,66.9,1624.4703,543.7675,1072.9611,633.5,2571.0,1746.0,644.0,646.0,6882.9,4.5,64.2,3.9,1.7,,,,,
2000-10,12.7,2116250.0,137088.0,3179.0,70782.0,21.8,59.7,74.5,66.8,1625.2396,544.238,1077.9674,631.8,2497.0,1724.0,710.0,627.0,6888.2,4.6,64.2,3.9,1.7,491.81,532.415,717.789,54.24085,9.549
2000-11,12.4,2211250.0,137322.0,3467.0,70579.0,21.0,59.9,74.6,66.9,1635.103,548.2649,1080.4847,627.1,2512.0,1790.0,723.0,593.0,6902.4,4.5,64.3,3.9,1.75,,,,,
2000-12,12.5,2306400.0,137614.0,3243.0,70488.0,22.7,59.9,74.7,67.0,1638.6724,555.5354,1085.275,623.5,2477.0,1825.0,687.0,642.0,6945.7,4.2,64.4,3.9,1.84,,,,,
2001-01,12.7,2395750.0,137778.0,3332.0,70088.0,27.3,60.1,75.0,67.2,1641.486,558.4753,1094.0743,624.5,2648.0,1956.0,696.0,676.0,6977.0,4.8,64.4,4.2,1.9,528.836,559.398,717.433,55.1304,9.501
2001-02,12.8,2486500.0,137612.0,3296.0,70409.0,25.4,60.0,74.8,67.1,1654.7222,557.7588,1094.2773,625.7,2851.0,1764.0,777.0,714.0,6995.8,4.9,64.3,4.2,1.975,,,,,
2001-03,12.8,2585400.0,137783.0,3280.0,70381.0,23.7,60.2,74.7,67.2,1668.3002,557.1872,1092.0303,629.7,2681.0,2059.0,825.0,696.0,6987.9,5.3,64.3,4.3,2.04,,,,,
2001-04,12.4,2697250.0,137299.0,3289.0,70956.0,27.3,59.8,74.6,66.9,1682.4285,561.4209,1089.1854,633.0,2972.0,1990.0,787.0,712.0,7001.2,5.0,64.0,4.4,2.1,551.684,595.285,734.373,54.03766,9.458
2001-05,12.1,2819250.0,137092.0,3439.0,71414.0,29.1,59.7,74.4,66.7,1695.2082,566.0048,1084.1697,630.9,2701.0,2045.0,877.0,624.0,7047.1,4.4,63.8,4.3,2.2,,,,,
2001-06,12.7,2947400.0,136873.0,3792.0,71592.0,28.8,59.7,74.3,66.7,1699.9599,564.6617,1072.0459,633.8,2808.0,2025.0,822.0,710.0,7060.7,4.4,63.7,4.5,2.3,,,,,
2001-07,12.9,3030750.0,137071.0,3556.0,71526.0,33.1,59.7,74.4,66.8,1702.6189,564.221,1063.9775,642.0,2642.0,2187.0,951.0,702.0,7072.2,5.6,63.7,4.6,2.375,505.61,583.876,668.439,54.80656,9.096
2001-08,13.3,3120000.0,136241.0,3380.0,72136.0,30.6,59.5,74.1,66.5,1703.9589,566.8024,1055.8596,648.4,2966.0,2187.0,1004.0,857.0,7108.9,6.8,63.2,4.9,2.425,,,,,
2001-09,13.2,3262200.0,136846.0,4233.0,71676.0,35.7,59.6,74.5,66.8,1714.2403,567.2375,1059.2708,677.0,2837.0,2350.0,1131.0,819.0,7012.8,7.0,63.5,5.0,2.54,,,,,
2001-10,13.3,3527500.0,136392.0,4437.0,71817.0,39.2,59.7,74.4,66.7,1717.3394,566.4527,1044.5855,656.4,3111.0,2531.0,1173.0,909.0,7208.4,3.4,63.2,5.3,2.75,489.453,615.711,635.928,55.75305,9.086
2001-11,14.3,3656500.0,136238.0,4317.0,71876.0,40.2,59.8,74.3,66.7,1739.3841,571.8567,1034.0367,659.7,3090.0,2566.0,1213.0,1106.0,7167.9,4.1,63.0,5.5,2.825,,,,,
2001-12,14.5,3589400.0,136047.0,4393.0,72010.0,42.6,59.7,74.3,66.7,1757.8293,574.2877,1021.7985,667.0,3037.0,2797.0,1318.0,1126.0,7147.7,4.5,62.9,5.7,2.78,,,,,
2002-01,14.7,3550500.0,135701.0,4112.0,72623.0,40.8,59.5,74.0,66.5,1755.5237,574.1665,1012.1083,670.1,3044.0,2606.0,1375.0,1203.0,7174.3,6.1,62.7,5.7,2.775,538.088,705.127,685.452,55.66835,9.055
2002-02,15.0,3554250.0,136438.0,4289.0,72010.0,41.8,59.9,74.2,66.8,1766.5349,575.7538,1016.8137,668.9,2984.0,2577.0,1394.0,1214.0,7218.3,5.8,63.0,5.7,2.75,,,,,
2002-03,15.4,3610800.0,136177.0,4101.0,72343.0,45.9,59.7,74.1,66.6,1771.5447,575.2354,1011.8533,668.5,3074.0,2563.0,1390.0,1330.0,7237.2,5.9,62.8,5.7,2.82,,,,,
2002-04,16.3,3689250.0,136126.0,4199.0,72281.0,59.0,59.7,74.2,66.7,1782.0801,580.5024,1000.2784,662.0,2932.0,2872.0,1395.0,1457.0,7305.4,5.8,62.7,5.9,2.875,596.152,729.565,749.824,56.24119,9.155
2002-05,16.8,3712000.0,136539.0,4103.0,72260.0,62.8,59.6,74.5,66.7,1790.7114,580.7222,990.9706,662.6,2843.0,2584.0,1393.0,1574.0,7282.7,6.5,62.9,5.8,2.9,,,,,
2002-06,16.9,3635200.0,136415.0,4048.0,72600.0,59.7,59.6,74.2,66.6,1817.1464,579.2204,984.0953,664.4,2711.0,2654.0,1382.0,1641.0,7318.2,6.4,62.7,5.8,2.84,,,,,
2002-07,16.9,3504250.0,136413.0,4145.0,72827.0,57.9,59.5,74.1,66.5,1837.0191,578.4135,976.6811,666.2,2891.0,2467.0,1382.0,1584.0,7380.4,5.5,62.7,5.8,2.725,652.139,752.785,813.945,56.66127,9.205
2002-08,16.5,3516800.0,136705.0,4301.0,72856.0,56.4,59.6,74.1,66.6,1866.9556,590.7467,972.469,657.7,2927.0,2525.0,1313.0,1573.0,7401.5,5.4,62.7,5.7,2.76,,,,,
2002-09,17.6,3555000.0,137302.0,4329.0,72554.0,56.5,59.7,74.4,66.7,1901.8249,598.759,966.3076,661.6,2772.0,2526.0,1391.0,1580.0,7391.0,5.7,63.0,5.7,2.8,,,,,
2002-10,17.8,3555750.0,137008.0,4314.0,73026.0,55.4,59.6,74.0,66.6,1947.0183,606.2236,962.8375,664.5,2765.0,2512.0,1388.0,1653.0,7430.7,5.7,62.7,5.7,2.8,725.113,816.675,904.966,57.85782,9.14
2002-11,17.6,3482400.0,136521.0,4329.0,73508.0,52.0,59.5,73.7,66.4,1980.6771,605.5258,960.5434,666.4,2950.0,2505.0,1319.0,1743.0,7459.7,5.7,62.5,5.9,2.74,,,,,
2002-12,18.5,3482750.0,136426.0,4321.0,73675.0,53.7,59.5,73.6,66.3,2009.8015,610.9638,957.8373,671.2,2838.0,2589.0,1347.0,1924.0,7512.8,5.5,62.4,6.0,2.725,,,,,
2003-01,18.5,3414500.0,137417.0,4607.0,73960.0,51.1,59.7,73.5,66.4,2033.9342,610.1132,950.3562,672.1,2856.0,2582.0,1405.0,1760.0,7533.1,5.5,62.5,5.8,2.675,721.524,788.666,921.467,57.77057,9.056
2003-02,18.5,3437000.0,137482.0,4844.0,74015.0,51.1,59.6,73.7,66.4,2067.7227,608.5137,941.6312,674.4,2798.0,2611.0,1297.0,1864.0,7535.9,5.6,62.5,5.9,2.725,,,,,
2003-03,18.1,3540800.0,137434.0,4652.0,74295.0,53.1,59.7,73.3,66.3,2083.7077,603.3698,937.5243,673.9,2831.0,2567.0,1363.0,1798.0,7598.4,5.3,62.4,5.9,2.8,,,,,
2003-04,19.4,3629750.0,137633.0,4798.0,74066.0,54.8,59.7,73.6,66.4,2106.777,602.3366,935.0996,682.3,2794.0,2661.0,1421.0,1927.0,7621.0,5.3,62.4,6.0,2.85,723.377,828.343,919.833,58.96044,8.932
2003-05,19.0,3719200.0,137544.0,4570.0,74268.0,54.8,59.7,73.6,66.4,2131.431,613.1222,924.0747,693.7,2988.0,2631.0,1389.0,1929.0,7628.1,5.8,62.3,6.1,2.92,,,,,
2003-06,19.9,3701500.0,137790.0,4592.0,73958.0,56.1,59.9,73.6,66.5,2150.8679,613.4225,917.3812,699.6,2906.0,2745.0,1453.0,2100.0,7678.6,5.5,62.3,6.3,2.925,,,,,
2003-07,19.7,3616250.0,137474.0,4648.0,74767.0,54.7,59.5,73.4,66.2,2177.8288,617.9408,921.5051,700.9,2720.0,2616.0,1661.0,1972.0,7738.2,6.2,62.1,6.2,2.85,763.915,858.038,981.564,58.64208,8.941
2003-08,19.2,3596400.0,137549.0,4419.0,75062.0,53.6,59.5,73.3,66.1,2221.3381,618.834,909.697,702.7,2801.0,2625.0,1561.0,1995.0,7834.5,6.0,62.1,6.1,2.82,,,,,
2003-09,19.5,3575750.0,137609.0,4882.0,75249.0,54.4,59.1,73.6,66.1,2235.2131,618.2756,899.9034,700.8,2704.0,2775.0,1472.0,2014.0,7835.0,5.1,62.0,6.1,2.8,,,,,
2003-10,19.3,3486250.0,137984.0,4813.0,75324.0,52.8,59.3,73.4,66.1,2213.4375,617.3407,886.949,701.9,2710.0,2593.0,1492.0,1959.0,7845.7,5.3,62.1,6.0,2.725,816.612,894.897,1057.618,59.4596,9.046
2003-11,19.9,3373400.0,138424.0,4862.0,75280.0,50.5,59.2,73.6,66.1,2202.52,646.451,881.8097,702.2,2656.0,2509.0,1414.0,2006.0,7899.6,5.4,62.3,5.8,2.64,,,,,
2003-12,19.8,3270250.0,138411.0,4750.0,75780.0,51.1,59.0,73.5,65.9,2207.4173,664.7987,883.6248,704.2,2554.0,2455.0,1435.0,1931.0,7929.2,5.4,62.2,5.7,2.6,,,,,
2004-01,19.9,3148200.0,138472.0,4705.0,75319.0,46.2,59.1,73.7,66.1,2224.5296,671.8748,876.399,701.0,2685.0,2369.0,1453.0,1911.0,7987.4,5.0,62.3,5.7,2.5,928.229,990.974,1179.638,59.82355,9.039
2004-02,20.1,3114750.0,138542.0,4549.0,75648.0,42.0,59.2,73.2,66.0,2251.9184,671.2669,874.5648,707.8,2425.0,2436.0,1392.0,1856.0,8019.8,5.0,62.3,5.6,2.45,,,,,
2004-03,19.8,3046250.0,138453.0,4742.0,75606.0,38.5,59.3,73.2,66.0,2288.9524,669.6902,869.3828,710.2,2637.0,2434.0,1331.0,1983.0,8076.0,4.9,62.2,5.8,2.4,,,,,
2004-04,19.6,3000750.0,138680.0,4568.0,75907.0,36.3,59.2,73.1,65.9,2343.1575,672.1083,864.4977,711.2,2780.0,2400.0,1166.0,1805.0,8088.6,5.3,62.3,5.6,2.375,967.703,1000.078,1239.285,60.07385,9.062
2004-05,19.8,2975600.0,138852.0,4588.0,75903.0,35.8,59.3,73.1,66.0,2383.9518,677.0934,862.8468,708.4,2723.0,2378.0,1304.0,1799.0,8163.2,5.2,62.3,5.6,2.38,,,,,
2004-06,20.5,2950750.0,139174.0,4443.0,75735.0,35.5,59.3,73.3,66.1,2409.7737,679.9985,869.1601,710.8,2677.0,2387.0,1284.0,1847.0,8147.2,5.8,62.4,5.6,2.35,,,,,
2004-07,18.8,2917000.0,139556.0,4449.0,75730.0,35.0,59.3,73.5,66.1,2413.7223,680.0532,878.1274,709.0,2820.0,2384.0,1237.0,1681.0,8218.9,5.2,62.5,5.5,2.3,1010.194,1037.668,1302.93,59.97601,9.096
2004-08,18.8,2891500.0,139573.0,4474.0,76113.0,34.9,59.0,73.4,66.0,2437.3396,683.627,883.0413,715.8,2660.0,2563.0,1206.0,1640.0,8253.1,5.1,62.4,5.4,2.3,,,,,
2004-09,19.4,2862750.0,139487.0,4487.0,76526.0,34.2,59.0,73.2,65.8,2466.4897,686.4476,886.8305,717.9,2758.0,2276.0,1209.0,1702.0,8321.1,4.6,62.3,5.4,2.3,,,,,
2004-10,19.5,2778000.0,139732.0,4820.0,76399.0,33.3,59.0,73.3,65.9,2495.9697,684.3573,889.3048,714.0,2732.0,2303.0,1304.0,1737.0,8374.6,4.5,62.3,5.5,2.2,1010.647,1014.537,1308.967,60.66032,9.135
2004-11,19.7,2734500.0,140231.0,4547.0,76259.0,32.9,59.0,73.5,66.0,2526.2584,680.7308,897.6515,716.8,2638.0,2339.0,1258.0,1702.0,8420.6,4.0,62.5,5.4,2.15,,,,,
2004-12,19.4,2719000.0,140125.0,4427.0,76581.0,32.5,59.1,73.2,65.9,2552.7353,691.4536,906.4346,717.8,2768.0,2268.0,1274.0,1653.0,8481.5,6.8,62.4,5.4,2.15,,,,,
2005-01,19.5,2723800.0,140245.0,4389.0,76808.0,32.7,59.1,73.0,65.8,2576.0481,693.7612,921.4483,713.5,2635.0,2298.0,1203.0,1648.0,8470.2,3.6,62.4,5.3,2.14,1228.657,1066.312,1604.404,60.94141,9.317
2005-02,19.1,2686500.0,140385.0,4250.0,76677.0,31.9,59.1,73.2,65.9,2605.709,690.7449,931.8511,712.6,2749.0,2345.0,1268.0,1628.0,8529.2,3.2,62.4,5.4,2.1,,,,,
2005-03,19.5,2659500.0,140654.0,4388.0,76846.0,31.6,59.0,73.2,65.9,2650.1303,693.1078,945.8355,709.9,2483.0,2328.0,1157.0,1660.0,8569.5,3.4,62.4,5.2,2.1,,,,,
2005-04,19.6,2604400.0,141254.0,4278.0,76514.0,30.9,59.2,73.4,66.1,2681.429,693.5216,958.5624,701.3,2688.0,2289.0,1069.0,1609.0,8645.6,3.0,62.7,5.2,2.04,1252.584,1093.018,1616.546,60.70087,9.436
2005-05,18.6,2586250.0,141609.0,4315.0,76409.0,30.9,59.3,73.5,66.1,2696.0769,691.7583,968.6476,705.6,2754.0,2231.0,1145.0,1538.0,8643.9,3.5,62.8,5.1,2.0,,,,,
2005-06,17.9,2600000.0,141714.0,4432.0,76673.0,30.9,59.2,73.4,66.1,2733.5159,692.8801,975.072,712.5,2659.0,2361.0,1030.0,1375.0,8724.8,2.8,62.7,5.0,2.025,,,,,
2005-07,17.6,2595200.0,142026.0,4400.0,76721.0,30.9,59.2,73.4,66.1,2781.5281,697.5767,989.6478,702.4,2568.0,2368.0,1068.0,1380.0,8829.5,2.2,62.8,5.0,2.02,1296.981,1112.78,1667.23,60.3575,9.558
2005-08,18.4,2580750.0,142434.0,4491.0,76642.0,30.9,59.3,73.5,66.2,2823.9679,705.8432,995.8914,702.6,2570.0,2304.0,1161.0,1407.0,8832.4,2.6,62.9,4.9,2.0,,,,,
2005-09,17.9,2716500.0,142401.0,4675.0,76739.0,32.8,59.4,73.3,66.1,2845.167,711.0947,1000.9504,693.5,2763.0,2294.0,1098.0,1439.0,8885.8,2.6,62.8,5.0,2.125,,,,,
2005-10,17.9,2803400.0,142548.0,4269.0,76958.0,33.5,59.5,73.2,66.1,2870.1461,702.558,1014.4811,691.4,2719.0,2296.0,1070.0,1422.0,8926.6,3.0,62.8,5.0,2.18,1363.54,1163.425,1772.577,61.28277,9.692
2005-11,17.5,2701250.0,142499.0,4219.0,77138.0,32.2,59.3,73.2,66.0,2894.3502,704.6118,1022.638,694.6,2823.0,2282.0,1116.0,1370.0,8938.5,3.5,62.7,5.0,2.1,,,,,
2005-12,17.5,2639400.0,142752.0,4115.0,77394.0,32.0,59.2,73.2,66.0,2925.5772,703.3281,1036.1766,693.7,2588.0,2249.0,1073.0,1356.0,8969.6,3.6,62.8,4.9,2.06,,,,,
2006-01,16.9,2557000.0,143150.0,4123.0,77339.0,30.8,59.1,73.4,66.0,2944.7181,702.1971,1048.8184,692.2,2527.0,2194.0,1100.0,1170.0,9059.8,4.2,62.9,4.7,2.0,1387.911,1208.233,1809.292,61.53482,9.855
2006-02,17.8,2507250.0,143457.0,4174.0,77122.0,30.3,59.3,73.5,66.1,2972.372,699.8758,1058.4791,691.3,2577.0,2088.0,1195.0,1350.0,9090.1,4.2,63.0,4.8,1.95,,,,,
2006-03,17.1,2455500.0,143741.0,3972.0,77161.0,29.8,59.2,73.6,66.2,2997.7415,706.8798,1068.6959,692.6,2659.0,1999.0,1064.0,1309.0,9122.1,4.2,63.1,4.7,1.9,,,,,
2006-04,16.7,2401000.0,143761.0,3900.0,77318.0,29.4,59.2,73.5,66.1,3030.8543,712.8166,1084.9813,688.3,2665.0,2142.0,1022.0,1331.0,9174.8,3.9,63.0,4.7,1.88,1425.152,1210.472,1857.786,61.23753,9.954
2006-05,17.1,2383750.0,144089.0,4111.0,77359.0,29.4,59.2,73.5,66.1,3058.915,722.7655,1103.1932,689.1,2545.0,2189.0,969.0,1333.0,9215.1,3.7,63.1,4.6,1.825,,,,,
2006-06,16.6,2408500.0,144353.0,4318.0,77317.0,29.7,59.5,73.4,66.2,3093.0654,714.8419,1118.7867,681.6,2705.0,2076.0,982.0,1145.0,9240.8,3.9,63.1,4.6,1.9,,,,,
2006-07,17.1,2449400.0,144202.0,4303.0,77535.0,30.5,59.6,73.1,66.1,3120.4714,710.3173,1130.6437,676.4,2721.0,2126.0,986.0,1304.0,9322.6,3.3,63.0,4.7,1.88,1444.791,1237.405,1896.081,61.34482,10.124
2006-08,17.1,2466250.0,144625.0,4195.0,77451.0,30.7,59.5,73.4,66.2,3130.2242,717.9757,1152.3023,673.4,2603.0,2246.0,987.0,1306.0,9321.8,3.6,63.1,4.7,1.9,,,,,
2006-09,17.1,2446200.0,144815.0,4115.0,77757.0,30.5,59.3,73.4,66.1,3157.7891,719.0943,1151.1991,672.8,2608.0,2053.0,986.0,1245.0,9354.7,3.5,63.1,4.5,1.9,,,,,
2006-10,16.3,2446250.0,145314.0,4352.0,77634.0,30.6,59.4,73.4,66.2,3307.4675,723.7509,1161.3376,678.7,2616.0,2103.0,984.0,1078.0,9373.2,3.5,63.3,4.4,1.9,1398.202,1208.362,1813.484,61.83717,10.252
2006-11,16.2,2476000.0,145534.0,4190.0,77499.0,31.2,59.5,73.5,66.3,3335.7685,728.76,1170.014,678.6,2511.0,2212.0,1028.0,1131.0,9380.2,3.9,63.3,4.5,1.875,,,,,
2006-12,16.1,2481200.0,145970.0,4187.0,77376.0,31.5,59.5,73.7,66.4,3371.0219,737.6615,1182.5956,672.9,2596.0,2047.0,990.0,1093.0,9469.0,3.7,63.4,4.4,1.9,,,,,
2007-01,16.3,2524250.0,146028.0,4279.0,77506.0,32.1,59.5,73.8,66.4,3393.9957,739.5523,1192.4579,674.3,2561.0,2267.0,1015.0,1141.0,9516.3,3.6,63.3,4.6,1.9,1325.943,1110.222,1744.562,62.284,10.393
2007-02,16.7,2569250.0,146057.0,4220.0,77851.0,32.7,59.4,73.6,66.3,3421.7662,737.5302,1205.0655,667.4,2574.0,2168.0,962.0,1249.0,9546.8,4.0,63.3,4.5,1.95,,,,,
2007-03,17.8,2519000.0,146320.0,4253.0,77982.0,32.0,59.4,73.5,66.2,3363.1339,731.416,1215.7887,665.7,2307.0,2138.0,1010.0,1245.0,9585.1,4.3,63.3,4.4,1.92,,,,,
2007-04,16.9,2496000.0,145586.0,4313.0,78818.0,32.0,58.9,73.4,65.9,3391.3265,736.5868,1226.474,669.2,2456.0,2178.0,1075.0,1206.0,9615.7,4.1,63.0,4.5,1.9,1400.804,1179.661,1814.11,61.65661,10.455
2007-05,16.6,2447750.0,145903.0,4473.0,78810.0,31.6,59.1,73.2,66.0,3410.5635,741.9143,1244.4631,667.9,2464.0,2183.0,1100.0,1132.0,9651.3,3.9,63.0,4.4,1.85,,,,,
2007-06,16.5,2482000.0,146063.0,4342.0,78671.0,31.9,59.3,73.3,66.0,3427.8354,750.5955,1263.8586,660.2,2551.0,2134.0,1138.0,1143.0,9667.3,3.7,63.0,4.6,1.9,,,,,
2007-07,17.2,2542250.0,145905.0,4410.0,78904.0,32.8,59.3,73.1,66.0,3447.5743,761.0247,1281.7591,660.8,2502.0,2203.0,1073.0,1291.0,9709.6,3.6,62.9,4.7,1.9,1345.84,1149.382,1722.347,61.97214,10.574
2007-08,17.0,2553000.0,145682.0,4576.0,79461.0,32.9,59.2,72.8,65.8,3469.7817,764.7988,1307.649,662.7,2614.0,2156.0,1086.0,1246.0,9753.9,3.3,62.7,4.6,1.9,,,,,
2007-09,16.3,2537200.0,146244.0,4521.0,79047.0,32.8,59.5,73.0,66.0,3502.5096,773.9508,1350.0221,659.7,2557.0,2292.0,1091.0,1264.0,9797.9,3.5,62.9,4.7,1.9,,,,,
2007-10,17.0,2561750.0,145946.0,4325.0,79532.0,33.2,59.2,72.9,65.8,3557.4295,773.1001,1374.815,659.4,2545.0,2502.0,1003.0,1298.0,9827.0,3.3,62.7,4.7,1.95,1368.063,1126.304,1726.757,62.86259,10.678
2007-11,17.3,2616750.0,146595.0,4494.0,79105.0,33.7,59.4,73.1,66.0,3586.2883,784.8239,1393.7677,650.7,2645.0,2241.0,992.0,1374.0,9897.8,3.1,62.9,4.7,2.0,,,,,
2007-12,16.6,2712000.0,146273.0,4618.0,79238.0,35.2,59.4,73.1,66.0,3598.7808,798.3836,1417.7037,649.5,2718.0,2376.0,1177.0,1324.0,9908.4,3.5,62.7,5.0,2.06,,,,,
2008-01,17.5,2798750.0,146378.0,4846.0,78554.0,35.6,59.5,73.4,66.2,3613.8264,799.676,1441.0106,649.3,2554.0,2406.0,1152.0,1388.0,9930.0,3.7,62.9,5.0,2.1,1260.771,1090.441,1558.756,64.41587,10.599
2008-02,16.9,2844250.0,146156.0,4902.0,79156.0,36.2,59.3,73.1,66.0,3629.3386,796.7766,1449.1328,649.0,2653.0,2370.0,1116.0,1329.0,9913.4,4.1,62.8,4.9,2.125,,,,,
2008-03,16.5,2912800.0,146086.0,4904.0,79087.0,37.1,59.5,73.1,66.1,3647.7135,798.3295,1470.742,650.6,2823.0,2537.0,1168.0,1323.0,9959.4,4.0,62.7,5.1,2.2,,,,,
2008-04,16.9,2964000.0,146132.0,5220.0,79429.0,37.6,59.4,72.9,65.9,3660.9739,803.6247,1490.0915,650.4,2493.0,2574.0,1314.0,1372.0,9996.8,3.4,62.7,5.0,2.2,1285.329,1079.404,1570.559,64.11087,10.602
2008-05,16.6,3013600.0,145908.0,5286.0,79102.0,38.1,59.6,73.1,66.1,3650.6337,808.6086,1491.1859,647.5,3278.0,2476.0,1219.0,1561.0,10053.8,7.8,62.5,5.4,2.26,,,,,
2008-06,17.1,3057750.0,145737.0,5540.0,79314.0,39.0,59.5,73.0,66.1,3637.3205,812.1232,1498.1997,645.9,2753.0,3016.0,1337.0,1576.0,10107.9,5.5,62.4,5.6,2.3,,,,,
2008-07,17.0,3176250.0,145532.0,5930.0,79395.0,45.2,59.4,73.1,66.1,3629.8274,822.3914,1512.1388,648.9,2854.0,2833.0,1450.0,1664.0,10104.7,4.4,62.2,5.8,2.35,1226.043,1101.92,1496.693,67.57397,10.373
2008-08,17.7,3378000.0,145203.0,5851.0,79466.0,62.9,59.6,72.9,66.1,3630.798,829.3572,1513.7036,643.6,3256.0,2758.0,1554.0,1866.0,10094.7,3.8,62.0,6.1,2.52,,,,,
2008-09,18.6,3521750.0,145076.0,6148.0,79790.0,66.5,59.4,72.9,66.0,3667.8843,837.0416,1530.9049,668.0,2848.0,3035.0,1599.0,2027.0,10043.5,4.7,61.9,6.1,2.65,,,,,
2008-10,19.9,3731000.0,144802.0,6690.0,79736.0,65.1,59.6,72.9,66.0,3825.0385,860.9928,1586.5603,679.2,3170.0,3055.0,1710.0,2280.0,9960.3,5.5,61.7,6.5,2.8,721.414,847.956,891.223,73.48998,9.516
2008-11,18.9,4096600.0,144100.0,7311.0,80189.0,66.6,59.5,72.7,65.9,3826.5069,869.8047,1575.6097,710.6,3335.0,3260.0,1704.0,2219.0,9820.8,6.5,61.4,6.8,3.06,,,,,
2008-12,19.9,4522250.0,143369.0,8029.0,80380.0,83.9,59.5,72.5,65.8,3819.0678,875.447,1558.8075,757.7,3255.0,3498.0,1936.0,2610.0,9730.7,6.4,61.0,7.3,3.375,,,,,
2009-01,19.8,4861200.0,142152.0,8046.0,80529.0,93.0,59.4,72.4,65.7,3801.7866,887.3371,1544.8286,746.8,3524.0,3662.0,2065.0,2699.0,9783.8,6.2,60.6,7.8,3.62,1082.708,1083.083,1254.684,77.2997,9.132
2009-02,20.2,5297000.0,141640.0,8796.0,80374.0,100.0,59.5,72.4,65.8,3825.4919,891.7441,1532.707,736.8,3450.0,3936.0,2456.0,2999.0,9766.0,5.5,60.3,8.3,3.975,,,,,
2009-03,20.9,5765750.0,140707.0,9145.0,80953.0,111.7,59.5,72.1,65.6,3825.643,877.9933,1511.301,743.0,3465.0,4122.0,2625.0,3260.0,9718.5,5.9,59.9,8.7,4.325,,,,,
2009-04,21.7,6184500.0,140656.0,8908.0,80762.0,121.8,59.4,72.3,65.7,3840.8355,866.0511,1491.6126,757.7,3338.0,4138.0,2634.0,3752.0,9724.8,6.8,59.8,9.0,4.625,1161.627,1088.429,1356.958,80.4389,8.809
2009-05,22.4,6525600.0,140248.0,9113.0,80705.0,130.7,59.4,72.4,65.7,3878.3577,861.7749,1469.401,759.3,3246.0,4458.0,3049.0,3973.0,9748.9,8.2,59.6,9.4,4.9,,,,,
2009-06,23.9,6534250.0,140009.0,9024.0,80938.0,138.5,59.5,72.2,65.7,3860.3529,854.6503,1436.2822,772.3,3114.0,4052.0,3488.0,4349.0,9806.9,6.7,59.4,9.5,4.925,,,,,
2009-07,25.1,6139000.0,139901.0,8891.0,81367.0,140.6,59.4,72.0,65.5,3839.2278,850.2787,1395.3934,774.2,3137.0,3505.0,2923.0,4917.0,9841.7,6.0,59.3,9.5,4.6,1346.957,1250.078,1553.371,82.59064,8.674
2009-08,25.3,6047800.0,139492.0,9029.0,81780.0,145.5,59.2,72.0,65.4,3814.5487,849.841,1363.5195,770.5,2940.0,3927.0,2791.0,5037.0,9961.0,4.9,59.1,9.6,4.56,,,,,
2009-09,26.6,5984750.0,138818.0,8847.0,82495.0,147.1,58.9,71.7,65.1,3766.2692,847.6964,1337.6635,771.3,2841.0,3775.0,2908.0,5494.0,9883.4,5.9,58.7,9.8,4.5,,,,,
2009-10,27.5,5765600.0,138432.0,8979.0,82766.0,144.2,58.8,71.6,65.0,3741.7732,842.7493,1307.86,774.9,3223.0,3552.0,3006.0,5643.0,9931.9,5.4,58.5,10.0,4.38,1462.942,1309.857,1704.953,84.16278,8.684
2009-11,28.9,5460500.0,138659.0,9114.0,82865.0,146.3,58.9,71.5,65.0,3805.506,841.8201,1290.1545,774.7,2816.0,3457.0,2847.0,5908.0,9940.5,5.9,58.6,9.9,4.125,,,,,
2009-12,29.7,5141750.0,138013.0,9098.0,83813.0,155.2,58.6,71.0,64.6,3776.8554,835.5234,1265.2555,778.8,2879.0,3457.0,2712.0,6122.0,9998.9,5.9,58.3,9.9,3.9,,,,,
2010-01,30.3,4839000.0,138438.0,8530.0,83349.0,161.4,58.8,71.2,64.8,3758.4838,819.5387,1238.6861,770.0,2921.0,3390.0,2574.0,6319.0,10001.8,6.1,58.5,9.8,3.7,1530.604,1386.233,1786.945,86.76598,8.683
2010-02,29.8,4793750.0,138581.0,8936.0,83304.0,158.7,58.9,71.2,64.9,3721.0013,812.0829,1223.5831,782.3,2807.0,3390.0,2793.0,6129.0,10030.6,5.8,58.5,9.8,3.7,,,,,
2010-03,31.6,4731750.0,138751.0,9233.0,83206.0,157.9,58.8,71.4,64.9,3704.3509,886.4344,1210.1101,787.6,2769.0,3294.0,2542.0,6545.0,10089.1,5.7,58.5,9.9,3.65,,,,,
2010-04,33.3,4728000.0,139297.0,9178.0,82707.0,148.7,58.9,71.8,65.2,3713.9185,1157.9697,1207.4849,781.5,2725.0,3086.0,2330.0,6800.0,10112.9,6.4,58.7,9.9,3.7,1517.068,1378.523,1779.315,88.44771,8.711
2010-05,34.0,4674800.0,139241.0,8845.0,83409.0,142.6,58.8,71.4,64.9,3699.6985,1149.2337,1196.7401,787.0,2773.0,3127.0,2260.0,6638.0,10131.0,7.0,58.6,9.6,3.66,,,,,
2010-06,34.5,4583250.0,139141.0,8577.0,84075.0,132.3,58.5,71.1,64.6,3682.3527,1140.04,1190.104,797.2,2683.0,3159.0,2284.0,6623.0,10151.4,6.9,58.5,9.4,3.575,,,,,
2010-07,33.9,4528600.0,139179.0,8500.0,84199.0,121.3,58.4,71.2,64.6,3661.9121,1136.5014,1188.9804,792.3,2806.0,2972.0,2208.0,6506.0,10184.7,6.8,58.5,9.4,3.56,1600.154,1523.638,1879.334,89.93168,8.635
2010-08,33.7,4461250.0,139438.0,8800.0,84014.0,141.1,58.6,71.3,64.7,3656.0884,1133.5941,1187.8347,802.4,2671.0,3534.0,2162.0,6259.0,10228.2,6.9,58.6,9.5,3.525,,,,,
2010-09,33.4,4467750.0,139396.0,9246.0,84347.0,130.7,58.5,71.1,64.6,3642.2127,1121.213,1185.9268,809.2,2819.0,3308.0,2291.0,6163.0,10249.0,6.7,58.5,9.5,3.525,,,,,
2010-10,34.0,4363400.0,139119.0,8837.0,84895.0,127.1,58.4,70.8,64.4,3627.1348,1114.8057,1184.9137,812.8,2655.0,3345.0,2387.0,6227.0,10304.7,6.6,58.3,9.4,3.46,1599.159,1537.504,1890.461,92.02388,8.396
2010-11,33.9,4195500.0,139044.0,8873.0,84590.0,124.2,58.6,70.9,64.6,3623.8581,1109.9688,1187.1107,832.6,2912.0,3321.0,2370.0,6326.0,10354.7,6.6,58.2,9.8,3.35,,,,,
2010-12,34.7,4100000.0,139301.0,8935.0,85240.0,120.3,58.3,70.7,64.3,3613.6782,1107.193,1192.444,833.1,2693.0,3169.0,2120.0,6429.0,10392.1,7.1,58.3,9.3,3.25,,,,,
2011-01,37.2,3918400.0,139250.0,8470.0,85441.0,120.2,58.3,70.5,64.2,3603.7424,1075.4663,1196.0085,838.0,2686.0,3033.0,2218.0,6175.0,10435.5,7.4,58.3,9.1,3.12,1464.223,1385.233,1749.344,93.35519,8.17
2011-02,37.4,3849250.0,139394.0,8464.0,85637.0,115.2,58.1,70.5,64.1,3569.998,1071.7425,1199.7574,843.9,2469.0,3118.0,2284.0,5892.0,10470.1,7.6,58.4,9.0,3.05,,,,,
2011-03,39.1,3765500.0,139639.0,8645.0,85623.0,114.6,58.3,70.4,64.2,3539.9161,1071.2231,1206.9371,847.9,2535.0,2980.0,2061.0,6105.0,10550.5,7.0,58.4,9.0,3.0,,,,,
2011-04,38.7,3770800.0,139586.0,8652.0,85603.0,110.4,58.3,70.5,64.2,3521.135,1076.7023,1214.8197,848.2,2787.0,2987.0,2090.0,5925.0,10587.6,6.9,58.4,9.1,3.02,1529.084,1506.637,1814.197,92.5588,8.013
2011-05,39.6,3773750.0,139624.0,8576.0,85834.0,109.8,58.1,70.5,64.1,3508.0648,1076.149,1228.9265,862.1,2668.0,2903.0,2052.0,6153.0,10612.0,6.9,58.3,9.0,3.0,,,,,
2011-06,39.9,3741750.0,139384.0,8427.0,86144.0,107.6,58.0,70.4,64.0,3501.1119,1079.8477,1233.6136,870.1,2933.0,2987.0,1871.0,6271.0,10636.8,7.2,58.2,9.1,3.0,,,,,
2011-07,40.7,3721600.0,139524.0,8281.0,86383.0,103.7,58.0,70.3,64.0,3497.7935,1081.7525,1244.2865,888.0,2632.0,2931.0,1982.0,6195.0,10677.5,7.2,58.2,9.0,2.98,1539.465,1562.105,1795.846,94.85943,7.506
2011-08,40.5,3716000.0,139942.0,8788.0,86111.0,103.9,58.1,70.5,64.1,3492.8156,1080.7765,1263.3331,934.7,2650.0,2989.0,2199.0,6048.0,10700.6,7.2,58.3,9.0,2.975,,,,,
2011-09,40.4,3742750.0,140183.0,9166.0,85940.0,101.2,58.3,70.5,64.2,3489.0351,1079.3255,1269.7002,939.0,2754.0,2881.0,2012.0,6304.0,10738.1,6.8,58.4,9.0,2.975,,,,,
2011-10,38.7,3701600.0,140368.0,8657.0,86308.0,100.8,58.1,70.4,64.1,3497.9548,1082.8356,1280.0926,943.6,2668.0,3250.0,1964.0,5838.0,10753.1,6.8,58.4,8.8,2.92,1617.095,1662.068,1913.534,96.36931,7.317
2011-11,40.2,3652500.0,140826.0,8447.0,86312.0,99.6,58.0,70.5,64.1,3505.1718,1084.4933,1292.8906,953.8,2556.0,2913.0,2009.0,5698.0,10759.5,6.9,58.6,8.6,2.9,,,,,
2011-12,40.4,3573400.0,140902.0,8171.0,86589.0,98.9,57.8,70.5,64.0,3495.3207,1086.2584,1303.8297,952.5,2678.0,2873.0,1959.0,5586.0,10772.2,7.8,58.6,8.5,2.8,,,,,
2012-01,40.2,3451250.0,141584.0,8305.0,87888.0,97.8,57.7,70.2,63.7,3511.5596,1085.7484,1321.3113,966.4,2474.0,2908.0,1957.0,5476.0,10862.1,8.0,58.4,8.3,2.725,1880.022,1705.692,2199.909,97.42044,7.238
2012-02,39.7,3381750.0,141858.0,8238.0,87765.0,94.3,57.8,70.2,63.8,3539.4015,1087.6179,1344.448,967.9,2610.0,2848.0,2051.0,5242.0,10953.5,8.0,58.5,8.3,2.7,,,,,
2012-03,39.3,3336800.0,142036.0,7775.0,87855.0,91.8,57.8,70.2,63.8,3544.0419,1090.7541,1351.1006,974.1,2708.0,2788.0,1940.0,5236.0,10951.8,8.5,58.5,8.2,2.62,,,,,
2012-04,39.2,3323000.0,141899.0,7913.0,88239.0,89.9,57.6,70.1,63.7,3540.4399,1092.6235,1368.4854,980.9,2624.0,2878.0,1940.0,5132.0,10979.7,8.7,58.4,8.2,2.6,1801.743,1672.678,2135.981,98.15989,7.141
2012-05,39.6,3328000.0,142206.0,8101.0,88100.0,85.7,57.7,70.2,63.7,3538.8456,1101.3832,1378.9337,986.7,2550.0,3006.0,1690.0,5401.0,10968.6,8.8,58.5,8.2,2.6,,,,,
2012-06,40.3,3324400.0,142391.0,8072.0,88073.0,83.1,57.7,70.3,63.8,3528.5036,1100.9548,1397.974,996.4,2747.0,2806.0,1817.0,5409.0,10946.3,9.1,58.6,8.2,2.6,,,,,
2012-07,39.3,3305750.0,142292.0,8082.0,88405.0,81.1,57.6,70.2,63.7,3525.653,1098.7158,1413.6843,1014.1,2662.0,2984.0,1773.0,5210.0,10977.2,8.2,58.5,8.2,2.6,1818.331,1643.707,2160.051,98.82568,6.921
2012-08,39.6,3306250.0,142291.0,7974.0,88803.0,78.2,57.6,69.9,63.5,3526.9011,1100.9257,1425.8449,1021.6,2784.0,2811.0,1846.0,5042.0,11004.1,7.9,58.4,8.1,2.6,,,,,
2012-09,39.8,3314400.0,143044.0,8671.0,88613.0,76.1,57.6,70.1,63.6,3530.4409,1103.0752,1434.3573,1034.6,2538.0,2819.0,1863.0,4911.0,11061.5,8.2,58.7,7.8,2.6,,,,,
2012-10,39.6,3276250.0,143431.0,8203.0,88429.0,75.4,57.7,70.3,63.8,3526.7404,1104.8011,1449.2412,1045.6,2635.0,2859.0,1796.0,4988.0,11099.8,8.8,58.8,7.8,2.575,1785.961,1629.228,2128.47,100.45154,6.713
2012-11,39.0,3326250.0,143333.0,8166.0,88836.0,75.9,57.6,70.1,63.6,3555.7563,1104.6107,1457.237,1048.0,2620.0,2776.0,1745.0,4805.0,11136.8,9.7,58.7,7.7,2.575,,,,,
2012-12,37.6,3190200.0,143330.0,7943.0,88722.0,74.1,57.7,70.1,63.7,3551.0215,1102.7321,1474.4678,1064.4,2756.0,2901.0,1861.0,4768.0,11140.5,12.0,58.7,7.9,2.48,,,,,
2013-01,35.6,3132750.0,143292.0,8151.0,88900.0,70.5,57.5,70.3,63.7,3560.4339,1103.8383,1484.9577,1067.6,2780.0,3115.0,1891.0,4681.0,11202.8,6.3,58.6,8.0,2.4,1766.372,1622.754,2127.093,101.21783,6.692
2013-02,36.4,3058750.0,143362.0,8178.0,89516.0,68.8,57.3,70.0,63.4,3553.7765,1108.6952,1491.5213,1061.3,2713.0,2799.0,1766.0,4691.0,11239.6,5.8,58.6,7.7,2.4,,,,,
2013-03,37.0,3037800.0,143316.0,7722.0,89990.0,67.7,57.2,69.7,63.3,3548.8501,1112.7255,1500.0087,1067.8,2462.0,2826.0,1830.0,4563.0,11227.1,5.9,58.5,7.5,2.38,,,,,
2013-04,36.5,3041500.0,143635.0,7964.0,89780.0,66.2,57.3,69.9,63.4,3552.6087,1116.3137,1507.3087,1085.0,2487.0,2908.0,1953.0,4468.0,11205.4,6.4,58.6,7.6,2.35,1757.557,1643.068,2114.721,100.6034,6.587
2013-05,36.8,3012250.0,143882.0,7937.0,89827.0,64.9,57.3,69.9,63.4,3545.1703,1120.8157,1510.3712,1091.1,2674.0,2631.0,1986.0,4347.0,11244.6,6.7,58.6,7.5,2.325,,,,,
2013-06,36.4,2992800.0,143999.0,8103.0,89803.0,63.2,57.4,69.9,63.4,3544.2004,1125.3845,1521.7906,1089.0,2680.0,2851.0,1876.0,4355.0,11268.8,6.8,58.6,7.5,2.3,,,,,
2013-07,37.3,3020250.0,144264.0,8099.0,90156.0,61.3,57.3,69.8,63.3,3537.8214,1124.4796,1531.8046,1093.0,2493.0,2768.0,1791.0,4258.0,11296.7,6.6,58.7,7.3,2.325,1792.757,1646.395,2157.51,99.34376,6.584
2013-08,37.6,2934400.0,144326.0,7816.0,90355.0,58.9,57.3,69.6,63.3,3527.7936,1127.3184,1533.2935,1093.2,2475.0,2688.0,1677.0,4296.0,11329.2,6.7,58.7,7.2,2.28,,,,,
2013-09,37.4,2895750.0,144418.0,7764.0,90481.0,57.1,57.1,69.8,63.2,3527.1089,1129.9544,1539.9115,1106.6,2604.0,2691.0,1797.0,4132.0,11366.9,6.8,58.7,7.2,2.25,,,,,
2013-10,35.1,2928500.0,143537.0,7936.0,91708.0,57.2,56.8,69.2,62.8,3524.119,1135.2058,1549.1657,1122.4,2823.0,2639.0,1737.0,4024.0,11419.8,6.2,58.3,7.2,2.2,1838.838,1679.998,2206.766,100.42722,6.476
2013-11,36.6,2851200.0,144479.0,7718.0,91302.0,56.2,56.9,69.5,63.0,3529.9296,1130.9458,1558.4843,1121.3,2409.0,2586.0,1695.0,4042.0,11487.6,6.1,58.6,6.9,2.2,,,,,
2013-12,36.5,2858500.0,144778.0,7827.0,91563.0,58.1,57.0,69.2,62.9,3532.0279,1128.1966,1574.2838,1135.2,2328.0,2545.0,1676.0,3863.0,11517.9,6.4,58.7,6.7,2.2,,,,,
2014-01,35.1,2876750.0,145150.0,7296.0,91563.0,41.2,57.0,69.2,62.9,3535.4723,1130.2423,1586.5723,1146.0,2473.0,2431.0,1696.0,3607.0,11503.7,7.1,58.8,6.6,2.2,1767.596,1563.708,2171.327,102.90374,6.273
2014-02,36.5,2848750.0,145134.0,7299.0,91603.0,38.3,57.2,69.0,62.9,3545.8007,1136.1742,1619.8572,1157.2,2376.0,2590.0,1621.0,3783.0,11574.5,7.1,58.7,6.7,2.2,,,,,
2014-03,35.3,2779200.0,145648.0,7435.0,91230.0,37.5,57.2,69.4,63.1,3561.1452,1139.9549,1634.589,1167.1,2433.0,2561.0,1711.0,3704.0,11644.5,7.2,58.9,6.7,2.12,,,,,
2014-04,34.9,2721000.0,145667.0,7509.0,92070.0,36.6,57.0,69.0,62.8,3573.746,1147.3055,1651.0178,1175.0,2424.0,2377.0,1502.0,3479.0,11707.1,7.2,58.9,6.2,2.075,1865.14,1712.454,2290.948,101.14552,6.225
2014-05,34.4,2667400.0,145825.0,7254.0,91938.0,35.7,57.1,69.1,62.9,3581.6919,1154.6603,1663.6825,1179.6,2586.0,2357.0,1425.0,3360.0,11750.9,7.4,58.9,6.3,2.02,,,,,
2014-06,33.9,2588750.0,146247.0,7422.0,92107.0,35.1,56.9,69.2,62.8,3597.8331,1160.3779,1676.9003,1192.7,2417.0,2427.0,1503.0,3116.0,11812.7,7.5,59.0,6.1,2.0,,,,,
2014-07,32.7,2533500.0,146399.0,7402.0,92016.0,34.4,56.9,69.3,62.9,3605.2956,1166.1954,1694.8635,1196.6,2601.0,2412.0,1477.0,3136.0,11858.1,7.5,59.0,6.2,1.9,1917.769,1793.119,2315.635,100.5779,6.251
2014-08,32.0,2504800.0,146530.0,7177.0,92099.0,34.1,56.9,69.4,62.9,3616.0295,1170.3215,1711.9722,1180.6,2620.0,2389.0,1506.0,2958.0,11939.1,7.3,59.0,6.1,1.9,,,,,
2014-09,31.9,2447750.0,146778.0,7020.0,92406.0,33.6,56.8,69.2,62.8,3619.5929,1174.9741,1725.3824,1205.3,2365.0,2560.0,1438.0,2948.0,11948.8,7.5,59.1,5.9,1.875,,,,,
2014-10,32.3,2423250.0,147427.0,7025.0,92240.0,32.9,57.1,69.2,62.9,3621.0491,1177.5928,1729.9475,1208.0,2494.0,2300.0,1400.0,2892.0,12018.4,7.3,59.3,5.7,1.8,1879.109,1783.305,2279.979,101.63324,6.159
2014-11,32.7,2408800.0,147404.0,6898.0,92350.0,32.9,57.0,69.2,62.9,3627.4481,1182.7474,1751.3091,1217.8,2474.0,2403.0,1400.0,2828.0,12050.2,7.4,59.2,5.8,1.82,,,,,
2014-12,32.7,2380000.0,147615.0,6856.0,92695.0,33.2,56.7,69.3,62.8,3639.1025,1186.7473,1773.2846,1244.6,2370.0,2320.0,1270.0,2799.0,12065.0,7.7,59.3,5.6,1.8,,,,,
2015-01,32.0,2349800.0,148145.0,6808.0,92694.0,32.9,56.9,69.3,62.9,3653.7855,1187.7784,1791.3112,1252.6,2393.0,2319.0,1377.0,2774.0,12046.1,8.1,59.3,5.7,1.78,1770.989,1706.902,2185.428,100.82572,6.033
2015-02,31.2,2340250.0,148045.0,6665.0,93256.0,32.9,56.6,69.2,62.7,3676.1463,1190.8224,1807.941,1277.4,2392.0,2238.0,1333.0,2658.0,12098.3,8.2,59.2,5.5,1.775,,,,,
2015-03,30.5,2326500.0,148128.0,6633.0,93437.0,32.9,56.6,69.1,62.6,3710.6055,1192.6957,1835.271,1271.1,2444.0,2304.0,1245.0,2542.0,12152.8,7.7,59.2,5.4,1.75,,,,,
2015-04,30.9,2281500.0,148511.0,6611.0,93205.0,32.3,56.7,69.3,62.8,3719.9507,1202.2374,1847.7864,1270.4,2716.0,2345.0,1091.0,2560.0,12196.3,7.6,59.3,5.4,1.7,1789.321,1689.152,2208.945,99.60722,6.071
2015-05,30.7,2260400.0,148817.0,6634.0,92804.0,32.3,56.9,69.4,62.9,3729.8318,1208.3279,1863.5989,1260.1,2471.0,2510.0,1256.0,2503.0,12264.5,7.5,59.4,5.6,1.7,,,,,
2015-06,28.4,2273750.0,148816.0,6388.0,93601.0,32.6,56.8,69.0,62.7,3748.3412,1213.8255,1880.4028,1270.9,2309.0,2396.0,1398.0,2162.0,12305.8,7.4,59.4,5.3,1.7,,,,,
2015-07,28.1,2244750.0,148830.0,6253.0,93880.0,32.3,56.6,69.0,62.6,3761.9831,1221.1352,1889.571,1277.3,2574.0,2222.0,1261.0,2127.0,12366.1,7.3,59.3,5.2,1.7,1732.347,1675.564,2123.057,98.92733,6.042
2015-08,28.4,2254000.0,149181.0,6418.0,93924.0,32.6,56.7,69.0,62.6,3777.9674,1228.3932,1903.5628,1272.7,2073.0,2329.0,1283.0,2172.0,12400.9,7.3,59.4,5.1,1.7,,,,,
2015-09,25.7,2243000.0,148826.0,6042.0,94592.0,32.6,56.4,68.8,62.4,3795.0463,1236.5581,1914.5186,1282.1,2364.0,2274.0,1234.0,2097.0,12400.9,7.4,59.2,5.0,1.7,,,,,
2015-10,27.5,2207600.0,149246.0,5813.0,94374.0,32.2,56.6,68.8,62.5,3812.5224,1244.9143,1928.5973,1269.4,2372.0,2277.0,1212.0,2130.0,12409.3,7.5,59.3,5.0,1.6,1635.297,1585.203,1995.626,102.95654,5.997
2015-11,27.9,2208500.0,149463.0,6170.0,94284.0,32.5,56.8,68.7,62.5,3847.7217,1251.4805,1945.9138,1294.6,2382.0,2296.0,1273.0,2074.0,12446.3,7.2,59.4,5.1,1.625,,,,,
2015-12,27.9,2203750.0,150128.0,6075.0,93901.0,32.5,56.8,69.0,62.7,3871.9571,1259.105,1953.0575,1301.2,2399.0,2191.0,1232.0,2127.0,12482.4,7.3,59.6,5.0,1.625,,,,,
2016-01,29.1,2204600.0,150653.0,5937.0,94117.0,32.6,56.9,68.9,62.7,3891.2957,1269.298,1963.8001,1302.5,2166.0,2290.0,1136.0,2081.0,12506.0,7.6,59.7,4.8,1.6,1693.864,1661.368,2059.355,104.30307,5.901
2016-02,29.4,2188000.0,150939.0,5938.0,93937.0,32.6,56.8,69.2,62.8,3917.3115,1273.493,1987.26,1317.4,2235.0,2187.0,1163.0,2150.0,12579.3,7.2,59.8,4.9,1.6,,,,,
2016-03,28.3,2166250.0,151218.0,6057.0,93589.0,32.4,57.1,69.3,63.0,3943.4168,1283.6173,2020.1509,1324.6,2419.0,2168.0,1148.0,2231.0,12569.7,7.5,59.8,5.0,1.6,,,,,
2016-04,27.9,2155200.0,151074.0,6011.0,93828.0,32.3,56.9,69.3,62.9,3959.8607,1291.6431,2033.6157,1340.2,2594.0,2132.0,1209.0,2147.0,12649.4,7.1,59.7,5.1,1.6,1752.403,1616.782,2128.449,103.88816,5.782
2016-05,26.9,2175750.0,151132.0,6488.0,94390.0,32.8,56.8,69.0,62.7,3986.5108,1298.727,2048.4201,1352.7,2264.0,2264.0,1096.0,1925.0,12696.1,6.9,59.7,4.8,1.6,,,,,
2016-06,28.0,2159000.0,151223.0,5791.0,94430.0,32.6,56.6,69.3,62.7,4007.1024,1312.2628,2051.2674,1352.1,2396.0,2195.0,1117.0,1986.0,12777.0,6.5,59.7,4.9,1.6,,,,,
2016-07,27.8,2141200.0,151554.0,5950.0,94426.0,32.4,56.6,69.3,62.8,4030.8213,1325.7653,2057.805,1353.0,2203.0,2282.0,1222.0,1943.0,12794.2,6.7,59.8,4.8,1.6,1743.196,1636.697,2132.103,103.99592,5.715
2016-08,27.2,2148000.0,151779.0,6033.0,94292.0,32.7,56.8,69.3,62.9,4054.688,1333.4159,2051.2557,1378.9,2285.0,2352.0,1094.0,1970.0,12836.0,6.6,59.8,4.9,1.6,,,,,
2016-09,26.5,2113500.0,151761.0,5882.0,94377.0,32.0,56.8,69.3,62.9,4074.4758,1337.6295,2068.4611,1380.0,2600.0,2288.0,1184.0,1933.0,12893.2,6.6,59.7,5.0,1.525,,,,,
2016-10,26.6,2075200.0,151793.0,5949.0,94716.0,31.6,56.8,69.2,62.8,4097.3105,1344.2773,2083.5121,1379.8,2434.0,2273.0,1190.0,1946.0,12922.7,6.8,59.7,4.9,1.5,1805.959,1675.424,2180.163,104.96121,5.692
2016-11,25.9,2048250.0,151954.0,5685.0,95034.0,31.3,56.7,69.0,62.7,4109.8479,1350.2259,2088.6245,1385.5,2404.0,2163.0,1108.0,1865.0,12957.8,6.7,59.7,4.7,1.5,,,,,
2016-12,26.3,2056400.0,152157.0,5607.0,95064.0,31.6,56.7,69.0,62.7,4116.3513,1356.0377,2083.9281,1376.0,2354.0,2117.0,1241.0,1860.0,13058.0,6.4,59.7,4.7,1.5,,,,,
2017-01,25.4,2036250.0,152150.0,5766.0,94466.0,31.1,56.9,69.1,62.8,4134.6107,1361.2336,2082.7842,1390.3,2420.0,2067.0,1188.0,1842.0,13122.2,6.7,59.9,4.7,1.5,1899.067,1750.796,2212.399,103.16562,5.622
2017-02,25.5,2018000.0,152414.0,5598.0,94456.0,30.9,56.9,69.2,62.8,4143.2519,1363.8142,2083.2255,1394.4,2493.0,2097.0,1043.0,1785.0,13140.9,7.0,59.9,4.6,1.45,,,,,
2017-03,25.3,1996500.0,153050.0,5469.0,94245.0,30.7,57.2,69.1,63.0,4151.5577,1365.9086,2068.0841,1414.8,2321.0,2053.0,1057.0,1691.0,13196.5,7.0,60.2,4.4,1.425,,,,,
2017-04,23.9,1974200.0,153274.0,5288.0,94118.0,30.3,57.2,69.3,63.0,4167.1909,1368.5096,2068.5846,1415.9,2375.0,2074.0,1021.0,1709.0,13222.2,7.1,60.2,4.5,1.4,1885.436,1783.334,2205.061,102.40114,5.545
2017-05,24.9,1944000.0,153017.0,5279.0,94731.0,30.0,57.1,69.0,62.8,4183.4,1371.2848,2072.4531,1442.5,2125.0,1986.0,1084.0,1706.0,13225.7,7.6,60.1,4.4,1.4,,,,,
2017-06,25.1,1962500.0,153356.0,5282.0,94740.0,30.3,57.1,69.0,62.8,4194.0942,1373.0926,2073.5548,1444.7,2267.0,1973.0,914.0,1669.0,13275.9,7.4,60.1,4.3,1.4,,,,,
2017-07,25.0,1961000.0,153612.0,5269.0,94714.0,30.3,57.2,69.0,62.9,4212.4592,1379.6566,2076.6747,1453.5,2096.0,2011.0,1024.0,1716.0,13301.3,7.5,60.2,4.3,1.4,1934.366,1813.851,2256.509,103.19928,5.508
2017-08,24.2,1953500.0,153592.0,5262.0,94686.0,30.3,57.1,69.1,62.9,4224.1969,1384.6263,2084.6944,1461.6,2188.0,2057.0,1087.0,1709.0,13344.5,7.6,60.1,4.4,1.4,,,,,
2017-09,26.1,1951000.0,154266.0,5162.0,94456.0,30.3,57.2,69.3,63.0,4230.1836,1393.292,2101.3416,1450.4,2270.0,1948.0,1000.0,1700.0,13466.9,7.3,60.4,4.2,1.4,,,,,
2017-10,25.7,1922750.0,153633.0,4863.0,95514.0,29.8,56.8,69.0,62.7,4254.0179,1408.4212,2109.91,1461.6,2167.0,1957.0,893.0,1603.0,13503.5,7.4,60.1,4.1,1.4,1768.632,1864.736,2058.853,102.78255,5.512
2017-11,25.2,1927500.0,153749.0,4804.0,95442.0,30.0,57.0,68.9,62.7,4272.6201,1423.429,2105.4603,1466.9,2268.0,1913.0,971.0,1593.0,13593.7,7.0,60.1,4.2,1.375,,,,,
2017-12,24.0,1894600.0,153911.0,4965.0,95566.0,29.7,56.8,69.0,62.7,4287.4174,1427.5258,2105.8431,1455.5,2252.0,1953.0,933.0,1506.0,13690.9,6.6,60.1,4.1,1.34,,,,,
2018-01,24.3,1908250.0,154495.0,5018.0,95789.0,29.8,56.7,69.1,62.7,4304.7449,1433.3185,2110.776,1466.7,2257.0,1910.0,957.0,1437.0,13716.5,7.5,60.2,4.0,1.375,1900.187,1950.196,2155.961,104.18644,5.533
2018-02,23.0,1860250.0,155174.0,5153.0,95170.0,29.1,57.0,69.3,63.0,4317.1947,1435.9325,2113.8694,1450.9,2465.0,1841.0,907.0,1421.0,13738.4,7.8,60.4,4.1,1.3,,,,,
2018-03,24.0,1830400.0,155266.0,4993.0,95332.0,28.8,57.0,69.3,62.9,4326.1582,1441.0395,2127.1115,1468.2,2305.0,1987.0,857.0,1352.0,13811.8,7.8,60.4,4.0,1.3,,,,,
2018-04,22.5,1813250.0,155363.0,4955.0,95357.0,28.5,56.9,69.4,62.9,4338.475,1460.1821,2168.1849,1465.2,2191.0,1965.0,968.0,1382.0,13875.8,7.7,60.4,4.0,1.3,1907.847,1947.9,2185.285,103.12571,5.634
2018-05,21.1,1746750.0,155688.0,4964.0,95556.0,27.6,56.9,69.3,62.9,4336.2075,1464.065,2172.4641,1459.5,1976.0,1958.0,929.0,1227.0,13953.7,7.7,60.5,3.8,1.2,,,,,
2018-06,21.5,1734000.0,155768.0,4741.0,95442.0,27.6,57.2,69.1,63.0,4349.306,1470.5235,2189.1614,1456.2,2217.0,1905.0,859.0,1425.0,13990.1,7.9,60.5,4.0,1.2,,,,,
2018-07,23.3,1749500.0,156186.0,4573.0,95527.0,27.8,57.4,68.9,63.0,4360.4339,1472.2875,2203.542,1462.2,1989.0,1783.0,991.0,1393.0,14048.3,7.9,60.6,3.8,1.2,1907.514,1969.834,2195.733,103.72822,5.634
2018-08,22.6,1723750.0,155567.0,4362.0,96331.0,27.5,56.9,68.8,62.7,4368.5357,1477.2862,2208.0386,1463.4,2189.0,1731.0,961.0,1302.0,14102.2,7.8,60.3,3.8,1.2,,,,,
2018-09,23.9,1685400.0,155948.0,4651.0,96305.0,26.9,57.0,68.8,62.7,4389.1789,1482.3741,2220.704,1468.3,2082.0,1786.0,908.0,1354.0,14108.3,7.9,60.4,3.7,1.2,,,,,
2018-10,22.4,1657500.0,156306.0,4567.0,96044.0,26.6,57.2,68.9,62.8,4401.7664,1488.8767,2242.6294,1471.3,2069.0,1852.0,886.0,1341.0,14193.8,7.6,60.5,3.8,1.2,1899.589,1972.401,2209.692,105.08967,5.6
2018-11,21.6,1681250.0,156598.0,4715.0,95995.0,27.0,57.3,68.9,62.9,4408.3001,1496.6654,2269.6999,1463.7,2147.0,1824.0,871.0,1251.0,14249.7,7.4,60.5,3.8,1.2,,,,,
2018-12,22.0,1695200.0,156745.0,4652.0,95764.0,27.5,57.4,69.0,63.0,4418.8225,1497.4011,2304.1564,1482.8,2154.0,1969.0,924.0,1302.0,14130.8,9.1,60.5,3.9,1.2,,,,,
2019-01,20.9,1716750.0,156625.0,5183.0,95172.0,28.0,57.4,69.2,63.1,4434.5363,1504.5029,2328.1491,1481.1,2358.0,2006.0,892.0,1260.0,14223.7,8.5,60.7,4.0,1.2,1894.367,1886.62,2188.925,104.32185,5.604
2019-02,21.8,1729250.0,156904.0,4373.0,95360.0,28.1,57.4,69.1,63.1,4444.6632,1511.6467,2336.63,1484.9,2236.0,1730.0,914.0,1292.0,14236.1,8.6,60.7,3.8,1.2,,,,,
2019-03,22.1,1724000.0,156809.0,4530.0,95527.0,28.0,57.3,69.2,63.1,4455.2438,1518.0995,2345.6263,1467.9,2171.0,1795.0,902.0,1324.0,14370.0,8.0,60.7,3.8,1.2,,,,,
2019-04,22.5,1673000.0,156741.0,4700.0,95956.0,27.2,57.2,69.0,62.9,4467.7645,1526.5888,2337.4769,1483.0,1986.0,1847.0,799.0,1300.0,14443.2,7.5,60.6,3.7,1.2,1938.893,1958.237,2243.806,103.25087,5.633
2019-05,24.3,1682750.0,156883.0,4372.0,96013.0,27.5,57.1,69.1,62.9,4487.8158,1536.1446,2336.7475,1486.2,2117.0,1654.0,747.0,1335.0,14493.0,7.3,60.6,3.7,1.2,,,,,
2019-06,22.3,1697000.0,157131.0,4319.0,95992.0,27.7,57.2,69.1,62.9,4499.5534,1544.4036,2340.3341,1500.7,1846.0,1878.0,782.0,1381.0,14555.8,7.1,60.7,3.6,1.2,,,,,
2019-07,20.0,1691750.0,157617.0,3923.0,95639.0,27.7,57.3,69.3,63.1,4507.3207,1551.0719,2348.4458,1506.6,2139.0,1775.0,939.0,1146.0,14611.9,7.0,60.8,3.6,1.2,1920.338,1963.427,2203.38,105.47381,5.582
2019-08,22.1,1694200.0,157861.0,4355.0,95571.0,27.6,57.5,69.2,63.2,4518.6538,1560.8476,2363.3328,1503.4,2235.0,1750.0,862.0,1228.0,14650.9,7.3,60.8,3.7,1.2,,,,,
2019-09,22.1,1678000.0,158230.0,4329.0,95680.0,27.5,57.5,69.2,63.1,4534.7148,1565.682,2362.6472,1521.1,1857.0,1818.0,861.0,1297.0,14673.2,7.3,60.9,3.5,1.2,,,,,
2019-10,21.8,1693750.0,158356.0,4373.0,95567.0,27.7,57.7,69.1,63.2,4556.819,1576.5465,2361.6878,1525.0,1954.0,1778.0,927.0,1235.0,14728.5,7.2,60.9,3.6,1.2,2000.736,1998.944,2313.064,106.68579,5.486
2019-11,19.7,1692200.0,158540.0,4266.0,95573.0,27.6,57.6,69.3,63.2,4585.2048,1584.1066,2366.7804,1531.0,2037.0,1744.0,881.0,1204.0,14752.8,7.5,61.0,3.6,1.2,,,,,
2019-12,20.8,1736000.0,158735.0,4172.0,95602.0,28.4,57.7,69.2,63.3,4622.0388,1588.6213,2363.0527,1538.8,2098.0,1682.0,821.0,1177.0,14796.3,7.2,61.0,3.6,1.2,,,,,
2020-01,22.2,1737750.0,158659.0,4269.0,95047.0,28.1,57.8,69.3,63.4,4635.6023,1595.6718,2359.0658,1535.9,2071.0,1752.0,881.0,1163.0,14880.5,7.6,61.1,3.5,1.2,1739.103,1779.48,1994.653,107.71144,5.247
2020-02,20.8,1703800.0,158732.0,4398.0,95180.0,27.8,57.8,69.2,63.3,4644.9541,1601.8268,2359.5612,1545.3,2082.0,1753.0,817.0,1111.0,14877.4,8.3,61.1,3.5,1.2,,,,,
2020-03,16.7,3497750.0,155536.0,5787.0,97037.0,74.4,57.1,68.5,62.6,4665.6237,1604.6126,2576.3229,1650.2,3424.0,1785.0,784.0,1188.0,13878.5,12.9,59.9,4.4,2.4,,,,,
2020-04,6.1,17030250.0,133370.0,10899.0,103418.0,493.0,54.6,66.2,60.2,4682.7895,1550.6303,2937.6143,1875.4,14282.0,6992.0,763.0,1004.0,12112.1,33.7,51.3,14.8,11.725,1557.064,1589.36,1793.842,135.64081,1.555
2020-05,10.4,22035000.0,137224.0,10633.0,101847.0,1355.8,55.3,66.7,60.8,4675.5247,1520.6739,3040.007,1968.7,3875.0,14804.0,997.0,1203.0,13165.4,24.7,52.8,13.3,15.12,,,,,
2020-06,15.5,19010000.0,142100.0,9038.0,100407.0,1404.9,56.0,67.2,61.4,4671.6606,1517.0375,2926.3054,2027.5,2853.0,11544.0,1907.0,1358.0,14014.6,19.0,54.6,11.1,13.05,,,,,
2020-07,17.3,16624000.0,143777.0,8400.0,100288.0,1330.5,56.2,67.1,61.5,4685.7288,1519.2705,2858.6592,2060.8,3188.0,5175.0,6488.0,1483.0,14224.7,18.4,55.2,10.2,11.375,2118.856,2018.481,2426.105,127.2795,1.248
2020-08,20.0,14313400.0,147276.0,7533.0,99740.0,636.0,56.2,67.7,61.7,4685.9776,1516.3528,2812.1117,2076.1,2312.0,3213.0,6536.0,1593.0,14397.2,14.6,56.5,8.4,9.8,,,,,
2020-09,21.0,12016750.0,147543.0,6283.0,100664.0,358.9,55.6,67.6,61.4,4682.2001,1516.6064,2756.2878,2114.7,2552.0,2754.0,4934.0,2405.0,14582.7,14.1,56.6,7.8,8.2,,,,,
2020-10,21.4,7942600.0,149669.0,6668.0,100207.0,304.3,55.8,67.7,61.6,4680.5019,1518.7909,2696.5895,2143.7,2494.0,2341.0,2651.0,3534.0,14627.1,13.1,57.4,6.9,5.4,2082.47,1951.445,2425.326,129.09116,1.22
2020-11,23.0,5941750.0,149809.0,6641.0,100548.0,280.8,55.9,67.4,61.5,4667.5872,1520.5008,2649.0571,2318.7,2455.0,2404.0,1875.0,3929.0,14532.8,12.5,57.4,6.7,4.05,,,,,
2020-12,23.4,5274750.0,149830.0,6170.0,100663.0,304.3,55.9,67.4,61.5,4659.1834,1522.4891,2617.1988,2528.7,2904.0,2222.0,1572.0,3956.0,14451.1,13.5,57.4,6.7,3.6,,,,,
2021-01,26.0,4836800.0,150031.0,5954.0,100690.0,555.5,55.7,67.5,61.4,4676.0663,1521.5046,2582.0524,2574.4,2278.0,2528.0,1346.0,4023.0,14939.1,19.8,57.5,6.3,3.4,,,,,
2021-02,27.6,4354500.0,150239.0,6088.0,100708.0,537.0,55.8,67.4,61.4,4653.4402,1524.9569,2602.4494,6996.5,2185.0,2254.0,1407.0,4148.0,14790.1,13.6,57.6,6.2,3.075,,,,,
