,A072RC1Q156SBEA,BUSLOANS,CE16OV,CIVPART,CONSUMER,CP,DPCCRC1M027SBEA,ECOMPCTSA,GOAI,HDTGPDUSQ163N,IURSA,LES1252881600Q,LNS15000000,M1V,PCE,PSAVERT,RRVRUSQ156N,TDSP,UEMP27OV,UEMPMEAN,UNRATE,W825RC1
1947-01-01,7.4,11.5246666666666667,,,4.2961333333333333,21.97,,,,,,,,,,,,,,,,
1947-04-01,5.0,12.2629666666666667,,,4.7079666666666667,20.788,,,,,,,,,,,,,,,,
1947-07-01,7.1,13.0715000000000000,,,5.1155666666666667,20.564,,,,,,,,,,,,,,,,
1947-10-01,5.8,13.9112666666666667,,,5.5139000000000000,22.451,,,,,,,,,,,,,,,,
1948-01-01,6.9,14.5712666666666667,57976.000000000000,58.6666666666666667,5.9029333333333333,23.739,,,,,,,,,,,,,119.6666666666666667,8.6666666666666667,3.7333333333333333,
1948-04-01,8.6,15.0811666666666667,58296.000000000000,58.8333333333333333,6.2822666666666667,24.941,,,,,,,,,,,,,112.0000000000000000,8.8000000000000000,3.6666666666666667,
1948-07-01,10.0,15.2101000000000000,58645.666666666667,59.0333333333333333,6.5748000000000000,24.551,,,,,,,,,,,,,120.6666666666666667,8.6333333333333333,3.7666666666666667,
1948-10-01,9.7,15.0585000000000000,58514.666666666667,58.8333333333333333,6.7909333333333333,23.76,,,,,,,,,,,,,110.0000000000000000,8.4666666666666667,3.8333333333333333,
1949-01-01,7.8,14.7916333333333333,58142.000000000000,58.8666666666666667,6.9909666666666667,21.683000000000003,,,,,,,,,,,,,116.6666666666666667,8.2666666666666667,4.6666666666666667,
1949-04-01,6.8,14.3330000000000000,57490.333333333333,58.8000000000000000,7.1772000000000000,19.172,,,,,,,,,,,,,200.0000000000000000,9.3000000000000000,5.8666666666666667,
1949-07-01,7.2,13.9229333333333333,57390.333333333333,59.0666666666666667,7.4858333333333333,19.816,,,,,,,,,,,,,334.3333333333333333,11.1666666666666667,6.7000000000000000,
1949-10-01,6.3,13.6627000000000000,57707.666666666667,59.4000000000000000,7.8946666666666667,19.457,,,,,,,,,,,,,402.3333333333333333,11.4333333333333333,6.9666666666666667,
1950-01-01,11.5,13.7993666666666667,57704.666666666667,58.8666666666666667,8.3568666666666667,20.037,,,,,,,,,,,,,408.6666666666666667,11.8333333333333333,6.4000000000000000,
1950-04-01,9.8,14.2506000000000000,58761.333333333333,59.2333333333333333,8.8659666666666667,23.815,,,,,,,,,,,,,436.0000000000000000,12.8000000000000000,5.5666666666666667,
1950-07-01,6.3,15.2920666666666667,59457.666666666667,59.2666666666666667,9.3916000000000000,28.776999999999997,,,,,,,,,,,,,311.3333333333333333,12.3000000000000000,4.6333333333333333,
1950-10-01,9.7,16.8085666666666667,59643.000000000000,59.3000000000000000,9.9233333333333333,31.581,,,,,,,,,,,,,252.0000000000000000,11.2333333333333333,4.2333333333333333,
1951-01-01,7.6,18.1922333333333333,59899.333333333333,59.3333333333333333,10.2116666666666667,26.345,,,,,,,,,,,,,176.6666666666666667,10.5000000000000000,3.5000000000000000,
1951-04-01,12.2,19.5524666666666667,59899.000000000000,59.1666666666666667,10.2881000000000000,22.589000000000002,,,,,,,,,,,,,128.3333333333333333,9.7333333333333333,3.1000000000000000,
1951-07-01,12.2,20.3652000000000000,59954.333333333333,59.2333333333333333,10.4031333333333333,20.778000000000002,,,,,,,,,,,,,120.6666666666666667,9.1333333333333333,3.1666666666666667,
1951-10-01,11.5,20.7679666666666667,60114.333333333333,59.4000000000000000,10.5349000000000000,22.592,,,,,,,,,,,,,119.0000000000000000,9.3000000000000000,3.3666666666666667,
1952-01-01,11.2,22.3132666666666667,60276.666666666667,59.3000000000000000,10.4671666666666667,22.061999999999998,,,,,,,,,,,,,93.0000000000000000,8.8333333333333333,3.0666666666666667,
1952-04-01,10.6,22.0399333333333333,60107.666666666667,59.0000000000000000,10.8634333333333333,21.295,,,,,,,,,,,,,89.6666666666666667,8.0333333333333333,2.9666666666666667,
1952-07-01,11.9,22.4121666666666667,60094.000000000000,58.9333333333333333,11.5971333333333333,21.59,,,,,,,,,,,,,64.3333333333333333,7.7333333333333333,3.2333333333333333,
1952-10-01,10.7,23.2473333333333333,60611.333333333333,59.0000000000000000,12.2987333333333333,23.752,,,,,,,,,,,,,86.3333333333333333,9.1333333333333333,2.8333333333333333,
1953-01-01,10.6,23.5965333333333333,61831.333333333333,59.5333333333333333,13.0925000000000000,24.609,,,,,,,,,,,,,84.0000000000000000,8.7333333333333333,2.7000000000000000,
1953-04-01,11.2,23.8220666666666667,61306.333333333333,58.8666666666666667,13.8603666666666667,24.658,,,,,,,,,,,,,70.3333333333333333,7.9666666666666667,2.5666666666666667,
1953-07-01,10.9,23.9290333333333333,61151.333333333333,58.6666666666666667,14.1852000000000000,24.201,,,,,,,,,,,,,68.6666666666666667,7.6666666666666667,2.7333333333333333,
1953-10-01,11.2,23.6737000000000000,60536.000000000000,58.4666666666666667,14.4143333333333333,19.351,,,,,,,,,,,,,91.3333333333333333,7.7000000000000000,3.7000000000000000,
1954-01-01,11.3,22.9634000000000000,60291.000000000000,59.0000000000000000,14.3624333333333333,21.923000000000002,,,,,,,,,,,,,176.6666666666666667,9.6000000000000000,5.2666666666666667,
1954-04-01,10.3,22.6606666666666667,59961.666666666667,58.8666666666666667,14.1965333333333333,22.529,,,,,,,,,,,,,304.0000000000000000,11.6000000000000000,5.8000000000000000,
1954-07-01,9.9,22.4539000000000000,59926.000000000000,58.7666666666666667,14.3897666666666667,23.813000000000002,,,,,,,,,,,,,393.6666666666666667,12.7333333333333333,5.9666666666666667,
1954-10-01,9.9,22.6041666666666667,60247.666666666667,58.5000000000000000,14.5987333333333333,25.515,,,,,,,,,,,,,425.3333333333333333,13.3000000000000000,5.3333333333333333,
1955-01-01,9.3,22.9937666666666667,60814.666666666667,58.5000000000000000,14.9864666666666667,28.583000000000002,,,,,,,,,,,,,414.6666666666666667,13.6666666666666667,4.7333333333333333,
1955-04-01,9.5,23.7303333333333333,61643.333333333333,58.8666666666666667,15.7318333333333333,29.064,,,,,,,,,,,,,363.0000000000000000,14.0333333333333333,4.4000000000000000,
1955-07-01,10.0,24.9521666666666667,62753.333333333333,59.5666666666666667,16.4523666666666667,29.843000000000004,,,,,,,,,,,,,274.0000000000000000,12.6000000000000000,4.1000000000000000,
1955-10-01,9.9,26.3037000000000000,63310.666666666667,59.9666666666666667,16.9497000000000000,31.115,,,,,,,,,,,,,268.3333333333333333,11.6000000000000000,4.2333333333333333,
1956-01-01,10.6,27.7863000000000000,63560.666666666667,59.9666666666666667,17.3922000000000000,30.601,,,,,,,,,,,6.2,,256.0000000000000000,11.9333333333333333,4.0333333333333333,
1956-04-01,11.1,29.7259666666666667,63765.000000000000,60.0666666666666667,17.9139666666666667,31.445999999999998,,,,,,,,,,,5.9,,197.3333333333333333,10.5000000000000000,4.2000000000000000,
1956-07-01,11.3,31.0852666666666667,63950.333333333333,60.0333333333333333,18.3695000000000000,30.211,,,,,,,,,,,6.3,,227.6666666666666667,11.4333333333333333,4.1333333333333333,
1956-10-01,11.5,32.2078000000000000,63893.666666666667,59.8000000000000000,18.6948666666666667,31.879,,,,,,,,,,,5.8,,247.6666666666666667,11.3000000000000000,4.1333333333333333,
1957-01-01,11.1,32.8057333333333333,64097.666666666667,59.7333333333333333,18.8500666666666667,32.174,,,,,,,,,,,5.3,,207.0000000000000000,10.6333333333333333,3.9333333333333333,
1957-04-01,11.6,33.6938000000000000,64076.000000000000,59.6000000000000000,19.1591000000000000,30.883000000000003,,,,,,,,,,,5.3,,244.0000000000000000,10.4000000000000000,4.1000000000000000,
1957-07-01,11.4,34.5061333333333333,64206.666666666667,59.6333333333333333,19.5974000000000000,30.274,,,,,,,,,,,5.7,,235.6666666666666667,10.1333333333333333,4.2333333333333333,
1957-10-01,10.7,34.2125000000000000,63879.000000000000,59.5333333333333333,19.9107666666666667,27.921999999999997,,,,,,,,,,,5.8,,276.6666666666666667,10.6333333333333333,4.9333333333333333,
1958-01-01,11.2,34.7713000000000000,62949.666666666667,59.3000000000000000,19.9376333333333333,24.236,,,,,,,,,,,6.3,,332.6666666666666667,10.9000000000000000,6.3000000000000000,
1958-04-01,11.1,34.4270333333333333,62745.000000000000,59.6333333333333333,19.8360666666666667,24.6,,,,,,,,,,,6.5,,596.3333333333333333,13.2000000000000000,7.3666666666666667,
1958-07-01,11.6,34.3560000000000000,62979.333333333333,59.7000000000000000,20.0667666666666667,27.064,,,,,,,,,,,6.3,,939.0000000000000000,15.6000000000000000,7.3333333333333333,
1958-10-01,11.8,34.8721000000000000,63498.000000000000,59.3333333333333333,20.2615333333333333,30.458000000000002,,,,,,,,,,,6.6,,860.6666666666666667,16.2000000000000000,6.3666666666666667,
1959-01-01,10.7,35.1878333333333333,63939.666666666667,59.2000000000000000,20.9658333333333333,32.705999999999996,225.6000000000000000,,,,,,,3.662,309.4666666666666667,10.7333333333333333,6.8,,738.0000000000000000,15.7000000000000000,5.8333333333333333,3.1333333333333333
1959-04-01,10.8,36.3349666666666667,64772.000000000000,59.2666666666666667,21.7313333333333333,35.446,231.4666666666666667,,,,,,,3.719,315.5000000000000000,10.7666666666666667,7.3,,584.6666666666666667,14.8333333333333333,5.1000000000000000,2.7000000000000000
1959-07-01,9.7,38.0046666666666667,64875.000000000000,59.3000000000000000,22.8159333333333333,32.441,235.9666666666666667,,,,,,,3.7089999999999996,320.7333333333333333,9.6666666666666667,7.2,,474.3333333333333333,13.9000000000000000,5.2666666666666667,2.6333333333333333
1959-10-01,10.2,38.8007666666666667,64927.333333333333,59.3333333333333333,23.7921666666666667,31.96,237.2333333333333333,,,,,,,3.7689999999999997,322.8666666666666667,10.1666666666666667,7.0,,463.6666666666666667,13.0333333333333333,5.6000000000000000,2.9333333333333333
1960-01-01,10.3,39.8114333333333333,65213.333333333333,58.9000000000000000,24.4514333333333333,34.614000000000004,240.9000000000000000,,,,,,,3.878,326.3666666666666667,10.3000000000000000,8.0,,444.6666666666666667,13.2000000000000000,5.1333333333333333,2.5666666666666667
1960-04-01,9.7,40.9214000000000000,66061.333333333333,59.5666666666666667,24.9743333333333333,32.312,245.0666666666666667,,,,,,,3.8760000000000003,332.2000000000000000,9.7333333333333333,8.0,,405.3333333333333333,12.1333333333333333,5.2333333333333333,2.8666666666666667
1960-07-01,10.2,41.3737666666666667,66023.666666666667,59.5666666666666667,25.6036333333333333,31.023000000000003,245.3333333333333333,,,,,,,3.872,332.1333333333333333,10.2333333333333333,8.3,,425.3333333333333333,12.5666666666666667,5.5333333333333333,3.2000000000000000
1960-10-01,10.0,41.7708333333333333,65839.666666666667,59.6333333333333333,26.1081333333333333,29.921999999999997,246.5000000000000000,,,,,,,3.8360000000000003,334.0333333333333333,10.0000000000000000,8.4,,556.6666666666666667,13.2666666666666667,6.2666666666666667,3.7000000000000000
1961-01-01,10.9,42.0126333333333333,65738.000000000000,59.6333333333333333,26.8583333333333333,29.223000000000003,246.5333333333333333,,,,,,,3.8510000000000004,334.5333333333333333,10.8666666666666667,8.9,,666.3333333333333333,13.8000000000000000,6.8000000000000000,4.1666666666666667
1961-04-01,10.9,42.2662666666666667,65605.333333333333,59.4666666666666667,27.0468666666666667,30.671,250.8000000000000000,,,,,,,3.8960000000000004,339.4666666666666667,10.9666666666666667,8.8,,863.0000000000000000,15.7666666666666667,7.0000000000000000,5.2666666666666667
1961-07-01,11.7,42.6695666666666667,65667.000000000000,59.2000000000000000,27.1965666666666667,32.317,254.1333333333333333,,,,,,,3.9589999999999996,342.3666666666666667,11.6666666666666667,8.6,,912.0000000000000000,16.8000000000000000,6.7666666666666667,4.4333333333333333
1961-10-01,11.6,43.3037333333333333,65966.666666666667,59.0000000000000000,27.4570666666666667,34.595,261.0666666666666667,,,,,,,4.012,349.6000000000000000,11.6333333333333333,8.5,,775.3333333333333333,16.2333333333333333,6.2000000000000000,3.7333333333333333
1962-01-01,11.6,43.9851000000000000,66379.666666666667,58.9000000000000000,28.0721000000000000,35.196,265.1333333333333333,,,,,,,4.079,354.8666666666666667,11.5666666666666667,8.5,,665.3333333333333333,15.4333333333333333,5.6333333333333333,3.5333333333333333
1962-04-01,11.4,44.9743333333333333,66576.666666666667,58.8000000000000000,28.7397333333333333,35.166,270.5333333333333333,,,,,,,4.095,360.4666666666666667,11.4333333333333333,8.1,,607.6666666666666667,15.1666666666666667,5.5333333333333333,3.1666666666666667
1962-07-01,11.1,46.0079333333333333,66881.000000000000,58.8333333333333333,29.5096333333333333,36.205,273.7000000000000000,,,,,,,4.158,364.3666666666666667,11.1333333333333333,8.0,,563.3333333333333333,14.4000000000000000,5.5666666666666667,3.0333333333333333
1962-10-01,10.7,47.1620333333333333,66969.333333333333,58.5333333333333333,30.0838666666666667,37.066,279.0666666666666667,,,,,,,4.158,370.6000000000000000,10.6666666666666667,8.1,,485.3333333333333333,13.6666666666666667,5.5333333333333333,3.0666666666666667
1963-01-01,10.8,47.8218666666666667,67149.000000000000,58.6000000000000000,30.8974666666666667,36.708,281.8666666666666667,,,,,,,4.178,374.2666666666666667,10.7333333333333333,8.0,,580.0000000000000000,14.1333333333333333,5.7666666666666667,3.1666666666666667
1963-04-01,10.7,48.7625333333333333,67635.333333333333,58.7000000000000000,31.8292333333333333,38.652,286.6666666666666667,,,,,,,4.194,378.4333333333333333,10.7000000000000000,8.2,,565.3333333333333333,14.3333333333333333,5.7333333333333333,3.1000000000000000
1963-07-01,10.4,49.5885666666666667,67995.666666666667,58.6333333333333333,32.4858000000000000,39.653,292.1666666666666667,,,,,,,4.248,385.4000000000000000,10.4333333333333333,8.3,,542.6666666666666667,14.0333333333333333,5.5000000000000000,3.0000000000000000
1963-10-01,11.1,51.2744666666666667,68258.000000000000,58.7000000000000000,33.9775666666666667,40.688,296.6000000000000000,,,,,,,4.269,390.0333333333333333,11.0666666666666667,8.3,,513.6666666666666667,13.5000000000000000,5.5666666666666667,3.0000000000000000
1964-01-01,11.1,52.5602333333333333,68613.666666666667,58.7000000000000000,35.0662000000000000,44.409,304.4666666666666667,,,,,,,4.345,399.6000000000000000,11.0666666666666667,8.1,,498.6666666666666667,13.4000000000000000,5.4666666666666667,2.8666666666666667
1964-04-01,11.9,53.7557333333333333,69401.666666666667,58.9666666666666667,36.3451666666666667,44.397,310.8666666666666667,,,,,,,4.372,407.5333333333333333,11.8666666666666667,8.1,,494.0000000000000000,13.2000000000000000,5.2000000000000000,2.9000000000000000
1964-07-01,11.4,55.1984666666666667,69480.000000000000,58.6333333333333333,37.9031000000000000,45.512,317.5666666666666667,,,,,,,4.386,416.4000000000000000,11.3666666666666667,8.4,,497.0000000000000000,13.4666666666666667,5.0000000000000000,2.7333333333333333
1964-10-01,12.1,57.1672333333333333,69710.333333333333,58.5666666666666667,39.1457000000000000,45.174,319.2000000000000000,,,,,,,4.363,419.0000000000000000,12.0666666666666667,8.3,,433.3333333333333333,13.1000000000000000,4.9666666666666667,2.6333333333333333
1965-01-01,11.2,60.1530666666666667,70187.666666666667,58.6666666666666667,40.3138666666666667,50.699,329.1000000000000000,,,,,,,4.457,429.7000000000000000,11.2000000000000000,8.5,,386.6666666666666667,12.2666666666666667,4.9000000000000000,2.5000000000000000
1965-04-01,11.2,63.0697333333333333,70897.333333333333,58.8666666666666667,41.7435333333333333,52.574,333.5333333333333333,,,,,,,4.508,436.6333333333333333,11.1666666666666667,8.2,,362.6666666666666667,11.3666666666666667,4.6666666666666667,2.4333333333333333
1965-07-01,12.0,65.5859666666666667,71369.333333333333,58.9000000000000000,43.4084000000000000,53.516999999999996,340.6000000000000000,,,,,,,4.574,445.8000000000000000,12.0333333333333333,7.8,,335.6666666666666667,11.8000000000000000,4.3666666666666667,2.3000000000000000
1965-10-01,11.4,67.9872333333333333,71827.000000000000,58.9000000000000000,44.7335000000000000,56.577,350.6666666666666667,,,,,,,4.627,459.7666666666666667,11.3666666666666667,8.5,,313.3333333333333333,11.7333333333333333,4.1000000000000000,2.2333333333333333
1966-01-01,11.0,70.7290333333333333,72173.333333333333,58.8666666666666667,45.8020000000000000,58.118,359.5000000000000000,,,,,,,4.688,470.1333333333333333,10.9666666666666667,8.3,,276.0000000000000000,11.4000000000000000,3.8666666666666667,2.0333333333333333
1966-04-01,11.0,73.6973333333333333,72594.000000000000,59.0333333333333333,46.8170666666666667,58.576,362.6000000000000000,,,,,,,4.692,475.1666666666666667,10.9666666666666667,7.4,,255.3333333333333333,10.2333333333333333,3.8333333333333333,1.8000000000000000
1966-07-01,11.0,77.0882666666666667,73088.000000000000,59.2333333333333333,47.5194000000000000,58.397,370.4666666666666667,,,,,,,4.792,484.3333333333333333,11.0333333333333333,7.4,,205.3333333333333333,9.8666666666666667,3.7666666666666667,1.9000000000000000
1966-10-01,11.7,78.4530000000000000,73656.666666666667,59.4666666666666667,47.6790666666666667,57.516999999999996,375.8666666666666667,,,,,,,4.8580000000000005,490.0666666666666667,11.6666666666666667,7.7,,210.3333333333333333,9.8333333333333333,3.7000000000000000,1.8666666666666667
1967-01-01,12.5,79.6517000000000000,73572.000000000000,59.3000000000000000,48.0320666666666667,55.152,379.1666666666666667,,,,,,,4.873,494.3333333333333333,12.5000000000000000,7.3,,194.6666666666666667,9.1333333333333333,3.8333333333333333,2.1000000000000000
1967-04-01,11.9,81.8267000000000000,74001.333333333333,59.4333333333333333,48.6688666666666667,55.258,387.3666666666666667,,,,,,,4.834,503.4333333333333333,11.9333333333333333,6.9,,159.0000000000000000,8.6000000000000000,3.8333333333333333,2.3000000000000000
1967-07-01,12.4,83.6613000000000000,74713.666666666667,59.6666666666666667,49.7743666666666667,56.54,394.1000000000000000,,,,,,,4.82,510.7000000000000000,12.3666666666666667,7.0,,171.0000000000000000,8.5333333333333333,3.8000000000000000,2.3333333333333333
1967-10-01,12.5,84.9466333333333333,75216.333333333333,59.8666666666666667,50.8805333333333333,59.497,399.3000000000000000,,,,,,,4.831,518.2333333333333333,12.5000000000000000,6.2,,185.0000000000000000,8.7333333333333333,3.9000000000000000,2.2000000000000000
1968-01-01,11.9,86.7543333333333333,75102.666666666667,59.4666666666666667,52.0351666666666667,58.82,414.7333333333333333,,,,,,,4.92,536.2666666666666667,11.9000000000000000,6.1,,182.6666666666666667,8.8666666666666667,3.7333333333333333,2.3000000000000000
1968-04-01,12.0,89.1077000000000000,75950.000000000000,59.8000000000000000,53.3393000000000000,60.526,426.3666666666666667,,,,,,,4.97,550.0333333333333333,12.0000000000000000,6.2,,149.0000000000000000,8.2666666666666667,3.5666666666666667,2.1000000000000000
1968-07-01,10.6,91.3730333333333333,76100.666666666667,59.6333333333333333,54.9857000000000000,61.023999999999994,439.4000000000000000,,,,,,,4.961,566.1333333333333333,10.6000000000000000,5.9,,148.0000000000000000,8.3000000000000000,3.5333333333333333,2.2333333333333333
1968-10-01,10.9,94.4963333333333333,76498.666666666667,59.6000000000000000,57.0940666666666667,62.599,446.6333333333333333,,,,,,,4.944,574.9333333333333333,10.8333333333333333,5.4,,141.6666666666666667,8.2333333333333333,3.4000000000000000,2.2000000000000000
1969-01-01,10.1,98.2275666666666667,77166.333333333333,59.8333333333333333,58.8037333333333333,61.994,455.9333333333333333,,,,,,,4.9830000000000005,587.0333333333333333,10.0666666666666667,5.6,,121.3333333333333333,7.9666666666666667,3.4000000000000000,2.3000000000000000
1969-04-01,10.3,101.7524333333333333,77605.000000000000,59.9666666666666667,60.4308333333333333,60.335,465.5666666666666667,,,,,,,5.022,598.3666666666666667,10.3000000000000000,5.7,,127.6666666666666667,7.8333333333333333,3.4333333333333333,2.2000000000000000
1969-07-01,11.7,103.3933333333333333,78153.000000000000,60.2333333333333333,61.3686000000000000,58.63399999999999,473.4666666666666667,,,,,,,5.103,608.6000000000000000,11.6333333333333333,5.5,,146.6666666666666667,7.9000000000000000,3.5666666666666667,2.3333333333333333
1969-10-01,11.6,105.3735000000000000,78575.333333333333,60.2666666666666667,62.2476000000000000,57.815,482.1333333333333333,,,,,,,5.102,620.6000000000000000,11.6000000000000000,5.1,,138.0000000000000000,7.8666666666666667,3.5666666666666667,2.5000000000000000
1970-01-01,12.0,105.8020000000000000,78780.333333333333,60.4666666666666667,63.0189333333333333,55.323,489.3666666666666667,,,,,,,5.112,631.6666666666666667,11.9666666666666667,5.4,,161.6666666666666667,8.0666666666666667,4.1666666666666667,2.8666666666666667
1970-04-01,12.6,106.1747333333333333,78635.666666666667,60.3666666666666667,63.3830333333333333,55.193999999999996,497.9333333333333333,,,,,,,5.152,641.5666666666666667,12.6666666666666667,5.4,,219.0000000000000000,8.4666666666666667,4.7666666666666667,3.9000000000000000
1970-07-01,13.3,108.5822000000000000,78616.000000000000,60.3000000000000000,64.2833000000000000,56.132,507.6333333333333333,,,,,,,5.1739999999999995,653.5000000000000000,13.2666666666666667,5.3,,255.3333333333333333,8.8666666666666667,5.1666666666666667,4.5333333333333333
1970-10-01,13.3,110.4354000000000000,78643.000000000000,60.4000000000000000,64.9603666666666667,53.35,511.9333333333333333,,,,,,,5.095,660.1666666666666667,13.3000000000000000,5.2,,324.6666666666666667,9.2666666666666667,5.8333333333333333,5.4000000000000000
1971-01-01,13.4,111.8102333333333333,78717.333333333333,60.1666666666666667,65.9912000000000000,60.152,529.8666666666666667,,,,3.9615384615384617,,,5.226,679.1666666666666667,13.3666666666666667,5.3,,443.6666666666666667,10.5000000000000000,5.9333333333333333,5.7333333333333333
1971-04-01,13.8,113.1125333333333333,78961.000000000000,60.0333333333333333,67.9217333333333333,62.42,541.9666666666666667,,,,4.084615384615385,,,5.212000000000001,693.2333333333333333,13.8333333333333333,5.3,,501.0000000000000000,11.2333333333333333,5.9000000000000000,6.3000000000000000
1971-07-01,13.6,115.5773000000000000,79511.000000000000,60.1333333333333333,69.9823000000000000,66.544,554.0000000000000000,,,,4.1230769230769235,,,5.218999999999999,705.6000000000000000,13.5666666666666667,5.6,,560.0000000000000000,11.6333333333333333,6.0333333333333333,6.3333333333333333
1971-10-01,13.1,117.6248333333333333,80228.666666666667,60.3000000000000000,72.4106333333333333,68.735,568.0333333333333333,,,,4.1,,,5.226,721.7000000000000000,13.1333333333333333,5.6,,585.0000000000000000,12.0333333333333333,5.9333333333333333,6.3666666666666667
1972-01-01,12.4,118.9179000000000000,81213.333333333333,60.3000000000000000,75.0112666666666667,72.785,583.4666666666666667,,,,3.6384615384615384,,,5.2989999999999995,738.9666666666666667,12.3666666666666667,5.3,,625.3333333333333333,12.2666666666666667,5.7666666666666667,6.5666666666666667
1972-04-01,11.6,122.5637000000000000,81875.000000000000,60.4000000000000000,78.0405000000000000,73.825,597.0000000000000000,,,,3.5384615384615383,,,5.365,757.3666666666666667,11.6333333333333333,5.5,,601.0000000000000000,12.3666666666666667,5.7000000000000000,6.8666666666666667
1972-07-01,12.0,125.8824666666666667,82450.333333333333,60.4666666666666667,81.3227666666666667,77.00399999999999,612.0666666666666667,,,,3.5,,,5.356,775.7666666666666667,11.9666666666666667,5.8,,534.6666666666666667,11.9000000000000000,5.5666666666666667,5.7666666666666667
1972-10-01,13.4,131.2634000000000000,83002.000000000000,60.3666666666666667,84.4739666666666667,83.484,630.8333333333333333,,,,3.1769230769230767,,,5.382999999999999,800.5000000000000000,13.4333333333333333,5.6,,482.3333333333333333,11.5000000000000000,5.3666666666666667,5.0000000000000000
1973-01-01,12.6,140.3898000000000000,83841.666666666667,60.4333333333333333,88.1972000000000000,95.54700000000001,652.0666666666666667,,,,2.8153846153846156,,,5.471,825.0333333333333333,12.5333333333333333,5.7,,390.0000000000000000,10.7000000000000000,4.9333333333333333,4.5666666666666667
1973-04-01,13.3,150.1098000000000000,84797.333333333333,60.7666666666666667,92.1784000000000000,99.03299999999999,663.2666666666666667,,,,2.6692307692307686,,,5.55,840.5333333333333333,13.3333333333333333,5.8,,338.0000000000000000,9.9000000000000000,4.9333333333333333,4.4333333333333333
1973-07-01,13.4,157.3012666666666667,85330.333333333333,60.8000000000000000,95.2052333333333333,101.161,674.4000000000000000,,,,2.7,,,5.564,858.8666666666666667,13.4000000000000000,5.8,,303.6666666666666667,9.6000000000000000,4.8000000000000000,4.5000000000000000
1973-10-01,14.5,160.1053333333333333,86236.000000000000,61.1000000000000000,97.6384666666666667,106.25299999999999,684.1333333333333333,,,,2.784615384615385,,,5.657,873.9000000000000000,14.5333333333333333,5.8,,338.0000000000000000,9.8666666666666667,4.7666666666666667,4.7666666666666667
1974-01-01,14.0,165.5371333333333333,86709.333333333333,61.3333333333333333,99.6805333333333333,112.656,694.1333333333333333,,,,3.207692307692308,,,5.622000000000001,891.8666666666666667,13.9666666666666667,6.2,,332.0000000000000000,9.6000000000000000,5.1333333333333333,5.8666666666666667
1974-04-01,12.9,177.5766666666666667,86833.666666666667,61.1666666666666667,101.3550000000000000,115.54299999999999,713.4000000000000000,,,,3.223076923076923,,,5.7139999999999995,920.4000000000000000,12.9000000000000000,6.3,,359.0000000000000000,9.7000000000000000,5.2000000000000000,6.7000000000000000
1974-07-01,12.6,186.1211000000000000,87079.000000000000,61.3333333333333333,102.2664666666666667,121.06,733.3333333333333333,,,,3.3923076923076922,,,5.775,949.2666666666666667,12.6000000000000000,6.2,,388.6666666666666667,9.7666666666666667,5.6333333333333333,6.9333333333333333
1974-10-01,13.7,190.3036666666666667,86588.333333333333,61.2666666666666667,102.3117666666666667,107.90799999999999,737.7666666666666667,,,,4.361538461538462,,,5.851,959.0666666666666667,13.7333333333333333,6.0,,455.3333333333333333,9.8666666666666667,6.6000000000000000,8.6333333333333333
1975-01-01,12.8,190.0288333333333333,85356.666666666667,61.2000000000000000,101.9637333333333333,94.70700000000001,761.3000000000000000,,,,5.938461538461539,,58964.333333333333,5.875,985.2000000000000000,12.8000000000000000,6.1,,703.6666666666666667,11.4000000000000000,8.2666666666666667,14.1666666666666667
1975-04-01,15.3,186.0409666666666667,85331.666666666667,61.3333333333333333,101.2297000000000000,99.406,782.9666666666666667,,,,6.753846153846154,,59088.000000000000,5.915,1013.5666666666666667,15.2666666666666667,6.3,,1119.3333333333333333,13.8666666666666667,8.8666666666666667,19.4000000000000000
1975-07-01,12.9,183.1337333333333333,86135.666666666667,61.2666666666666667,101.6759000000000000,115.831,808.5000000000000000,,,,5.992307692307692,,59450.666666666667,6.01,1047.2000000000000000,12.8666666666666667,6.2,,1490.3333333333333333,15.5666666666666667,8.4666666666666667,20.2000000000000000
1975-10-01,12.7,182.8972333333333333,86497.000000000000,61.1333333333333333,103.5973000000000000,124.09100000000001,836.4666666666666667,,,,5.215384615384616,,60027.666666666667,6.151,1076.2666666666666667,12.7000000000000000,5.4,,1559.6666666666666667,16.1666666666666667,8.3000000000000000,18.8666666666666667
1976-01-01,12.1,181.3934000000000000,87685.666666666667,61.3000000000000000,105.9023000000000000,132.702,865.0000000000000000,,,,4.438461538461539,,60026.000000000000,6.263999999999999,1109.9000000000000000,12.0666666666666667,5.5,,1524.6666666666666667,16.4666666666666667,7.7333333333333333,17.6666666666666667
1976-04-01,11.8,178.3367000000000000,88591.000000000000,61.5333333333333333,108.5409333333333333,136.55100000000002,881.1333333333333333,,,,4.4692307692307685,,59947.666666666667,6.266,1129.5333333333333333,11.8000000000000000,5.8,,1327.0000000000000000,15.9333333333333333,7.5666666666666667,16.2666666666666667
1976-07-01,11.6,180.0368000000000000,89163.000000000000,61.7333333333333333,111.4989333333333333,138.84,904.3000000000000000,,,,4.6230769230769235,,59901.000000000000,6.318,1158.8000000000000000,11.6000000000000000,5.7,,1244.6666666666666667,15.5000000000000000,7.7333333333333333,16.1000000000000000
1976-10-01,11.0,183.8622000000000000,89570.333333333333,61.7666666666666667,114.7614333333333333,139.091,928.5000000000000000,,,,4.6,,60120.000000000000,6.364,1192.4333333333333333,11.0333333333333333,5.3,,1281.0000000000000000,15.2000000000000000,7.7666666666666667,15.5000000000000000
1977-01-01,10.1,187.4511333333333333,90359.333333333333,61.8333333333333333,119.0957000000000000,149.83100000000002,959.4333333333333333,,,,4.192307692307692,,60208.000000000000,6.388999999999999,1228.2000000000000000,10.1333333333333333,5.1,,1193.0000000000000000,14.8000000000000000,7.5000000000000000,15.5000000000000000
1977-04-01,10.5,191.8764333333333333,91661.333333333333,62.2333333333333333,124.6545000000000000,158.751,984.0000000000000000,,,,3.915384615384616,,59956.333333333333,6.479,1256.0000000000000000,10.4666666666666667,5.3,,1071.6666666666666667,14.5666666666666667,7.1333333333333333,13.3000000000000000
1977-07-01,10.8,197.2235666666666667,92409.000000000000,62.2333333333333333,130.2926000000000000,165.143,1009.8000000000000000,,,,3.807692307692308,,60185.666666666667,6.572,1286.9000000000000000,10.8333333333333333,5.4,,936.6666666666666667,14.0666666666666667,6.9000000000000000,11.9000000000000000
1977-10-01,11.2,202.9572000000000000,93639.333333333333,62.6333333333333333,136.0005333333333333,166.231,1041.1666666666666667,,,,3.7285714285714286,,59846.333333333333,6.586,1324.8000000000000000,11.2000000000000000,5.1,,889.0000000000000000,13.6333333333333333,6.6666666666666667,11.8333333333333333
1978-01-01,11.3,210.3859666666666667,94552.666666666667,62.7666666666666667,141.9880666666666667,171.93900000000002,1064.0666666666666667,,,,3.633333333333333,,59894.666666666667,6.564,1354.0333333333333333,11.3333333333333333,5.0,,731.3333333333333333,12.6000000000000000,6.3333333333333333,10.7666666666666667
1978-04-01,10.4,220.2914333333333333,95835.333333333333,63.1333333333333333,149.0853000000000000,190.74200000000002,1114.8000000000000000,,,,3.2461538461538466,,59578.333333333333,6.78,1411.4000000000000000,10.3666666666666667,5.1,,670.6666666666666667,12.1666666666666667,6.0000000000000000,9.4000000000000000
1978-07-01,10.7,228.3630666666666667,96397.000000000000,63.2333333333333333,157.4514000000000000,197.65900000000002,1140.3666666666666667,,,,3.278571428571429,,59696.666666666667,6.847,1442.2333333333333333,10.6666666666666667,5.0,,631.3333333333333333,11.6000000000000000,6.0333333333333333,9.0666666666666667
1978-10-01,10.5,235.3235000000000000,97399.666666666667,63.4666666666666667,163.5114333333333333,209.891,1170.5000000000000000,,,,3.0538461538461537,,59540.333333333333,6.971,1481.3333333333333333,10.5333333333333333,5.0,,546.3333333333333333,11.1333333333333333,5.9000000000000000,8.5000000000000000
1979-01-01,11.1,243.8423000000000000,98252.333333333333,63.7333333333333333,166.6700666666666667,212.498,1191.2333333333333333,,,,3.107692307692308,335.0,59373.666666666667,7.0120000000000005,1517.1333333333333333,11.1333333333333333,5.1,,559.0000000000000000,11.3333333333333333,5.8666666666666667,9.4000000000000000
1979-04-01,10.4,258.6591000000000000,98371.000000000000,63.4333333333333333,174.4601666666666667,220.90099999999998,1220.7000000000000000,,,,2.876923076923077,335.0,60120.000000000000,6.997000000000001,1557.6333333333333333,10.4000000000000000,5.5,,530.0000000000000000,10.8333333333333333,5.7000000000000000,9.2333333333333333
1979-07-01,9.9,270.9614666666666667,99040.666666666667,63.6666666666666667,180.5777333333333333,225.792,1259.2333333333333333,,,,2.9,330.0,59990.333333333333,7.0489999999999995,1611.8666666666666667,9.9000000000000000,5.7,,512.0000000000000000,10.4666666666666667,5.8666666666666667,9.6666666666666667
1979-10-01,9.8,277.7048333333333333,99637.000000000000,63.7666666666666667,183.5204666666666667,222.428,1287.5666666666666667,,,,3.0769230769230766,326.0,60131.333333333333,7.147,1655.0666666666666667,9.8333333333333333,5.4,,541.6666666666666667,10.6333333333333333,5.9666666666666667,10.5666666666666667
1980-01-01,10.1,285.6358666666666667,99862.333333333333,63.9000000000000000,185.7307000000000000,223.24400000000003,1315.8333333333333333,,,,3.3538461538461535,321.0,60195.333333333333,7.188,1702.3000000000000000,10.0666666666666667,5.2,10.615739999999999,559.3333333333333333,10.6666666666666667,6.3000000000000000,11.9666666666666667
1980-04-01,11.3,288.5060000000000000,98953.333333333333,63.8000000000000000,181.9422666666666667,194.71400000000003,1311.0000000000000000,,,,4.069230769230769,315.0,60649.000000000000,7.249,1704.7000000000000000,11.3000000000000000,5.6,10.6369,727.6666666666666667,11.2000000000000000,7.3333333333333333,15.6666666666666667
1980-07-01,11.4,291.4333000000000000,98899.000000000000,63.7000000000000000,178.8287000000000000,202.262,1363.2000000000000000,,,,4.369230769230769,319.0,60990.000000000000,7.153,1763.8000000000000000,11.4333333333333333,5.7,10.406386,926.6666666666666667,12.3666666666666667,7.6666666666666667,18.9666666666666667
1980-10-01,11.4,306.4566333333333333,99498.666666666667,63.7000000000000000,178.6418666666666667,208.875,1422.4000000000000000,,,,3.8230769230769233,315.0,61252.000000000000,7.292999999999999,1831.8666666666666667,11.4333333333333333,5.0,10.252837,1113.3333333333333333,13.4666666666666667,7.4000000000000000,17.8333333333333333
1981-01-01,10.9,313.3208333333333333,100239.000000000000,63.9666666666666667,179.2435000000000000,213.17,1463.6333333333333333,,,,3.4153846153846157,314.0,61005.333333333333,7.528,1885.7000000000000000,10.8333333333333333,5.2,10.287516,1241.6666666666666667,14.1333333333333333,7.4333333333333333,16.4333333333333333
1981-04-01,10.9,323.5850000000000000,100800.666666666667,64.0666666666666667,180.4690000000000000,201.614,1485.3666666666666667,,,,3.3153846153846156,311.0,60989.666666666667,7.428,1917.5666666666666667,10.9000000000000000,5.0,10.416878,1134.6666666666666667,13.7333333333333333,7.4000000000000000,15.5000000000000000
1981-07-01,12.3,335.4985333333333333,100482.000000000000,63.7000000000000000,181.6364333333333333,206.868,1523.7000000000000000,,,,3.3846153846153846,309.0,61887.666666666667,7.6370000000000005,1958.0666666666666667,12.2333333333333333,5.0,10.306742999999999,1121.3333333333333333,13.9333333333333333,7.4000000000000000,14.9333333333333333
1981-10-01,12.9,345.6718000000000000,100076.666666666667,63.7666666666666667,182.0696666666666667,203.58700000000002,1533.3666666666666667,,,,3.8230769230769233,312.0,61933.000000000000,7.5920000000000005,1974.4333333333333333,12.9000000000000000,5.0,10.379325,1149.3333333333333333,13.2333333333333333,8.2333333333333333,16.6333333333333333
1982-01-01,12.3,359.8446000000000000,99708.666666666667,63.7666666666666667,182.8620666666666667,183.468,1567.6333333333333333,,,,4.092307692307692,312.0,62122.666666666667,7.401,2014.1333333333333333,12.3333333333333333,5.3,10.447258,1274.3333333333333333,13.8666666666666667,8.8333333333333333,19.1333333333333333
1982-04-01,12.5,375.8676666666666667,99745.000000000000,64.0000000000000000,184.6819000000000000,185.364,1595.7333333333333333,,,,4.538461538461538,314.0,61902.666666666667,7.452000000000001,2039.6333333333333333,12.5000000000000000,5.1,10.504029,1634.0000000000000000,15.0333333333333333,9.4333333333333333,23.9000000000000000
1982-07-01,12.3,386.9805000000000000,99543.333333333333,64.0666666666666667,185.8655333333333333,180.72799999999998,1636.4000000000000000,,,,4.8538461538461535,311.0,61996.000000000000,7.446000000000001,2085.6333333333333333,12.3000000000000000,5.3,10.409941,1900.0000000000000000,16.0666666666666667,9.9000000000000000,26.1000000000000000
1982-10-01,11.0,392.1362333333333333,99119.666666666667,64.1333333333333333,187.0389333333333333,174.574,1691.9666666666666667,,,,5.207692307692308,313.0,62087.000000000000,7.235,2145.5666666666666667,11.0333333333333333,5.5,10.380410000000001,2382.6666666666666667,17.4666666666666667,10.6666666666666667,31.8000000000000000
1983-01-01,11.0,393.4489333333333333,99143.000000000000,63.8000000000000000,188.4186666666666667,176.17,1735.2333333333333333,,,,4.415384615384616,315.0,62866.333333333333,7.176,2184.6000000000000000,10.9333333333333333,5.7,10.348922,2709.6666666666666667,19.3333333333333333,10.3666666666666667,30.2666666666666667
1983-04-01,9.8,392.5853333333333333,99945.000000000000,63.9333333333333333,192.2664333333333333,195.362,1788.3666666666666667,,,,4.184615384615385,314.0,62789.666666666667,7.171,2249.4333333333333333,9.7666666666666667,5.5,10.376333,2781.6666666666666667,20.2666666666666667,10.1333333333333333,32.1000000000000000
1983-07-01,9.5,400.6367000000000000,101610.666666666667,64.2333333333333333,199.7561000000000000,206.519,1847.8333333333333333,,,,3.607692307692308,315.0,62354.333333333333,7.229,2319.9000000000000000,9.4666666666666667,5.8,10.381299,2521.6666666666666667,20.4666666666666667,9.3666666666666667,23.3333333333333333
1983-10-01,10.0,409.7688000000000000,102588.000000000000,64.0666666666666667,209.7770000000000000,211.822,1897.4666666666666667,,,,3.278571428571429,312.0,62790.000000000000,7.309,2372.5000000000000000,10.0333333333333333,5.5,10.425533999999999,2168.3333333333333333,19.7000000000000000,8.5333333333333333,19.9333333333333333
1984-01-01,11.1,423.3775000000000000,103664.000000000000,64.0333333333333333,218.3678000000000000,220.108,1942.7666666666666667,,,,2.8846153846153846,313.0,63166.333333333333,7.402,2418.1666666666666667,11.0666666666666667,5.6,10.478991,1884.6666666666666667,19.5000000000000000,7.8666666666666667,17.2333333333333333
1984-04-01,11.3,445.0426666666666667,105040.000000000000,64.4666666666666667,229.3560666666666667,220.957,1989.6333333333333333,,,,2.7692307692307687,312.0,62604.000000000000,7.462000000000001,2475.8666666666666667,11.2333333333333333,5.5,10.607963,1677.0000000000000000,18.6000000000000000,7.4333333333333333,15.6666666666666667
1984-07-01,11.7,458.8360666666666667,105362.666666666667,64.4666666666666667,239.5278000000000000,212.293,2027.5666666666666667,,,,2.761538461538461,313.0,62758.333333333333,7.54,2513.5333333333333333,11.7333333333333333,6.0,10.719033,1518.6666666666666667,17.4333333333333333,7.4333333333333333,15.1333333333333333
1984-10-01,11.3,470.2229000000000000,105944.333333333333,64.5000000000000000,249.6665000000000000,213.695,2072.6666666666666667,,,,2.8923076923076922,316.0,62875.666666666667,7.5760000000000005,2561.7666666666666667,11.2666666666666667,6.3,10.878463,1414.0000000000000000,16.8333333333333333,7.3000000000000000,15.9000000000000000
1985-01-01,9.3,476.2623666666666667,106615.333333333333,64.7666666666666667,261.8378333333333333,204.768,2138.3000000000000000,,,,2.9,314.0,62546.000000000000,7.522,2636.0333333333333333,9.3666666666666667,6.3,11.220536,1336.0000000000000000,15.9666666666666667,7.2333333333333333,16.9000000000000000
1985-04-01,10.2,480.6747000000000000,106791.000000000000,64.7666666666666667,270.6568000000000000,205.85,2183.8333333333333333,,,,2.830769230769231,323.0,62769.666666666667,7.457000000000001,2681.7666666666666667,10.2000000000000000,6.2,11.310744,1298.0000000000000000,15.7333333333333333,7.3000000000000000,15.9333333333333333
1985-07-01,8.2,490.4352666666666667,107186.333333333333,64.7333333333333333,281.1479000000000000,209.89,2251.3666666666666667,,,,2.807692307692308,320.0,62908.000000000000,7.358,2754.1666666666666667,8.2000000000000000,6.8,11.595799000000001,1240.6666666666666667,15.3666666666666667,7.2000000000000000,15.0000000000000000
1985-10-01,8.9,496.4169333333333333,108023.333333333333,64.9666666666666667,289.2999333333333333,211.649,2267.8333333333333333,,,,2.861538461538461,320.0,62729.333333333333,7.247000000000001,2779.4000000000000000,8.9000000000000000,6.7,11.72557,1233.6666666666666667,15.3666666666666667,7.0333333333333333,15.6333333333333333
1986-01-01,9.3,502.2152333333333333,108734.666666666667,65.0000000000000000,294.9708666666666667,176.84,2315.6666666666666667,,,,2.784615384615385,321.0,62897.333333333333,7.193,2823.6333333333333333,9.2666666666666667,6.9,11.739687,1147.6666666666666667,14.8666666666666667,7.0333333333333333,15.6000000000000000
1986-04-01,9.5,508.9053000000000000,109205.666666666667,65.2333333333333333,300.1363666666666667,172.96900000000002,2360.2666666666666667,,,,2.8230769230769233,328.0,62678.000000000000,6.98,2851.4666666666666667,9.4666666666666667,7.3,11.812105,1207.3333333333333333,14.8666666666666667,7.1666666666666667,16.4000000000000000
1986-07-01,8.5,515.2493666666666667,109970.000000000000,65.3666666666666667,307.1667666666666667,171.49900000000002,2428.1666666666666667,,,,2.8230769230769233,328.0,62611.000000000000,6.787999999999999,2917.2000000000000000,8.5000000000000000,7.5,11.91714,1214.0000000000000000,15.3666666666666667,6.9666666666666667,16.9333333333333333
1986-10-01,8.1,526.8954000000000000,110492.000000000000,65.3666666666666667,313.1069000000000000,175.984,2461.0333333333333333,,,,2.784615384615385,331.0,62778.333333333333,6.575,2952.8000000000000000,8.0666666666666667,7.7,12.062025,1176.3333333333333333,15.0666666666666667,6.8333333333333333,16.8666666666666667
1987-01-01,8.9,548.0352000000000000,111206.000000000000,65.4666666666666667,315.5651000000000000,187.831,2483.8000000000000000,,,,2.5923076923076924,328.0,62922.333333333333,6.455,2983.5000000000000000,8.9000000000000000,7.4,11.931285,1124.6666666666666667,14.8333333333333333,6.6000000000000000,15.4333333333333333
1987-04-01,6.8,551.8458333333333333,112158.000000000000,65.5333333333333333,316.6945333333333333,215.335,2543.1000000000000000,,,,2.4538461538461536,328.0,62864.000000000000,6.457000000000001,3053.3333333333333333,6.8000000000000000,7.5,12.067256,1088.6666666666666667,14.8666666666666667,6.2666666666666667,15.1000000000000000
1987-07-01,7.5,556.2731000000000000,112866.666666666667,65.6000000000000000,319.3985666666666667,230.169,2603.7666666666666667,,,,2.2923076923076926,330.0,62939.000000000000,6.555,3117.3333333333333333,7.4333333333333333,8.1,11.939658999999999,1005.6666666666666667,14.2666666666666667,6.0000000000000000,14.4333333333333333
1987-10-01,8.5,563.5886666666666667,113526.666666666667,65.7000000000000000,325.4031333333333333,239.018,2635.8000000000000000,,,,2.1461538461538465,328.0,62874.333333333333,6.649,3150.9333333333333333,8.5000000000000000,7.8,11.806446000000001,927.3333333333333333,14.0666666666666667,5.8333333333333333,13.5000000000000000
1988-01-01,8.3,568.9100333333333333,114093.333333333333,65.8000000000000000,332.9974666666666667,249.639,2707.6000000000000000,,,,2.207692307692308,329.0,62954.666666666667,6.688,3231.8666666666666667,8.3000000000000000,8.0,11.752855,868.3333333333333333,14.1000000000000000,5.7000000000000000,13.9000000000000000
1988-04-01,8.6,583.3911000000000000,114623.000000000000,65.7666666666666667,341.3560000000000000,265.17900000000003,2759.7000000000000000,,,,2.1,325.0,63124.333333333333,6.7170000000000005,3291.7000000000000000,8.5333333333333333,7.7,11.736396000000001,820.3333333333333333,13.4000000000000000,5.4666666666666667,13.2000000000000000
1988-07-01,8.6,594.6343666666666667,115232.666666666667,65.9666666666666667,347.2028666666666667,264.66200000000003,2818.6000000000000000,,,,2.1,325.0,62923.666666666667,6.749,3361.9000000000000000,8.6333333333333333,7.8,11.691189999999999,801.3333333333333333,13.5333333333333333,5.4666666666666667,13.2666666666666667
1988-10-01,8.5,601.5900333333333333,115947.333333333333,66.1000000000000000,353.1923000000000000,276.88,2886.6333333333333333,,,,2.0142857142857142,324.0,62765.000000000000,6.879,3434.5333333333333333,8.4333333333333333,7.3,11.569183,736.6666666666666667,12.9666666666666667,5.3333333333333333,13.0333333333333333
1989-01-01,9.0,613.2888000000000000,116835.333333333333,66.3666666666666667,357.6634333333333333,275.1,2931.4333333333333333,,,,2.1083333333333334,323.0,62522.000000000000,7.028,3490.1666666666666667,9.0000000000000000,7.5,11.565868,679.0000000000000000,12.4333333333333333,5.2000000000000000,13.5333333333333333
1989-04-01,8.3,622.5333333333333333,117204.666666666667,66.4000000000000000,362.2660666666666667,268.64599999999996,2979.8000000000000000,,,,2.0846153846153848,322.0,62500.000000000000,7.234,3553.8000000000000000,8.2333333333333333,7.4,11.731492,654.6666666666666667,11.8666666666666667,5.2333333333333333,13.7333333333333333
1989-07-01,8.0,634.4692666666666667,117493.666666666667,66.4666666666666667,366.8978666666666667,257.909,3033.4000000000000000,,,,2.1642857142857146,322.0,62576.666666666667,7.307,3609.4000000000000000,7.9666666666666667,7.6,11.793877,593.3333333333333333,11.5666666666666667,5.2333333333333333,14.6333333333333333
1989-10-01,8.3,638.8875666666666667,117774.333333333333,66.5333333333333333,372.1818333333333333,258.272,3063.5666666666666667,,,,2.2,322.0,62569.333333333333,7.2829999999999995,3653.7000000000000000,8.3000000000000000,7.1,11.745678999999999,645.3333333333333333,11.7333333333333333,5.3666666666666667,15.7333333333333333
1990-01-01,8.3,636.8850666666666667,119114.333333333333,66.7333333333333333,375.9831333333333333,268.869,3145.0000000000000000,,,,2.284615384615385,319.0,62738.333333333333,7.356,3737.9333333333333333,8.3000000000000000,7.5,11.64915,635.6666666666666667,11.7000000000000000,5.3000000000000000,16.4333333333333333
1990-04-01,8.7,640.7041000000000000,118995.333333333333,66.5333333333333333,375.2095333333333333,282.342,3180.1000000000000000,,,,2.2923076923076926,319.0,63211.333333333333,7.391,3783.4333333333333333,8.7000000000000000,7.0,11.600660000000001,644.3333333333333333,11.7000000000000000,5.3333333333333333,17.1000000000000000
1990-07-01,8.3,639.9080333333333333,118712.000000000000,66.4666666666666667,373.1109666666666667,288.2,3224.3666666666666667,,,,2.4153846153846157,313.0,63481.333333333333,7.377000000000001,3846.7000000000000000,8.3000000000000000,7.2,11.583131,733.0000000000000000,12.1666666666666667,5.7000000000000000,18.2000000000000000
1990-10-01,8.2,639.4377666666666667,118361.000000000000,66.4000000000000000,375.2158333333333333,289.53,3229.9000000000000000,,,,2.7153846153846155,312.0,63797.333333333333,7.303,3867.9333333333333333,8.1666666666666667,7.2,11.604449,814.0000000000000000,12.3666666666666667,6.1333333333333333,21.0000000000000000
1991-01-01,8.7,635.8031333333333333,117782.333333333333,66.2333333333333333,371.6386333333333333,303.293,3246.6666666666666667,,,,3.1,316.0,64200.666666666667,7.247000000000001,3873.5666666666666667,8.7000000000000000,7.5,11.578032,907.6666666666666667,12.6000000000000000,6.6000000000000000,24.3000000000000000
1991-04-01,8.6,628.4467666666666667,117729.333333333333,66.2666666666666667,370.2659333333333333,309.454,3292.9333333333333333,,,,3.2692307692307687,312.0,64304.000000000000,7.212000000000001,3926.9333333333333333,8.6333333333333333,7.3,11.434237,1044.0000000000000000,13.3666666666666667,6.8333333333333333,27.4666666666666667
1991-07-01,8.6,620.7164666666666667,117660.000000000000,66.1000000000000000,365.3767333333333333,314.815,3342.3666666666666667,,,,3.107692307692308,312.0,64803.333333333333,7.166,3973.2666666666666667,8.5333333333333333,7.6,11.318681,1155.6666666666666667,13.9000000000000000,6.8666666666666667,25.9333333333333333
1991-10-01,9.4,619.2609000000000000,117678.666666666667,66.0666666666666667,362.4296000000000000,318.455,3375.7333333333333333,,,,3.123076923076923,313.0,64981.666666666667,7.058,4000.0333333333333333,9.3333333333333333,7.3,11.117333,1371.6666666666666667,14.8666666666666667,7.1000000000000000,29.3333333333333333
1992-01-01,9.6,610.2490000000000000,117958.333333333333,66.3000000000000000,361.4994666666666667,328.586,3475.6333333333333333,,,,3.1461538461538465,315.0,64717.333333333333,6.886,4100.4000000000000000,9.6333333333333333,7.4,10.855580999999999,1699.3333333333333333,16.6333333333333333,7.3666666666666667,39.7000000000000000
1992-04-01,9.9,602.5354666666666667,118406.666666666667,66.6000000000000000,357.8369666666666667,340.749,3523.3333333333333333,,,,3.1538461538461537,313.0,64367.000000000000,6.814,4155.6666666666666667,9.9666666666666667,7.7,10.680886,1961.3333333333333333,17.8000000000000000,7.6000000000000000,41.2000000000000000
1992-07-01,9.3,598.3129666666666667,118753.000000000000,66.6000000000000000,354.9556666666666667,323.237,3588.8666666666666667,,,,3.0923076923076924,314.0,64465.333333333333,6.735,4227.0000000000000000,9.3333333333333333,7.3,10.54005,2102.6666666666666667,18.0666666666666667,7.6333333333333333,39.6000000000000000
1992-10-01,8.9,596.7495333333333333,118833.666666666667,66.2666666666666667,353.0463333333333333,330.015,3659.0666666666666667,,,,2.8153846153846156,312.0,65275.333333333333,6.584,4307.2000000000000000,8.8666666666666667,7.1,10.455214999999999,2080.6666666666666667,18.6000000000000000,7.3666666666666667,37.9666666666666667
1993-01-01,8.8,593.4393000000000000,119297.333333333333,66.2000000000000000,358.4065000000000000,328.957,3700.9333333333333333,,,,2.5538461538461537,315.0,65620.666666666667,6.507999999999999,4349.5000000000000000,8.8000000000000000,7.8,10.419139,1893.0000000000000000,18.0333333333333333,7.1333333333333333,35.0666666666666667
1993-04-01,8.3,587.9324333333333333,119959.666666666667,66.3333333333333333,362.8386333333333333,343.279,3768.9666666666666667,,,,2.6615384615384614,317.0,65469.000000000000,6.406000000000001,4418.6000000000000000,8.2666666666666667,7.6,10.35443,1731.6666666666666667,17.6333333333333333,7.0666666666666667,35.5666666666666667
1993-07-01,7.4,587.0228000000000000,120625.666666666667,66.3333333333333333,371.5654000000000000,355.93300000000005,3829.2666666666666667,,,,2.6692307692307686,319.0,65640.000000000000,6.289,4487.1666666666666667,7.4000000000000000,7.0,10.405427,1765.3333333333333333,17.9333333333333333,6.8000000000000000,35.5666666666666667
1993-10-01,7.3,583.8766333333333333,121152.000000000000,66.3333333333333333,380.9370666666666667,375.42199999999997,3887.1666666666666667,,,,2.6615384615384614,319.0,65879.333333333333,6.25,4552.6666666666666667,7.2333333333333333,6.9,10.368518,1797.0000000000000000,18.3333333333333333,6.6333333333333333,33.2333333333333333
1994-01-01,6.8,590.1073666666666667,121994.000000000000,66.5666666666666667,390.9169666666666667,404.995,3951.2333333333333333,,,,2.5923076923076924,316.0,65530.333333333333,6.263999999999999,4621.2333333333333333,6.8000000000000000,7.5,10.388444999999999,1757.3333333333333333,18.8666666666666667,6.5666666666666667,27.9666666666666667
1994-04-01,7.0,604.7401000000000000,122596.000000000000,66.5000000000000000,403.3032666666666667,418.333,4007.5000000000000000,,,,2.569230769230769,317.0,65868.333333333333,6.3389999999999995,4683.1666666666666667,6.9666666666666667,7.4,10.452491,1674.0000000000000000,19.1000000000000000,6.2000000000000000,24.4666666666666667
1994-07-01,6.8,621.2000000000000000,123245.000000000000,66.5333333333333333,420.2758333333333333,439.704,4069.1666666666666667,,,,2.4846153846153847,314.0,65934.000000000000,6.369,4752.7333333333333333,6.7666666666666667,7.2,10.586958000000001,1558.0000000000000000,18.8333333333333333,6.0000000000000000,22.0666666666666667
1994-10-01,7.1,637.9340666666666667,124449.666666666667,66.7000000000000000,437.4397333333333333,453.102,4142.0000000000000000,,,,2.35,314.0,65738.666666666667,6.479,4826.7000000000000000,7.1000000000000000,7.4,10.69963,1476.0000000000000000,18.3666666666666667,5.6333333333333333,21.3000000000000000
1995-01-01,7.6,664.8300333333333333,124848.666666666667,66.7666666666666667,449.2668666666666667,467.603,4174.5666666666666667,,,,2.316666666666667,313.0,65794.666666666667,6.55,4862.4666666666666667,7.6000000000000000,7.4,10.888513,1301.3333333333333333,17.1333333333333333,5.4666666666666667,20.9000000000000000
1995-04-01,6.9,684.7694666666666667,124629.333333333333,66.6333333333333333,460.4733000000000000,491.19,4237.7333333333333333,,,,2.3384615384615386,314.0,66165.666666666667,6.614,4933.6000000000000000,6.9000000000000000,7.7,11.080721,1321.3333333333333333,16.8333333333333333,5.6666666666666667,21.5666666666666667
1995-07-01,6.8,702.4834333333333333,124933.666666666667,66.6000000000000000,472.4449666666666667,498.73900000000003,4299.5333333333333333,,,,2.378571428571429,317.0,66377.000000000000,6.7139999999999995,4998.6666666666666667,6.8666666666666667,7.7,11.185719,1248.6666666666666667,16.3000000000000000,5.6666666666666667,21.9666666666666667
1995-10-01,6.6,711.3439333333333333,125221.333333333333,66.5000000000000000,478.6995666666666667,505.67699999999996,4356.8333333333333333,,,,2.3923076923076922,313.0,66738.000000000000,6.86,5055.6666666666666667,6.6000000000000000,7.7,11.223493,1229.3333333333333333,16.2333333333333333,5.5666666666666667,22.4666666666666667
1996-01-01,6.7,724.4413666666666667,125542.000000000000,66.5333333333333333,485.6268000000000000,524.9580000000001,4411.0000000000000000,,,,2.3923076923076922,312.0,66859.666666666667,7.016,5130.6000000000000000,6.6666666666666667,7.9,11.242343,1246.6666666666666667,16.6000000000000000,5.5333333333333333,23.0000000000000000
1996-04-01,6.5,736.6436000000000000,126280.000000000000,66.7000000000000000,490.7280000000000000,526.924,4486.5000000000000000,,,,2.3,312.0,66688.333333333333,7.18,5220.5333333333333333,6.5000000000000000,7.8,11.269972000000001,1358.6666666666666667,17.4000000000000000,5.5000000000000000,22.7333333333333333
1996-07-01,6.6,750.4814000000000000,127218.333333333333,66.8333333333333333,495.9850333333333333,522.644,4545.7666666666666667,,,,2.2,314.0,66565.333333333333,7.369,5274.5000000000000000,6.6666666666666667,8.0,11.315366000000001,1271.6666666666666667,16.9333333333333333,5.2666666666666667,21.6333333333333333
1996-10-01,6.4,772.2282000000000000,127840.333333333333,67.0000000000000000,506.7908000000000000,534.89,4608.8666666666666667,,,,2.1615384615384614,313.0,66443.666666666667,7.622999999999999,5352.7666666666666667,6.4000000000000000,7.7,11.371211,1161.3333333333333333,15.9333333333333333,5.3333333333333333,21.7000000000000000
1997-01-01,6.3,789.0609000000000000,128495.666666666667,67.0000000000000000,508.6406333333333333,546.764,4682.4000000000000000,,,,2.1,313.0,66813.000000000000,7.761,5433.1000000000000000,6.2666666666666667,7.5,11.328849,1119.0000000000000000,15.7666666666666667,5.2333333333333333,20.9666666666666667
1997-04-01,6.6,808.8658666666666667,129339.666666666667,67.1000000000000000,508.7196666666666667,565.264,4730.1000000000000000,,,,2.0,314.0,66720.000000000000,8.002,5471.2333333333333333,6.6333333333333333,7.9,11.328918,1077.3333333333333333,15.5000000000000000,5.0000000000000000,20.3666666666666667
1997-07-01,6.1,823.0071333333333333,129950.333333333333,67.1666666666666667,510.7679666666666667,587.262,4831.9666666666666667,,,,1.9538461538461536,314.0,66776.666666666667,8.102,5579.1666666666666667,6.1000000000000000,7.9,11.33802,1075.6666666666666667,16.1000000000000000,4.8666666666666667,19.6666666666666667
1997-10-01,6.3,839.6489000000000000,130503.666666666667,67.1666666666666667,501.3134333333333333,589.2080000000001,4906.7000000000000000,,,,1.907692307692308,314.0,67019.000000000000,8.195,5663.6333333333333333,6.3333333333333333,7.7,11.288261,985.3333333333333333,15.8000000000000000,4.6666666666666667,19.4333333333333333
1998-01-01,7.4,861.3511000000000000,130782.333333333333,67.1000000000000000,494.2906000000000000,514.609,4982.8333333333333333,,,,1.907692307692308,319.0,67247.333333333333,8.238,5721.3333333333333333,7.4333333333333333,7.7,11.144147,956.6666666666666667,15.1666666666666667,4.6333333333333333,19.4000000000000000
1998-04-01,7.0,877.1616666666666667,131259.333333333333,67.0000000000000000,496.2640333333333333,512.2330000000001,5087.1666666666666667,,,,1.8307692307692307,319.0,67579.333333333333,8.326,5832.5666666666666667,6.9666666666666667,8.0,11.166536,837.0000000000000000,14.5000000000000000,4.4000000000000000,19.3000000000000000
1998-07-01,6.7,904.6861666666666667,131568.333333333333,67.0666666666666667,490.2946333333333333,507.76099999999997,5176.2333333333333333,,,,1.8692307692307688,321.0,67668.333333333333,8.469,5926.8666666666666667,6.7000000000000000,8.2,11.152642,851.6666666666666667,14.0666666666666667,4.5333333333333333,20.2666666666666667
1998-10-01,6.1,937.6051000000000000,132293.666666666667,67.1666666666666667,495.5055666666666667,490.48699999999997,5283.2666666666666667,,,,1.8230769230769233,328.0,67666.000000000000,8.511000000000001,6028.2333333333333333,6.1000000000000000,7.8,11.216343,845.3333333333333333,14.2000000000000000,4.4333333333333333,19.8000000000000000
1999-01-01,6.1,939.3876666666666667,132943.333333333333,67.1333333333333333,495.7445666666666667,523.039,5348.9000000000000000,,,,1.8769230769230767,324.0,67975.666666666667,8.584,6102.5333333333333333,6.1333333333333333,8.2,11.281642999999999,743.0000000000000000,13.5333333333333333,4.3000000000000000,20.8000000000000000
1999-04-01,5.0,946.4636666666666667,133214.666666666667,67.1000000000000000,495.6728333333333333,537.8530000000001,5444.5000000000000000,,,,1.807692307692308,329.0,68300.333333333333,8.645,6225.3000000000000000,4.9333333333333333,8.1,11.433964,742.6666666666666667,13.6666666666666667,4.2666666666666667,20.8666666666666667
1999-07-01,4.5,967.6087666666666667,133570.666666666667,67.0333333333333333,493.6976333333333333,536.775,5527.3000000000000000,,,,1.8,330.0,68547.000000000000,8.816,6328.9333333333333333,4.5666666666666667,8.2,11.558227,715.6666666666666667,13.2666666666666667,4.2333333333333333,20.3333333333333333
1999-10-01,4.5,993.2100333333333333,134275.000000000000,67.0666666666666667,497.8166666666666667,556.245,5644.0666666666666667,0.6,,,1.7,335.0,68669.333333333333,8.902000000000001,6459.5666666666666667,4.5333333333333333,7.9,11.54535,695.3333333333333333,13.0333333333333333,4.0666666666666667,20.0000000000000000
2000-01-01,4.9,1015.4895666666666667,136619.333333333333,67.3000000000000000,511.8935333333333333,527.5740000000001,5788.2333333333333333,0.8,,,1.7,334.0,69200.000000000000,8.988999999999999,6613.6000000000000000,4.9000000000000000,7.9,11.503207000000002,665.3333333333333333,12.8000000000000000,4.0333333333333333,20.5666666666666667
2000-04-01,4.9,1050.0151666666666667,136946.666666666667,67.1666666666666667,524.6080000000000000,519.811,5852.1000000000000000,0.9,,,1.6,334.0,69665.333333333333,9.251,6707.5333333333333333,4.9333333333333333,8.0,11.659949000000001,623.0000000000000000,12.4333333333333333,3.9333333333333333,19.9666666666666667
2000-07-01,5.0,1071.0789333333333333,136695.333333333333,66.9000000000000000,537.9583000000000000,513.298,5941.7333333333333333,1.0,,,1.6928571428571428,335.0,70481.333333333333,9.372,6815.3666666666666667,4.9666666666666667,8.2,11.836638,684.3333333333333333,12.8333333333333333,4.0000000000000000,20.5666666666666667
2000-10-01,4.4,1081.2423666666666667,137341.333333333333,66.9000000000000000,549.3461000000000000,491.81,6015.6000000000000000,1.0,,,1.7692307692307692,334.0,70616.333333333333,9.549,6912.1000000000000000,4.4333333333333333,7.8,12.063363,620.6666666666666667,12.5333333333333333,3.9000000000000000,21.8333333333333333
2001-01-01,5.0,1093.4606333333333333,137724.333333333333,67.1666666666666667,557.8071000000000000,528.836,6083.6666666666666667,1.1,,,1.9769230769230768,333.0,70292.666666666667,9.501,6986.9000000000000000,5.0000000000000000,8.2,12.161004,695.3333333333333333,12.7666666666666667,4.2333333333333333,25.4666666666666667
2001-04-01,4.6,1081.8003333333333333,137088.000000000000,66.7666666666666667,564.0291333333333333,551.684,6132.3666666666666667,1.1,,,2.207692307692308,336.0,71320.666666666667,9.458,7036.3333333333333333,4.6000000000000000,8.3,12.383891,682.0000000000000000,12.4000000000000000,4.4000000000000000,28.4000000000000000
2001-07-01,6.5,1059.7026333333333333,136719.333333333333,66.7000000000000000,566.0869666666666667,505.61,6171.1333333333333333,1.1,,,2.4538461538461536,338.0,71779.333333333333,9.096,7064.6333333333333333,6.4666666666666667,8.4,12.323497,792.6666666666666667,13.1333333333333333,4.8333333333333333,33.1333333333333333
2001-10-01,4.0,1033.4735666666666667,136225.666666666667,66.7000000000000000,570.8657000000000000,489.45300000000003,6309.0333333333333333,1.2,,,2.784615384615385,340.0,71901.000000000000,9.086,7174.6666666666666667,4.0000000000000000,8.8,12.622888,1047.0000000000000000,14.0333333333333333,5.5000000000000000,40.6666666666666667
2002-01-01,5.9,1013.5917666666666667,136105.333333333333,66.6333333333333333,575.0519000000000000,538.0880000000001,6355.1333333333333333,1.3,,,2.784615384615385,341.0,72325.333333333333,9.055,7209.9333333333333333,5.9333333333333333,9.1,12.416731,1249.0000000000000000,15.0333333333333333,5.7000000000000000,42.8333333333333333
2002-04-01,6.2,991.7814333333333333,136360.000000000000,66.6666666666666667,580.1483333333333333,596.1519999999999,6415.6000000000000000,1.4,,,2.869230769230769,339.0,72380.333333333333,9.155,7302.1000000000000000,6.2333333333333333,8.4,12.336400999999999,1557.3333333333333333,16.6666666666666667,5.8333333333333333,60.5000000000000000
2002-07-01,5.5,971.8192333333333333,136806.666666666667,66.6000000000000000,589.3064000000000000,652.139,6494.3666666666666667,1.5,,,2.761538461538461,337.0,72745.666666666667,9.205,7390.9666666666666667,5.5333333333333333,9.0,12.377288,1579.0000000000000000,17.0000000000000000,5.7333333333333333,56.9333333333333333
2002-10-01,5.6,960.4060666666666667,136651.666666666667,66.4333333333333333,607.5710666666666667,725.113,6551.2333333333333333,1.5,,,2.7538461538461534,336.0,73403.000000000000,9.14,7467.7333333333333333,5.6333333333333333,9.3,12.346964,1773.3333333333333333,17.9666666666666667,5.8666666666666667,53.7000000000000000
2003-01-01,5.4,943.1705666666666667,137444.333333333333,66.3666666666666667,607.3322333333333333,721.5239999999999,6602.4666666666666667,1.6,,,2.7384615384615385,335.0,74090.000000000000,9.056000000000001,7555.8000000000000000,5.4666666666666667,9.4,12.345912,1807.3333333333333333,18.3666666666666667,5.8666666666666667,51.7666666666666667
2003-04-01,5.5,925.5185000000000000,137655.666666666667,66.4333333333333333,609.6271000000000000,723.377,6707.8000000000000000,1.7,,,2.9,338.0,74097.333333333333,8.932,7642.5666666666666667,5.5333333333333333,9.6,12.28618,1985.3333333333333333,19.4333333333333333,6.1333333333333333,55.2333333333333333
2003-07-01,5.8,910.3685000000000000,137544.000000000000,66.1333333333333333,618.3501333333333333,763.915,6840.0000000000000000,1.8,,,2.8230769230769233,337.0,75026.000000000000,8.941,7802.5666666666666667,5.7666666666666667,9.9,12.137832000000001,1993.6666666666666667,19.4666666666666667,6.1333333333333333,54.2333333333333333
2003-10-01,5.3,884.1278333333333333,138273.000000000000,66.0333333333333333,642.8634666666666667,816.612,6916.6666666666666667,1.9,,,2.6538461538461537,337.0,75461.333333333333,9.046,7891.5000000000000000,5.3666666666666667,10.2,12.213932000000002,1965.3333333333333333,19.6666666666666667,5.8333333333333333,51.4666666666666667
2004-01-01,5.0,873.4488666666666667,138489.000000000000,66.0333333333333333,670.9439666666666667,928.2289999999999,7023.7000000000000000,2.0,,,2.4538461538461536,337.0,75524.333333333333,9.039,8027.7333333333333333,4.9666666666666667,10.4,12.209204,1916.6666666666666667,19.9333333333333333,5.7000000000000000,42.2333333333333333
2004-04-01,5.4,865.5015333333333333,138902.000000000000,66.0000000000000000,676.4000666666666667,967.703,7113.9000000000000000,2.0,,,2.369230769230769,341.0,75848.333333333333,9.062000000000001,8133.0000000000000000,5.4333333333333333,10.2,12.131074,1817.0000000000000000,19.9666666666666667,5.6000000000000000,35.8666666666666667
2004-07-01,5.0,882.6664000000000000,139538.666666666667,65.9666666666666667,683.3759333333333333,1010.194,7230.4666666666666667,2.1,,,2.3,335.0,76123.000000000000,9.096,8264.3666666666666667,4.9666666666666667,10.1,12.243886999999999,1674.3333333333333333,19.0000000000000000,5.4333333333333333,34.7000000000000000
2004-10-01,5.1,897.7969666666666667,140029.333333333333,65.9333333333333333,685.5139000000000000,1010.6469999999999,7348.8666666666666667,2.2,,,2.1692307692307686,337.0,76413.000000000000,9.135,8425.5666666666666667,5.1000000000000000,10.0,12.236402,1697.3333333333333333,19.5333333333333333,5.4333333333333333,32.9000000000000000
2005-01-01,3.4,933.0449666666666667,140428.000000000000,65.8666666666666667,692.5379666666666667,1228.657,7437.9000000000000000,2.3,22835860.0,88.405,2.1153846153846154,336.0,76777.000000000000,9.317,8522.9666666666666667,3.4000000000000000,10.1,12.558089,1645.3333333333333333,19.3666666666666667,5.3000000000000000,32.0666666666666667
2005-04-01,3.1,967.4273333333333333,141525.666666666667,66.1000000000000000,692.7200000000000000,1252.5839999999998,7565.4000000000000000,2.4,23225964.0,89.961,2.023076923076923,334.0,76532.000000000000,9.436,8671.4333333333333333,3.1000000000000000,9.8,12.559301,1507.3333333333333333,18.7000000000000000,5.1000000000000000,30.9000000000000000
2005-07-01,2.5,995.4965333333333333,142287.000000000000,66.1333333333333333,704.8382000000000000,1296.981,7670.9333333333333333,2.5,23733860.0,91.029,2.0461538461538464,331.0,76700.666666666667,9.558,8849.2333333333333333,2.4666666666666667,9.9,12.620301,1408.6666666666666667,17.9666666666666667,4.9666666666666667,31.5333333333333333
2005-10-01,3.4,1024.4319000000000000,142599.666666666667,66.0333333333333333,703.4993000000000000,1363.54,7746.7666666666666667,2.6,24256101.0,91.939,2.1142857142857143,332.0,77163.333333333333,9.692,8944.9000000000000000,3.3666666666666667,9.6,12.590688,1382.6666666666666667,17.6333333333333333,4.9666666666666667,32.5666666666666667
2006-01-01,4.2,1058.6644666666666667,143449.333333333333,66.1000000000000000,702.9842333333333333,1387.911,7901.2000000000000000,2.7,24604792.0,92.73,1.95,332.0,77207.333333333333,9.855,9090.6666666666666667,4.2000000000000000,9.5,12.608005,1276.3333333333333333,17.2666666666666667,4.7333333333333333,30.3000000000000000
2006-04-01,3.9,1102.3204000000000000,144067.666666666667,66.1333333333333333,716.8080000000000000,1425.152,7985.3333333333333333,2.8,24842698.0,94.242,1.8692307692307688,329.0,77331.333333333333,9.954,9210.2333333333333333,3.8333333333333333,9.6,12.682648,1269.6666666666666667,16.8000000000000000,4.6333333333333333,29.5000000000000000
2006-07-01,3.5,1144.7150333333333333,144547.333333333333,66.1333333333333333,715.7957666666666667,1444.7910000000002,8073.3333333333333333,3.0,25058383.0,95.82600000000001,1.8928571428571428,334.0,77581.000000000000,10.124,9333.0333333333333333,3.4666666666666667,9.9,12.787286,1285.0000000000000000,17.1000000000000000,4.6333333333333333,30.5666666666666667
2006-10-01,3.7,1171.3157333333333333,145606.000000000000,66.3000000000000000,730.0574666666666667,1398.2020000000002,8199.0666666666666667,3.1,25219544.0,96.6,1.8923076923076925,337.0,77503.000000000000,10.252,9407.4666666666666667,3.7000000000000000,9.8,12.869185,1100.6666666666666667,16.2000000000000000,4.4333333333333333,31.1000000000000000
2007-01-01,4.0,1204.4373666666666667,146135.000000000000,66.3000000000000000,736.1661666666666667,1325.943,8301.8333333333333333,3.2,25630832.0,96.664,1.9230769230769231,336.0,77779.666666666667,10.392999999999999,9549.4000000000000000,3.9666666666666667,10.1,12.880983,1211.6666666666666667,16.9333333333333333,4.5000000000000000,32.2666666666666667
2007-04-01,3.9,1244.9319000000000000,145850.666666666667,65.9666666666666667,743.0322000000000000,1400.8039999999999,8358.7000000000000000,3.4,26121304.0,97.605,1.8846153846153848,335.0,78766.333333333333,10.455,9644.7666666666666667,3.9000000000000000,9.5,12.956324,1160.3333333333333333,16.6666666666666667,4.5000000000000000,31.8333333333333333
2007-07-01,3.5,1313.1434000000000000,145943.666666666667,65.9333333333333333,766.5914333333333333,1345.84,8451.5666666666666667,3.5,26368941.0,98.29899999999999,1.9,336.0,79137.333333333333,10.574000000000002,9753.8000000000000000,3.4666666666666667,9.8,13.076464,1267.0000000000000000,16.8333333333333333,4.6666666666666667,32.8333333333333333
2007-10-01,3.3,1395.4288000000000000,146271.333333333333,65.9333333333333333,785.4358666666666667,1368.0629999999999,8541.4000000000000000,3.5,26832921.0,98.777,2.007692307692308,332.0,79291.666666666667,10.677999999999999,9877.7333333333333333,3.3000000000000000,9.6,13.215152999999999,1332.0000000000000000,16.9666666666666667,4.8000000000000000,34.0333333333333333
2008-01-01,3.9,1453.6284666666666667,146206.666666666667,66.1000000000000000,798.2607000000000000,1260.771,8565.7333333333333333,3.6,27006436.0,99.821,2.1461538461538465,335.0,78932.333333333333,10.599,9934.2666666666666667,3.9333333333333333,10.1,13.13538,1346.6666666666666667,16.9666666666666667,5.0000000000000000,36.3000000000000000
2008-04-01,5.6,1493.1590333333333333,145925.666666666667,66.0333333333333333,808.1188333333333333,1285.329,8635.4666666666666667,3.6,27560979.0,98.33,2.2538461538461534,335.0,79281.666666666667,10.602,10052.8333333333333333,5.5666666666666667,10.0,12.791798,1503.0000000000000000,16.8666666666666667,5.3333333333333333,38.2333333333333333
2008-07-01,4.3,1518.9157666666666667,145270.333333333333,66.0666666666666667,829.5967333333333333,1226.0430000000001,8635.9333333333333333,3.6,27436449.0,99.10700000000001,2.507692307692308,331.0,79550.333333333333,10.373,10080.9666666666666667,4.3000000000000000,9.9,12.874559,1852.3333333333333333,17.7666666666666667,6.0000000000000000,58.2000000000000000
2008-10-01,6.1,1573.6591666666666667,144090.333333333333,65.9000000000000000,868.7481666666666667,721.414,8533.1333333333333333,3.6,25952972.0,98.89299999999999,3.0769230769230766,340.0,80101.666666666667,9.516,9837.2666666666666667,6.1333333333333333,10.1,12.82451,2369.6666666666666667,19.5666666666666667,6.8666666666666667,71.8666666666666667
2009-01-01,5.9,1529.6122000000000000,141499.666666666667,65.7000000000000000,885.6915000000000000,1082.708,8514.0666666666666667,3.8,24814442.0,99.318,3.9461538461538463,345.0,80618.666666666667,9.132,9756.1000000000000000,5.8666666666666667,10.1,12.755467,2986.0000000000000000,20.3000000000000000,8.2666666666666667,101.5666666666666667
2009-04-01,7.2,1465.7652666666666667,140304.333333333333,65.7000000000000000,860.8254333333333333,1161.627,8512.4000000000000000,4.0,24659800.0,99.46,4.823076923076923,345.0,80801.666666666667,8.809,9760.2000000000000000,7.2333333333333333,10.6,12.369977,4024.6666666666666667,22.6666666666666667,9.3000000000000000,130.3333333333333333
2009-07-01,5.6,1365.5254666666666667,139403.666666666667,65.3333333333333333,849.2720333333333333,1346.957,8607.6333333333333333,4.1,24900137.0,99.027,4.553846153846154,345.0,81880.666666666667,8.674,9895.3666666666666667,5.6000000000000000,11.1,12.235314,5149.3333333333333333,25.6666666666666667,9.6333333333333333,144.4000000000000000
2009-10-01,5.7,1287.7566666666666667,138368.000000000000,64.8666666666666667,840.0309333333333333,1462.942,8634.1333333333333333,4.1,25303526.0,97.59200000000001,4.153846153846153,344.0,83148.000000000000,8.684,9957.1000000000000000,5.7333333333333333,10.7,11.96205,5891.0000000000000000,28.7000000000000000,9.9333333333333333,148.5666666666666667
2010-01-01,5.9,1224.1264333333333333,138590.000000000000,64.8666666666666667,839.3520000000000000,1530.604,8706.6666666666666667,4.2,25791798.0,96.25,3.684615384615385,344.0,83286.333333333333,8.683,10040.5000000000000000,5.8666666666666667,10.6,11.681742999999999,6331.0000000000000000,30.5666666666666667,9.8333333333333333,159.3333333333333333
2010-04-01,6.7,1198.1096666666666667,139226.333333333333,64.9000000000000000,1149.0811333333333333,1517.068,8808.8666666666666667,4.4,26242361.0,94.51799999999999,3.6461538461538465,342.0,83397.000000000000,8.711,10131.7666666666666667,6.7666666666666667,10.6,11.349494,6687.0000000000000000,33.9333333333333333,9.6333333333333333,141.2000000000000000
2010-07-01,6.8,1187.5806333333333333,139337.666666666667,64.6333333333333333,1130.4361666666666667,1600.154,8882.2333333333333333,4.6,26608845.0,93.148,3.5384615384615383,342.0,84186.666666666667,8.635,10220.6333333333333333,6.8000000000000000,10.3,11.141269,6309.3333333333333333,33.6666666666666667,9.4666666666666667,131.0333333333333333
2010-10-01,6.8,1188.1561333333333333,139154.666666666667,64.4333333333333333,1110.6558333333333333,1599.1589999999999,8965.6000000000000000,4.6,27046447.0,92.26700000000001,3.361538461538461,341.0,84908.333333333333,8.396,10350.5000000000000000,6.7666666666666667,9.4,10.976751,6327.3333333333333333,34.2000000000000000,9.5000000000000000,123.8666666666666667
2011-01-01,7.4,1200.9010000000000000,139427.666666666667,64.1666666666666667,1072.8106333333333333,1464.223,9067.6666666666666667,4.7,27510762.0,91.86,3.0615384615384613,338.0,85567.000000000000,8.17,10485.3666666666666667,7.3333333333333333,9.7,10.777215,6057.3333333333333333,37.9000000000000000,9.0333333333333333,116.6666666666666667
2011-04-01,7.0,1225.7866000000000000,139531.333333333333,64.1000000000000000,1077.5663333333333333,1529.0839999999998,9154.0000000000000000,4.8,27953951.0,90.331,3.007692307692308,336.0,85860.333333333333,8.013,10612.1333333333333333,7.0000000000000000,9.2,10.692857,6116.3333333333333333,39.4000000000000000,9.0666666666666667,109.2666666666666667
2011-07-01,7.1,1259.1066000000000000,139883.000000000000,64.1000000000000000,1080.6181666666666667,1539.465,9234.8333333333333333,4.9,28178343.0,89.475,2.976923076923077,336.0,86144.666666666667,7.506,10705.4000000000000000,7.0666666666666667,9.8,10.581254,6182.3333333333333333,40.5333333333333333,9.0000000000000000,102.9333333333333333
2011-10-01,7.2,1292.2709666666666667,140698.666666666667,64.0666666666666667,1084.5291000000000000,1617.095,9299.1333333333333333,5.1,28354924.0,88.331,2.8714285714285714,335.0,86403.000000000000,7.317,10761.6000000000000000,7.1666666666666667,9.4,10.452772,5707.3333333333333333,39.7666666666666667,8.6333333333333333,99.7666666666666667
2012-01-01,8.2,1338.9533000000000000,141826.000000000000,63.7666666666666667,1088.0401333333333333,1880.0220000000002,9462.4333333333333333,5.2,28944267.0,86.821,2.6769230769230767,335.0,87836.000000000000,7.2379999999999995,10922.4666666666666667,8.1666666666666667,8.8,10.201967,5318.0000000000000000,39.7333333333333333,8.2666666666666667,94.6333333333333333
2012-04-01,8.9,1381.7977000000000000,142165.333333333333,63.7333333333333333,1098.3205000000000000,1801.743,9492.0666666666666667,5.3,28979426.0,85.83,2.6,337.0,88137.333333333333,7.141,10964.8666666666666667,8.8666666666666667,8.6,10.074306,5314.0000000000000000,39.7000000000000000,8.2000000000000000,86.2333333333333333
2012-07-01,8.1,1424.6288333333333333,142542.333333333333,63.6000000000000000,1100.9055666666666667,1818.3310000000001,9532.8666666666666667,5.4,29173247.0,85.486,2.6,333.0,88607.000000000000,6.921,11014.2666666666666667,8.1000000000000000,8.6,10.135072000000001,5054.3333333333333333,39.5666666666666667,8.0333333333333333,78.4666666666666667
2012-10-01,10.2,1460.3153333333333333,143364.666666666667,63.7000000000000000,1104.0479666666666667,1785.961,9636.9000000000000000,5.6,29650449.0,84.94200000000001,2.5384615384615383,333.0,88662.333333333333,6.712999999999999,11125.7000000000000000,10.1666666666666667,8.7,9.814903,4853.6666666666666667,38.7333333333333333,7.8000000000000000,75.1333333333333333
2013-01-01,6.0,1492.1625666666666667,143323.333333333333,63.4666666666666667,1108.4196666666666667,1766.372,9711.1000000000000000,5.6,29843786.0,83.598,2.3923076923076922,331.0,89468.666666666667,6.692,11223.1666666666666667,6.0000000000000000,8.6,10.172811,4645.0000000000000000,36.3333333333333333,7.7333333333333333,69.0000000000000000
2013-04-01,6.6,1513.1568333333333333,143838.666666666667,63.4000000000000000,1120.8379666666666667,1757.557,9753.2000000000000000,5.8,30134194.0,83.307,2.3230769230769233,335.0,89803.333333333333,6.587000000000001,11239.6000000000000000,6.6333333333333333,8.2,10.094628,4390.0000000000000000,36.5666666666666667,7.5333333333333333,64.7666666666666667
2013-07-01,6.7,1535.0032000000000000,144336.000000000000,63.2666666666666667,1127.2508000000000000,1792.757,9836.5000000000000000,5.9,30400374.0,82.70299999999999,2.284615384615385,334.0,90330.666666666667,6.584,11330.9333333333333333,6.7000000000000000,8.3,10.052585,4228.6666666666666667,37.4333333333333333,7.2333333333333333,59.1000000000000000
2013-10-01,6.3,1560.6446000000000000,144264.666666666667,62.9000000000000000,1131.4494000000000000,1838.838,9959.7333333333333333,6.1,30787035.0,82.631,2.2,334.0,91524.333333333333,6.476,11475.1000000000000000,6.2333333333333333,8.2,10.052503999999999,3976.3333333333333333,36.0666666666666667,6.9333333333333333,57.1666666666666667
2014-01-01,7.1,1613.6728333333333333,145310.666666666667,62.9666666666666667,1135.4571333333333333,1767.596,10026.2000000000000000,6.3,31167559.0,82.42,2.1692307692307686,335.0,91465.333333333333,6.273,11574.2333333333333333,7.1333333333333333,8.3,9.953303,3698.0000000000000000,35.6333333333333333,6.6666666666666667,39.0000000000000000
2014-04-01,7.4,1663.8668666666666667,145913.000000000000,62.8333333333333333,1154.1145666666666667,1865.14,10216.6333333333333333,6.4,31662760.0,81.434,2.0307692307692307,330.0,92038.333333333333,6.225,11756.9000000000000000,7.3666666666666667,7.5,9.88822,3318.3333333333333333,34.4000000000000000,6.2000000000000000,35.8000000000000000
2014-07-01,7.4,1710.7393666666666667,146569.000000000000,62.8666666666666667,1170.4970000000000000,1917.769,10384.8333333333333333,6.6,31999041.0,80.117,1.8923076923076925,336.0,92173.666666666667,6.251,11915.3333333333333333,7.4333333333333333,7.4,9.843456,3014.0000000000000000,32.2000000000000000,6.0666666666666667,34.0333333333333333
2014-10-01,7.5,1751.5137333333333333,147482.000000000000,62.8666666666666667,1182.3625000000000000,1879.109,10533.8666666666666667,6.8,32130830.0,79.929,1.807692307692308,336.0,92428.333333333333,6.159,12044.5333333333333333,7.4666666666666667,7.0,9.822314,2839.6666666666666667,32.5666666666666667,5.7000000000000000,33.0000000000000000
2015-01-01,8.0,1811.5077333333333333,148106.000000000000,62.7333333333333333,1190.4321666666666667,1770.989,10635.0000000000000000,7.0,31917770.0,78.972,1.7692307692307692,341.0,93129.000000000000,6.0329999999999995,12099.0666666666666667,8.0000000000000000,7.1,9.817255000000001,2658.0000000000000000,31.2333333333333333,5.5333333333333333,32.9000000000000000
2015-04-01,7.5,1863.9293666666666667,148714.666666666667,62.8000000000000000,1208.1302666666666667,1789.3210000000001,10790.3000000000000000,7.2,32266158.0,78.76899999999999,1.7,339.0,93203.333333333333,6.071000000000001,12255.5333333333333333,7.5000000000000000,6.8,9.844729,2408.3333333333333333,30.0000000000000000,5.4333333333333333,32.4000000000000000
2015-07-01,7.3,1902.5508000000000000,148945.666666666667,62.5333333333333333,1228.6955000000000000,1732.3470000000002,10919.4666666666666667,7.4,32406564.0,78.579,1.7,340.0,94132.000000000000,6.042000000000001,12389.3000000000000000,7.3333333333333333,7.3,9.890531,2132.0000000000000000,27.4000000000000000,5.1000000000000000,32.5000000000000000
2015-10-01,7.4,1942.5228666666666667,149612.333333333333,62.5666666666666667,1251.8332666666666667,1635.297,11020.9333333333333333,7.6,32298706.0,78.58800000000001,1.6153846153846154,345.0,94186.333333333333,5.997000000000001,12446.0000000000000000,7.3333333333333333,7.0,9.837038,2110.3333333333333333,27.7666666666666667,5.0333333333333333,32.4000000000000000
2016-01-01,7.4,1990.4036666666666667,150936.666666666667,62.8333333333333333,1275.4694333333333333,1693.864,11151.5666666666666667,7.9,32303760.0,78.14699999999999,1.6,346.0,93881.000000000000,5.901,12551.6666666666666667,7.4333333333333333,7.0,9.797414999999999,2154.0000000000000000,28.9333333333333333,4.9000000000000000,32.5333333333333333
2016-04-01,6.8,2044.4344000000000000,151143.000000000000,62.7666666666666667,1300.8776333333333333,1752.4029999999998,11269.1000000000000000,8.1,32696435.0,78.104,1.6,345.0,94216.000000000000,5.782,12707.5000000000000000,6.8333333333333333,6.7,9.88466,2019.3333333333333333,27.6000000000000000,4.9333333333333333,32.5666666666666667
2016-07-01,6.6,2059.1739333333333333,151698.000000000000,62.8666666666666667,1332.2702333333333333,1743.1960000000001,11394.9000000000000000,8.3,33070662.0,78.405,1.5769230769230769,346.0,94365.000000000000,5.715,12841.1333333333333333,6.6333333333333333,6.8,9.941933,1948.6666666666666667,27.1666666666666667,4.9000000000000000,32.3666666666666667
2016-10-01,6.6,2085.3549000000000000,151968.000000000000,62.7333333333333333,1350.1803000000000000,1805.9589999999998,11521.0666666666666667,8.5,33457790.0,78.068,1.5,349.0,94938.000000000000,5.692,12979.5000000000000000,6.6333333333333333,6.9,9.910507,1890.3333333333333333,26.2666666666666667,4.7666666666666667,31.5000000000000000
2017-01-01,6.9,2078.0312666666666667,152538.000000000000,62.8666666666666667,1363.6521333333333333,1899.067,11676.5666666666666667,8.7,33984605.0,77.471,1.4583333333333333,352.0,94389.000000000000,5.622000000000001,13153.2000000000000000,6.9000000000000000,7.0,9.858286,1772.6666666666666667,25.4000000000000000,4.5666666666666667,30.9000000000000000
2017-04-01,7.4,2071.5308333333333333,153215.666666666667,62.8666666666666667,1370.9623333333333333,1885.4360000000001,11751.7333333333333333,9.0,34167883.0,77.721,1.4,353.0,94529.666666666667,5.545,13241.2666666666666667,7.3666666666666667,7.3,9.825557,1694.6666666666666667,24.6333333333333333,4.4000000000000000,30.2000000000000000
2017-07-01,7.5,2087.5702333333333333,153823.333333333333,62.9333333333333333,1385.8583000000000000,1934.366,11867.9333333333333333,9.1,34490926.0,77.459,1.4,352.0,94618.666666666667,5.507999999999999,13370.900000000000,7.4666666666666667,7.5,9.812182,1708.3333333333333333,25.1000000000000000,4.3000000000000000,30.3000000000000000
2017-10-01,7.0,2107.0711333333333333,153764.333333333333,62.7000000000000000,1419.7920000000000000,1768.632,12044.7666666666666667,9.4,35255510.0,77.258,1.3692307692307693,345.0,95507.333333333333,5.5120000000000005,13596.033333333333,7.0000000000000000,6.9,9.807286999999999,1567.3333333333333333,24.9666666666666667,4.1333333333333333,29.8333333333333333
2018-01-01,7.7,2117.2523000000000000,154978.333333333333,62.8666666666666667,1436.7635000000000000,1900.1870000000001,12182.9666666666666667,9.6,35838590.0,76.303,1.3230769230769233,351.0,95430.333333333333,5.5329999999999995,13755.566666666667,7.7000000000000000,7.0,9.71918,1403.3333333333333333,23.7666666666666667,4.0333333333333333,29.2333333333333333
2018-04-01,7.8,2176.6034666666666667,155606.333333333333,62.9333333333333333,1464.9235333333333333,1907.8470000000002,12348.8666666666666667,9.8,36453036.0,75.85300000000001,1.2307692307692308,351.0,95451.666666666667,5.6339999999999995,13939.866666666667,7.7666666666666667,6.8,9.684349000000001,1344.6666666666666667,21.7000000000000000,3.9333333333333333,27.9000000000000000
2018-07-01,7.9,2210.7615333333333333,155900.333333333333,62.8000000000000000,1477.3159333333333333,1907.514,12489.1333333333333333,9.9,36916678.0,76.056,1.2,354.0,96054.333333333333,5.6339999999999995,14086.266666666667,7.8666666666666667,7.1,9.688253,1349.6666666666666667,23.2666666666666667,3.7666666666666667,27.4000000000000000
2018-10-01,8.1,2272.1619000000000000,156549.666666666667,62.9000000000000000,1494.3144000000000000,1899.589,12593.3666666666666667,10.1,37205317.0,76.064,1.2,355.0,95934.333333333333,5.6,14191.433333333333,8.0333333333333333,6.6,9.716913,1298.0000000000000000,22.0000000000000000,3.8333333333333333,27.0333333333333333
2019-01-01,8.4,2336.8018000000000000,156779.333333333333,63.1000000000000000,1511.4163666666666667,1894.3670000000002,12699.5666666666666667,10.5,37377858.0,75.321,1.2,355.0,95353.000000000000,5.604,14276.600000000000,8.3666666666666667,7.0,9.750672,1292.0000000000000000,21.6000000000000000,3.8666666666666667,28.0333333333333333
2019-04-01,7.3,2338.1861666666666667,156918.333333333333,62.9000000000000000,1535.7123333333333333,1938.8929999999998,12887.3333333333333333,10.8,37709075.0,75.37100000000001,1.2,357.0,95987.000000000000,5.632999999999999,14497.333333333333,7.3000000000000000,6.8,9.81681,1338.6666666666666667,23.0333333333333333,3.6666666666666667,27.4666666666666667
2019-07-01,7.2,2358.1419333333333333,157902.666666666667,63.1333333333333333,1559.2005000000000000,1920.338,13030.6333333333333333,11.2,37991143.0,75.428,1.2,360.0,95630.000000000000,5.582000000000001,14645.333333333333,7.2000000000000000,6.8,9.842400999999999,1223.6666666666666667,21.4000000000000000,3.6000000000000000,27.6000000000000000
2019-10-01,7.3,2363.8403000000000000,158543.666666666667,63.2333333333333333,1583.0914666666666667,2000.736,13146.1666666666666667,11.3,38189854.0,75.462,1.2,362.0,95580.666666666667,5.486000000000001,14759.200000000000,7.3000000000000000,6.4,9.853071,1205.3333333333333333,20.7666666666666667,3.6000000000000000,27.9000000000000000
2020-01-01,9.6,2431.6499666666666667,157642.333333333333,63.1000000000000000,1600.7037333333333333,1739.1029999999998,12890.5666666666666667,11.8,37826784.0,76.45,1.5692307692307692,367.0,95754.666666666667,5.247000000000001,14545.466666666667,9.6000000000000000,6.6,9.772801,1154.0000000000000000,19.9000000000000000,3.8000000000000000,43.4333333333333333
2020-04-01,26.0,2967.9755666666666667,137564.666666666667,60.8000000000000000,1529.4472333333333333,1557.0639999999999,11519.7333333333333333,16.1,34260023.0,84.67200000000001,13.438461538461537,392.0,101890.666666666667,1.555,13097.3666666666666667,25.8000000000000000,5.7,8.797166,1188.3333333333333333,10.6666666666666667,13.0666666666666667,1084.5666666666666667
2020-07-01,15.7,2809.0195666666666667,146198.666666666667,61.5333333333333333,1517.4099000000000000,2118.856,12755.9666666666666667,14.2,36942491.0,79.36,9.792307692307693,384.0,100230.666666666667,1.248,14401.533333333333,15.7000000000000000,6.4,9.159511,1827.0000000000000000,19.4333333333333333,8.8000000000000000,775.1333333333333333
2020-10-01,13.0,2654.2818000000000000,149769.333333333333,61.5333333333333333,1520.5936000000000000,2082.47,12895.1000000000000000,14.0,37920463.0,,4.430769230769231,,100472.666666666667,1.22,14537.000000000000,13.0333333333333333,6.5,9.406957,3806.3333333333333333,22.6000000000000000,6.7666666666666667,296.4666666666666667
2021-01-01,,.,.,.,.,,.,,,,3.172727272727273,,.,,.,.,,,.,.,.,.
